/*******************************************************************************
 * Size: 28 px
 * Bpp: 1
 * Opts: --bpp 1 --size 28 --no-compress --font NotoSansJP-Regular.ttf --symbols !#$%&'()*+,-./0123456789:;<=>?@ABCDEFGHIJKLMNOPQRSTUVWXYZ[\]^_`abcdefghijklmnopqrstuvwxyz{|}~£¥·€、「」いえおかがきくけこさしすせただつてでとなにのはまみらりるれわをんァアィイウェエォカキクグコサザシジスズセタダチッツテデトドネバパビフブプベホポマミムメモャュョラリルレロワンー一上不中了事介件低住作使侵備免入公共出初利制削力功加効化単取受可合名告周問回在報変大失奨存完定密布引弱復必忘情意成所指接推敗数新方既明更最有期未格検標権止正法注派済源準為無版生用由画目知確禁秘約紋終経続署能脆致行複要規覚解言設証試認語警財責資超転追送通達重鍵開関限除電面項！＆？  --format lvgl -o ../gui_assets/font/ja/jaLittleTitle.c
 ******************************************************************************/

#ifdef LV_LVGL_H_INCLUDE_SIMPLE
#include "lvgl.h"
#else
#include "lvgl/lvgl.h"
#endif

#ifndef JALITTLETITLE
#define JALITTLETITLE 1
#endif

#if JALITTLETITLE

/*-----------------
 *    BITMAPS
 *----------------*/

/*Store the image of the glyphs*/
static LV_ATTRIBUTE_LARGE_CONST const uint8_t glyph_bitmap[] = {
    /* U+0020 " " */
    0x0,

    /* U+0021 "!" */
    0x6d, 0xb6, 0xdb, 0x6d, 0xb6, 0xd8, 0x1f, 0xf6,

    /* U+0023 "#" */
    0xc, 0x30, 0x30, 0xc0, 0xc3, 0x3, 0x8, 0xc,
    0x20, 0x20, 0x87, 0xff, 0xdf, 0xff, 0x8, 0x60,
    0x61, 0x81, 0x86, 0x6, 0x18, 0x18, 0x43, 0xff,
    0xef, 0xff, 0x84, 0x30, 0x10, 0xc0, 0xc3, 0x3,
    0xc, 0xc, 0x30, 0x30, 0x80,

    /* U+0024 "$" */
    0x6, 0x0, 0x60, 0x6, 0x0, 0x60, 0xf, 0x83,
    0xfe, 0x38, 0xe7, 0x0, 0x70, 0x7, 0x0, 0x70,
    0x7, 0x80, 0x3c, 0x1, 0xf0, 0xf, 0xc0, 0x3e,
    0x1, 0xe0, 0xf, 0x0, 0x70, 0x7, 0x0, 0x74,
    0x7, 0xf0, 0xe7, 0xfc, 0x1f, 0x80, 0x60, 0x6,
    0x0, 0x60,

    /* U+0025 "%" */
    0x3c, 0x0, 0xc0, 0x7f, 0x0, 0x80, 0x63, 0x1,
    0x80, 0xc1, 0x83, 0x0, 0xc1, 0x83, 0x0, 0xc1,
    0x86, 0x0, 0xc1, 0x86, 0x0, 0xc1, 0x8c, 0x0,
    0xc1, 0x8c, 0x78, 0xc3, 0x98, 0xfc, 0x63, 0x11,
    0x86, 0x7f, 0x33, 0x87, 0x3c, 0x23, 0x3, 0x0,
    0x63, 0x3, 0x0, 0x43, 0x3, 0x0, 0xc3, 0x3,
    0x1, 0x83, 0x3, 0x1, 0x83, 0x87, 0x3, 0x1,
    0x86, 0x2, 0x0, 0xfc, 0x6, 0x0, 0x78,

    /* U+0026 "&" */
    0x7, 0x80, 0x7, 0xe0, 0x7, 0x38, 0x3, 0xc,
    0x1, 0x86, 0x0, 0xc3, 0x0, 0x63, 0x0, 0x3b,
    0x80, 0xf, 0x80, 0x7, 0x0, 0x7, 0x80, 0xe7,
    0xe0, 0x67, 0x38, 0x37, 0xc, 0x33, 0x83, 0x19,
    0xc1, 0xf8, 0xe0, 0x7c, 0x78, 0x1e, 0x1e, 0x1f,
    0xc7, 0xfc, 0xf1, 0xf8, 0x18,

    /* U+0027 "'" */
    0xff, 0xff, 0xfa,

    /* U+0028 "(" */
    0x0, 0x61, 0x8c, 0x30, 0xc6, 0x18, 0x63, 0x8c,
    0x30, 0xc3, 0xc, 0x30, 0xc3, 0xc, 0x30, 0xc1,
    0x86, 0x18, 0x30, 0xc3, 0x6, 0x18, 0x0,

    /* U+0029 ")" */
    0x1, 0x86, 0xc, 0x30, 0xc1, 0x86, 0x18, 0x60,
    0xc3, 0xc, 0x30, 0xc3, 0xc, 0x30, 0xc3, 0x1c,
    0x61, 0x86, 0x30, 0xc3, 0x18, 0x60, 0x0,

    /* U+002A "*" */
    0x8, 0x4, 0x2, 0x1f, 0xf7, 0xf0, 0xe0, 0xf8,
    0x6c, 0x63, 0x0,

    /* U+002B "+" */
    0x3, 0x0, 0x18, 0x0, 0xc0, 0x6, 0x0, 0x30,
    0x1, 0x83, 0xff, 0xff, 0xff, 0x3, 0x0, 0x18,
    0x0, 0xc0, 0x6, 0x0, 0x30, 0x1, 0x80,

    /* U+002C "," */
    0x73, 0xde, 0x31, 0x99, 0xcc,

    /* U+002D "-" */
    0xff, 0xfc,

    /* U+002E "." */
    0xff, 0xa0,

    /* U+002F "/" */
    0x0, 0x40, 0x18, 0x3, 0x0, 0x60, 0x18, 0x3,
    0x0, 0x60, 0x18, 0x3, 0x0, 0x60, 0x8, 0x3,
    0x0, 0x60, 0xc, 0x3, 0x0, 0x60, 0xc, 0x3,
    0x0, 0x60, 0xc, 0x1, 0x0, 0x60, 0xc, 0x1,
    0x80, 0x60, 0xc, 0x1, 0x80, 0x60, 0x0,

    /* U+0030 "0" */
    0xf, 0x80, 0xfe, 0xe, 0x38, 0xe0, 0xe7, 0x7,
    0x30, 0x1b, 0x80, 0xfc, 0x7, 0xe0, 0x3f, 0x1,
    0xf8, 0xf, 0xc0, 0x7e, 0x3, 0xf0, 0x1f, 0x80,
    0xec, 0x6, 0x70, 0x73, 0x83, 0x8e, 0x38, 0x3f,
    0x80, 0xf8, 0x0,

    /* U+0031 "1" */
    0xe, 0xf, 0xc1, 0xf8, 0x7, 0x0, 0xe0, 0x1c,
    0x3, 0x80, 0x70, 0xe, 0x1, 0xc0, 0x38, 0x7,
    0x0, 0xe0, 0x1c, 0x3, 0x80, 0x70, 0xe, 0x1,
    0xc0, 0x38, 0x7f, 0xff, 0xfe,

    /* U+0032 "2" */
    0x1f, 0x83, 0xfe, 0x38, 0x79, 0x81, 0xe0, 0x7,
    0x0, 0x38, 0x1, 0xc0, 0xe, 0x0, 0x70, 0x7,
    0x0, 0x38, 0x3, 0x80, 0x3c, 0x1, 0xc0, 0x1c,
    0x1, 0xc0, 0x1c, 0x1, 0xc0, 0x1c, 0x1, 0xff,
    0xff, 0xff, 0x80,

    /* U+0033 "3" */
    0xf, 0xc1, 0xff, 0x1c, 0x1c, 0x40, 0x70, 0x3,
    0x80, 0x1c, 0x0, 0xe0, 0xe, 0x0, 0xe0, 0x7e,
    0x3, 0xf0, 0x1, 0xe0, 0x7, 0x0, 0x1c, 0x0,
    0xe0, 0x7, 0x0, 0x3b, 0x3, 0xdc, 0x3c, 0x7f,
    0xc0, 0xf8, 0x0,

    /* U+0034 "4" */
    0x0, 0xf0, 0x3, 0xc0, 0x1f, 0x0, 0xfc, 0x3,
    0x70, 0x1d, 0xc0, 0xe7, 0x3, 0x1c, 0x1c, 0x70,
    0xe1, 0xc3, 0x7, 0x1c, 0x1c, 0x60, 0x73, 0xff,
    0xff, 0xff, 0xc0, 0x1c, 0x0, 0x70, 0x1, 0xc0,
    0x7, 0x0, 0x1c, 0x0, 0x70,

    /* U+0035 "5" */
    0x3f, 0xf1, 0xff, 0x8c, 0x0, 0x60, 0x3, 0x0,
    0x18, 0x0, 0xc0, 0x6, 0xf8, 0x3f, 0xe1, 0x87,
    0x80, 0x1c, 0x0, 0x70, 0x3, 0x80, 0x1c, 0x0,
    0xe0, 0x7, 0x0, 0x7a, 0x3, 0xbc, 0x3c, 0xff,
    0xc1, 0xf8, 0x0,

    /* U+0036 "6" */
    0x7, 0xc0, 0xff, 0x8f, 0xc, 0x70, 0x7, 0x0,
    0x38, 0x3, 0x80, 0x1c, 0x0, 0xe7, 0xc7, 0x7f,
    0x3e, 0x3d, 0xe0, 0xfe, 0x3, 0xf0, 0x1f, 0x80,
    0xec, 0x7, 0x70, 0x3b, 0x83, 0x8e, 0x3c, 0x3f,
    0xc0, 0x78, 0x0,

    /* U+0037 "7" */
    0xff, 0xff, 0xff, 0xc0, 0xc, 0x0, 0xe0, 0xe,
    0x0, 0x60, 0x7, 0x0, 0x30, 0x3, 0x80, 0x1c,
    0x1, 0xc0, 0xe, 0x0, 0x70, 0x3, 0x80, 0x18,
    0x1, 0xc0, 0xe, 0x0, 0x70, 0x3, 0x80, 0x1c,
    0x0, 0xe0, 0x0,

    /* U+0038 "8" */
    0xf, 0x80, 0xff, 0xe, 0x18, 0xe0, 0xe7, 0x3,
    0x38, 0x19, 0xc0, 0xc7, 0x6, 0x1c, 0x60, 0x72,
    0x7, 0xf0, 0x73, 0xc7, 0x7, 0x70, 0x3f, 0x80,
    0xfc, 0x7, 0xe0, 0x3f, 0x83, 0xde, 0x3c, 0x7f,
    0xc0, 0xf8, 0x0,

    /* U+0039 "9" */
    0xf, 0x1, 0xfe, 0x1e, 0x38, 0xe0, 0xee, 0x7,
    0x70, 0x1b, 0x80, 0xfc, 0x7, 0xe0, 0x3f, 0x83,
    0xde, 0x3e, 0x7f, 0x71, 0xe3, 0x80, 0x1c, 0x0,
    0xc0, 0xe, 0x0, 0x70, 0x7, 0x1c, 0x78, 0xff,
    0x81, 0xf0, 0x0,

    /* U+003A ":" */
    0x5f, 0xf0, 0x0, 0x0, 0xf, 0xfa,

    /* U+003B ";" */
    0x63, 0x9c, 0xe0, 0x0, 0x0, 0x0, 0x0, 0x0,
    0x39, 0xef, 0x18, 0xcc, 0xe6, 0x0,

    /* U+003C "<" */
    0x0, 0xc, 0x1, 0xf0, 0x1f, 0x83, 0xf0, 0x3e,
    0x3, 0xe0, 0xe, 0x0, 0x3f, 0x0, 0x1f, 0x0,
    0x1f, 0x80, 0xf, 0xc0, 0xf, 0x0, 0x4,

    /* U+003D "=" */
    0xff, 0xff, 0xff, 0xc0, 0x0, 0x0, 0x0, 0x0,
    0x0, 0x0, 0x0, 0x1f, 0xff, 0xff, 0xf8,

    /* U+003E ">" */
    0xc0, 0x3, 0xc0, 0x7, 0xe0, 0x3, 0xe0, 0x3,
    0xf0, 0x1, 0xf0, 0x1, 0xc0, 0x3e, 0x7, 0xe0,
    0x7c, 0xf, 0xc0, 0x38, 0x0, 0x80, 0x0,

    /* U+003F "?" */
    0x1f, 0xf, 0xfb, 0x87, 0x20, 0x70, 0xe, 0x1,
    0xc0, 0x38, 0xe, 0x3, 0x80, 0xe0, 0x38, 0x6,
    0x0, 0xc0, 0x30, 0x0, 0x0, 0x0, 0x0, 0x3,
    0x80, 0x70, 0xe, 0x1, 0x80,

    /* U+0040 "@" */
    0x0, 0x7f, 0x0, 0x3, 0xff, 0x80, 0x1f, 0x3,
    0xc0, 0x78, 0x1, 0xc1, 0xc0, 0x1, 0x83, 0x0,
    0x3, 0x8c, 0x0, 0x3, 0x38, 0x1c, 0x87, 0x60,
    0x7f, 0x6, 0xc1, 0x8e, 0xf, 0x6, 0xc, 0x1e,
    0xc, 0x18, 0x3c, 0x30, 0x20, 0x78, 0x60, 0xc0,
    0xf0, 0xc1, 0x83, 0xe1, 0x83, 0x6, 0xc3, 0x6,
    0x1d, 0x87, 0x1c, 0x71, 0x87, 0xef, 0xc3, 0x7,
    0xf, 0x7, 0x0, 0x0, 0x7, 0x0, 0x0, 0x7,
    0x0, 0x0, 0x7, 0x81, 0x80, 0x7, 0xff, 0x0,
    0x3, 0xf8, 0x0,

    /* U+0041 "A" */
    0x1, 0xc0, 0x0, 0xe0, 0x0, 0xd8, 0x0, 0x6c,
    0x0, 0x36, 0x0, 0x3b, 0x80, 0x18, 0xc0, 0xc,
    0x60, 0xe, 0x38, 0x6, 0xc, 0x3, 0x6, 0x3,
    0x83, 0x81, 0xc1, 0xc0, 0xff, 0xe0, 0xff, 0xf8,
    0x70, 0x1c, 0x30, 0x6, 0x18, 0x3, 0x9c, 0x1,
    0xcc, 0x0, 0x66, 0x0, 0x38,

    /* U+0042 "B" */
    0xff, 0xc1, 0xff, 0xc3, 0x83, 0xc7, 0x1, 0xce,
    0x3, 0x9c, 0x7, 0x38, 0xe, 0x70, 0x38, 0xe0,
    0xf1, 0xff, 0x83, 0xff, 0xc7, 0x1, 0xee, 0x1,
    0xdc, 0x1, 0xf8, 0x3, 0xf0, 0x7, 0xe0, 0xf,
    0xc0, 0x3b, 0x80, 0xf7, 0xff, 0xcf, 0xfc, 0x0,

    /* U+0043 "C" */
    0x3, 0xf0, 0xf, 0xfc, 0x1e, 0xe, 0x38, 0x4,
    0x78, 0x0, 0x70, 0x0, 0x70, 0x0, 0xe0, 0x0,
    0xe0, 0x0, 0xe0, 0x0, 0xe0, 0x0, 0xe0, 0x0,
    0xe0, 0x0, 0xe0, 0x0, 0x70, 0x0, 0x70, 0x0,
    0x78, 0x0, 0x38, 0x6, 0x1e, 0xe, 0xf, 0xfc,
    0x3, 0xf0,

    /* U+0044 "D" */
    0xff, 0x81, 0xff, 0xc3, 0x83, 0xc7, 0x1, 0xce,
    0x1, 0xdc, 0x3, 0xb8, 0x7, 0xf0, 0x7, 0xe0,
    0xf, 0xc0, 0x1f, 0x80, 0x3f, 0x0, 0x7e, 0x0,
    0xfc, 0x1, 0xf8, 0x7, 0x70, 0xe, 0xe0, 0x3d,
    0xc0, 0x73, 0x83, 0xc7, 0xff, 0xf, 0xf8, 0x0,

    /* U+0045 "E" */
    0xff, 0xff, 0xff, 0xe0, 0xe, 0x0, 0xe0, 0xe,
    0x0, 0xe0, 0xe, 0x0, 0xe0, 0xf, 0xfe, 0xff,
    0xee, 0x0, 0xe0, 0xe, 0x0, 0xe0, 0xe, 0x0,
    0xe0, 0xe, 0x0, 0xe0, 0xf, 0xff, 0xff, 0xf0,

    /* U+0046 "F" */
    0xff, 0xff, 0xff, 0xe0, 0xe, 0x0, 0xe0, 0xe,
    0x0, 0xe0, 0xe, 0x0, 0xe0, 0xf, 0xfe, 0xff,
    0xee, 0x0, 0xe0, 0xe, 0x0, 0xe0, 0xe, 0x0,
    0xe0, 0xe, 0x0, 0xe0, 0xe, 0x0, 0xe0, 0x0,

    /* U+0047 "G" */
    0x3, 0xf8, 0xf, 0xfe, 0x1e, 0xe, 0x3c, 0x4,
    0x78, 0x0, 0x70, 0x0, 0x70, 0x0, 0xe0, 0x0,
    0xe0, 0x0, 0xe0, 0x0, 0xe0, 0x7f, 0xe0, 0x7f,
    0xe0, 0x7, 0xe0, 0x7, 0x70, 0x7, 0x70, 0x7,
    0x78, 0x7, 0x38, 0x7, 0x1e, 0xf, 0xf, 0xfe,
    0x3, 0xf8,

    /* U+0048 "H" */
    0xe0, 0xf, 0xc0, 0x1f, 0x80, 0x3f, 0x0, 0x7e,
    0x0, 0xfc, 0x1, 0xf8, 0x3, 0xf0, 0x7, 0xe0,
    0xf, 0xff, 0xff, 0xff, 0xff, 0x0, 0x7e, 0x0,
    0xfc, 0x1, 0xf8, 0x3, 0xf0, 0x7, 0xe0, 0xf,
    0xc0, 0x1f, 0x80, 0x3f, 0x0, 0x7e, 0x0, 0xe0,

    /* U+0049 "I" */
    0xff, 0xff, 0xff, 0xff, 0xff, 0xff, 0xff, 0xfe,

    /* U+004A "J" */
    0x0, 0x70, 0x7, 0x0, 0x70, 0x7, 0x0, 0x70,
    0x7, 0x0, 0x70, 0x7, 0x0, 0x70, 0x7, 0x0,
    0x70, 0x7, 0x0, 0x70, 0x7, 0x0, 0x70, 0x7,
    0x0, 0x76, 0xf, 0x70, 0xe3, 0xfc, 0x1f, 0x80,

    /* U+004B "K" */
    0xe0, 0x1c, 0xe0, 0x38, 0xe0, 0x38, 0xe0, 0x70,
    0xe0, 0xe0, 0xe1, 0xc0, 0xe3, 0x80, 0xe3, 0x80,
    0xe7, 0x0, 0xef, 0x80, 0xfd, 0xc0, 0xf9, 0xc0,
    0xf8, 0xe0, 0xf0, 0xe0, 0xe0, 0x70, 0xe0, 0x30,
    0xe0, 0x38, 0xe0, 0x1c, 0xe0, 0x1c, 0xe0, 0xe,
    0xe0, 0xe,

    /* U+004C "L" */
    0xe0, 0xe, 0x0, 0xe0, 0xe, 0x0, 0xe0, 0xe,
    0x0, 0xe0, 0xe, 0x0, 0xe0, 0xe, 0x0, 0xe0,
    0xe, 0x0, 0xe0, 0xe, 0x0, 0xe0, 0xe, 0x0,
    0xe0, 0xe, 0x0, 0xe0, 0xf, 0xff, 0xff, 0xf0,

    /* U+004D "M" */
    0xe0, 0x7, 0xf0, 0x3, 0xfc, 0x3, 0xfe, 0x1,
    0xff, 0x0, 0xfe, 0xc0, 0xdf, 0x60, 0x6f, 0xb0,
    0x37, 0xcc, 0x33, 0xe6, 0x19, 0xf3, 0xc, 0xf8,
    0xcc, 0x7c, 0x66, 0x3e, 0x33, 0x1f, 0xd, 0xf,
    0x87, 0x87, 0xc3, 0xc3, 0xe0, 0xc1, 0xf0, 0x60,
    0xf8, 0x0, 0x7c, 0x0, 0x38,

    /* U+004E "N" */
    0xf0, 0xf, 0xe0, 0x1f, 0xe0, 0x3f, 0xc0, 0x7f,
    0xc0, 0xfd, 0x81, 0xfb, 0x83, 0xf3, 0x7, 0xe7,
    0xf, 0xc6, 0x1f, 0x8e, 0x3f, 0xc, 0x7e, 0x1c,
    0xfc, 0x19, 0xf8, 0x3b, 0xf0, 0x37, 0xe0, 0x7f,
    0xc0, 0x7f, 0x80, 0xff, 0x0, 0xfe, 0x1, 0xe0,

    /* U+004F "O" */
    0x3, 0xf0, 0x3, 0xff, 0x1, 0xe1, 0xe0, 0xe0,
    0x1c, 0x70, 0x3, 0x9c, 0x0, 0xef, 0x0, 0x3b,
    0x80, 0x7, 0xe0, 0x1, 0xf8, 0x0, 0x7e, 0x0,
    0x1f, 0x80, 0x7, 0xe0, 0x1, 0xf8, 0x0, 0x77,
    0x0, 0x39, 0xc0, 0xe, 0x78, 0x7, 0x8e, 0x1,
    0xc1, 0xe1, 0xe0, 0x3f, 0xf0, 0x3, 0xf0, 0x0,

    /* U+0050 "P" */
    0xff, 0xc3, 0xff, 0xce, 0x7, 0xb8, 0xf, 0xe0,
    0x1f, 0x80, 0x7e, 0x1, 0xf8, 0x7, 0xe0, 0x1f,
    0x80, 0xee, 0x7, 0xbf, 0xfc, 0xff, 0xc3, 0x80,
    0xe, 0x0, 0x38, 0x0, 0xe0, 0x3, 0x80, 0xe,
    0x0, 0x38, 0x0, 0xe0, 0x0,

    /* U+0051 "Q" */
    0x3, 0xf0, 0x3, 0xff, 0x1, 0xe1, 0xe0, 0xe0,
    0x1c, 0x70, 0x3, 0x9c, 0x0, 0xef, 0x0, 0x3b,
    0x80, 0x7, 0xe0, 0x1, 0xf8, 0x0, 0x7e, 0x0,
    0x1f, 0x80, 0x7, 0xe0, 0x1, 0xf8, 0x0, 0x77,
    0x0, 0x39, 0xc0, 0xe, 0x78, 0x7, 0x8e, 0x1,
    0xc1, 0xe1, 0xe0, 0x3f, 0xf0, 0x3, 0xf0, 0x0,
    0x38, 0x0, 0x7, 0x0, 0x1, 0xe0, 0x0, 0x3f,
    0xc0, 0x3, 0xf0,

    /* U+0052 "R" */
    0xff, 0xc1, 0xff, 0xe3, 0x81, 0xe7, 0x1, 0xee,
    0x1, 0xdc, 0x3, 0xb8, 0x7, 0x70, 0xe, 0xe0,
    0x3d, 0xc0, 0xf3, 0xff, 0xc7, 0xfe, 0xe, 0x1c,
    0x1c, 0x38, 0x38, 0x38, 0x70, 0x70, 0xe0, 0x71,
    0xc0, 0xf3, 0x80, 0xe7, 0x1, 0xee, 0x1, 0xc0,

    /* U+0053 "S" */
    0x7, 0xc0, 0x7f, 0xc3, 0x83, 0x9c, 0x4, 0x70,
    0x1, 0xc0, 0x7, 0x0, 0x1e, 0x0, 0x3e, 0x0,
    0x7f, 0x0, 0xfe, 0x0, 0x7e, 0x0, 0x78, 0x0,
    0xf0, 0x1, 0xc0, 0x7, 0x0, 0x1d, 0x80, 0xff,
    0x87, 0x8f, 0xfc, 0xf, 0xc0,

    /* U+0054 "T" */
    0xff, 0xff, 0xff, 0xfc, 0xe, 0x0, 0x1c, 0x0,
    0x38, 0x0, 0x70, 0x0, 0xe0, 0x1, 0xc0, 0x3,
    0x80, 0x7, 0x0, 0xe, 0x0, 0x1c, 0x0, 0x38,
    0x0, 0x70, 0x0, 0xe0, 0x1, 0xc0, 0x3, 0x80,
    0x7, 0x0, 0xe, 0x0, 0x1c, 0x0, 0x38, 0x0,

    /* U+0055 "U" */
    0xe0, 0xf, 0xc0, 0x1f, 0x80, 0x3f, 0x0, 0x7e,
    0x0, 0xfc, 0x1, 0xf8, 0x3, 0xf0, 0x7, 0xe0,
    0xf, 0xc0, 0x1f, 0x80, 0x3f, 0x0, 0x7e, 0x0,
    0xfc, 0x1, 0xf8, 0x3, 0xf0, 0x7, 0x70, 0x1c,
    0xe0, 0x38, 0xe1, 0xe0, 0xff, 0x80, 0xfe, 0x0,

    /* U+0056 "V" */
    0xe0, 0x7, 0xe0, 0x7, 0x60, 0x6, 0x70, 0xe,
    0x70, 0xe, 0x30, 0xc, 0x38, 0xc, 0x38, 0x1c,
    0x18, 0x18, 0x1c, 0x18, 0x1c, 0x38, 0xc, 0x38,
    0xc, 0x30, 0xe, 0x30, 0x6, 0x70, 0x6, 0x60,
    0x6, 0x60, 0x7, 0xe0, 0x3, 0xc0, 0x3, 0xc0,
    0x3, 0xc0,

    /* U+0057 "W" */
    0xc0, 0x38, 0xf, 0xc0, 0x70, 0x1f, 0x80, 0xe0,
    0x37, 0x3, 0xc0, 0x66, 0x6, 0xc1, 0xcc, 0xd,
    0x83, 0x9c, 0x1b, 0x7, 0x38, 0x66, 0xc, 0x70,
    0xce, 0x18, 0x61, 0x8c, 0x30, 0xc3, 0x18, 0xe1,
    0xcc, 0x31, 0xc3, 0x98, 0x73, 0x3, 0x30, 0x66,
    0x6, 0x60, 0xcc, 0xd, 0x81, 0xb8, 0x1b, 0x3,
    0x70, 0x3e, 0x3, 0xc0, 0x3c, 0x7, 0x80, 0x78,
    0xf, 0x0, 0xe0, 0x1e, 0x0,

    /* U+0058 "X" */
    0x70, 0xe, 0x38, 0xc, 0x38, 0x1c, 0x1c, 0x18,
    0x1c, 0x38, 0xe, 0x30, 0xe, 0x70, 0x7, 0x60,
    0x3, 0xe0, 0x3, 0xc0, 0x3, 0xc0, 0x3, 0xc0,
    0x7, 0xe0, 0x6, 0x60, 0xe, 0x70, 0x1c, 0x38,
    0x1c, 0x38, 0x38, 0x1c, 0x38, 0x1c, 0x70, 0xe,
    0x60, 0xe,

    /* U+0059 "Y" */
    0xe0, 0xe, 0xc0, 0x19, 0xc0, 0x71, 0x80, 0xe3,
    0x83, 0x87, 0x7, 0x7, 0x1c, 0xe, 0x38, 0xe,
    0x60, 0x1d, 0xc0, 0x1b, 0x0, 0x3e, 0x0, 0x38,
    0x0, 0x70, 0x0, 0xe0, 0x1, 0xc0, 0x3, 0x80,
    0x7, 0x0, 0xe, 0x0, 0x1c, 0x0, 0x38, 0x0,

    /* U+005A "Z" */
    0x7f, 0xfd, 0xff, 0xf0, 0x3, 0x80, 0xe, 0x0,
    0x70, 0x1, 0x80, 0xe, 0x0, 0x70, 0x1, 0xc0,
    0xe, 0x0, 0x30, 0x1, 0xc0, 0xe, 0x0, 0x38,
    0x1, 0xc0, 0xe, 0x0, 0x38, 0x1, 0xc0, 0x7,
    0x0, 0x3f, 0xff, 0xff, 0xfc,

    /* U+005B "[" */
    0xff, 0xfc, 0x30, 0xc3, 0xc, 0x30, 0xc3, 0xc,
    0x30, 0xc3, 0xc, 0x30, 0xc3, 0xc, 0x30, 0xc3,
    0xc, 0x30, 0xc3, 0xf, 0xff,

    /* U+005C "\\" */
    0x40, 0xc, 0x1, 0x80, 0x30, 0x3, 0x0, 0x60,
    0xc, 0x0, 0xc0, 0x18, 0x3, 0x0, 0x20, 0x6,
    0x0, 0xc0, 0x18, 0x1, 0x80, 0x30, 0x6, 0x0,
    0x60, 0xc, 0x1, 0x80, 0x10, 0x3, 0x0, 0x60,
    0xc, 0x0, 0xc0, 0x18, 0x3, 0x0, 0x20,

    /* U+005D "]" */
    0xff, 0xf0, 0xc3, 0xc, 0x30, 0xc3, 0xc, 0x30,
    0xc3, 0xc, 0x30, 0xc3, 0xc, 0x30, 0xc3, 0xc,
    0x30, 0xc3, 0xc, 0x3f, 0xff,

    /* U+005E "^" */
    0x6, 0x0, 0xe0, 0xf, 0x1, 0xf0, 0x1b, 0x1,
    0x98, 0x31, 0x83, 0x1c, 0x30, 0xc6, 0xc, 0x60,
    0x6e, 0x6, 0xc0, 0x60,

    /* U+005F "_" */
    0xff, 0xff, 0xff, 0xfc,

    /* U+0060 "`" */
    0x43, 0x87, 0xe, 0x1c, 0x30, 0x0,

    /* U+0061 "a" */
    0xf, 0x87, 0xfe, 0x70, 0xe0, 0x7, 0x0, 0x70,
    0x7, 0x3, 0xf1, 0xff, 0x78, 0x7f, 0x7, 0xe0,
    0x7e, 0x7, 0xe0, 0xff, 0x1f, 0x7f, 0x73, 0xe7,

    /* U+0062 "b" */
    0xe0, 0x7, 0x0, 0x38, 0x1, 0xc0, 0xe, 0x0,
    0x70, 0x3, 0x80, 0x1c, 0xf8, 0xef, 0xe7, 0xc7,
    0xbc, 0x1d, 0xc0, 0x7e, 0x3, 0xf0, 0x1f, 0x80,
    0xfc, 0x7, 0xe0, 0x3f, 0x1, 0xf8, 0x1d, 0xc0,
    0xef, 0xe, 0x7f, 0xf3, 0x9e, 0x0,

    /* U+0063 "c" */
    0x7, 0xc1, 0xff, 0x3c, 0x27, 0x0, 0x70, 0xe,
    0x0, 0xe0, 0xe, 0x0, 0xe0, 0xe, 0x0, 0xe0,
    0x7, 0x0, 0x70, 0x3, 0xc3, 0x1f, 0xf0, 0xfc,

    /* U+0064 "d" */
    0x0, 0x1c, 0x0, 0x70, 0x1, 0xc0, 0x7, 0x0,
    0x1c, 0x0, 0x70, 0x1, 0xc3, 0xe7, 0x1f, 0xfc,
    0xf1, 0xf7, 0x1, 0xdc, 0x7, 0xe0, 0x1f, 0x80,
    0x7e, 0x1, 0xf8, 0x7, 0xe0, 0x1f, 0x80, 0x7f,
    0x1, 0xdc, 0xf, 0x78, 0x7c, 0xff, 0xf0, 0xf9,
    0xc0,

    /* U+0065 "e" */
    0xf, 0x80, 0xff, 0xe, 0x1c, 0xe0, 0x67, 0x1,
    0xf0, 0xf, 0x80, 0x7f, 0xff, 0xff, 0xff, 0x0,
    0x38, 0x0, 0xe0, 0x7, 0x0, 0x1e, 0x18, 0x7f,
    0xc0, 0xf8,

    /* U+0066 "f" */
    0xf, 0x8f, 0xcf, 0x7, 0x3, 0x81, 0xc0, 0xe1,
    0xfe, 0xff, 0x1c, 0xe, 0x7, 0x3, 0x81, 0xc0,
    0xe0, 0x70, 0x38, 0x1c, 0xe, 0x7, 0x3, 0x81,
    0xc0, 0xe0,

    /* U+0067 "g" */
    0x1f, 0xfc, 0xff, 0xf7, 0xe, 0x38, 0x1c, 0xe0,
    0x73, 0x81, 0xce, 0x7, 0x3c, 0x3c, 0x70, 0xe0,
    0xff, 0x3, 0xf8, 0x18, 0x0, 0x60, 0x1, 0xc0,
    0x7, 0xff, 0xf, 0xfe, 0x60, 0x3f, 0x0, 0x7c,
    0x1, 0xf0, 0xf, 0xf0, 0x79, 0xff, 0xc1, 0xfc,
    0x0,

    /* U+0068 "h" */
    0xe0, 0xe, 0x0, 0xe0, 0xe, 0x0, 0xe0, 0xe,
    0x0, 0xe0, 0xe, 0x7c, 0xef, 0xef, 0x8e, 0xf0,
    0x7e, 0x7, 0xe0, 0x7e, 0x7, 0xe0, 0x7e, 0x7,
    0xe0, 0x7e, 0x7, 0xe0, 0x7e, 0x7, 0xe0, 0x7e,
    0x7, 0xe0, 0x70,

    /* U+0069 "i" */
    0xff, 0x80, 0x7, 0xff, 0xff, 0xff, 0xff, 0xff,
    0xf8,

    /* U+006A "j" */
    0x1c, 0x71, 0xc0, 0x0, 0x0, 0x7, 0x1c, 0x71,
    0xc7, 0x1c, 0x71, 0xc7, 0x1c, 0x71, 0xc7, 0x1c,
    0x71, 0xc7, 0x1c, 0x71, 0xcf, 0xfb, 0xc0,

    /* U+006B "k" */
    0xe0, 0x7, 0x0, 0x38, 0x1, 0xc0, 0xe, 0x0,
    0x70, 0x3, 0x80, 0x1c, 0xe, 0xe0, 0xe7, 0x6,
    0x38, 0x71, 0xc7, 0xe, 0x70, 0x73, 0x3, 0xbc,
    0x1f, 0xf0, 0xf9, 0x87, 0x8e, 0x38, 0x31, 0xc1,
    0xce, 0x7, 0x70, 0x3b, 0x80, 0xe0,

    /* U+006C "l" */
    0xe7, 0x39, 0xce, 0x73, 0x9c, 0xe7, 0x39, 0xce,
    0x73, 0x9c, 0xe7, 0x39, 0xce, 0x79, 0xe0,

    /* U+006D "m" */
    0xe7, 0xc3, 0xe7, 0x7f, 0x3f, 0xbe, 0x3b, 0x1d,
    0xe0, 0xf0, 0x7e, 0x7, 0x3, 0xf0, 0x38, 0x1f,
    0x81, 0xc0, 0xfc, 0xe, 0x7, 0xe0, 0x70, 0x3f,
    0x3, 0x81, 0xf8, 0x1c, 0xf, 0xc0, 0xe0, 0x7e,
    0x7, 0x3, 0xf0, 0x38, 0x1f, 0x81, 0xc0, 0xfc,
    0xe, 0x7,

    /* U+006E "n" */
    0xe7, 0xce, 0xfe, 0xf8, 0xef, 0x7, 0xe0, 0x7e,
    0x7, 0xe0, 0x7e, 0x7, 0xe0, 0x7e, 0x7, 0xe0,
    0x7e, 0x7, 0xe0, 0x7e, 0x7, 0xe0, 0x7e, 0x7,

    /* U+006F "o" */
    0xf, 0xc0, 0x7f, 0x83, 0x87, 0x1c, 0xe, 0x70,
    0x3b, 0x80, 0x7e, 0x1, 0xf8, 0x7, 0xe0, 0x1f,
    0x80, 0x7e, 0x1, 0xdc, 0xe, 0x70, 0x38, 0xe1,
    0xc1, 0xfe, 0x3, 0xf0,

    /* U+0070 "p" */
    0xe7, 0xc7, 0xff, 0x3e, 0x3d, 0xe0, 0xee, 0x3,
    0xf0, 0x1f, 0x80, 0xfc, 0x7, 0xe0, 0x3f, 0x1,
    0xf8, 0xf, 0xc0, 0xee, 0x7, 0x78, 0x73, 0xff,
    0x9c, 0xf0, 0xe0, 0x7, 0x0, 0x38, 0x1, 0xc0,
    0xe, 0x0, 0x70, 0x3, 0x80, 0x0,

    /* U+0071 "q" */
    0xf, 0x9c, 0x7f, 0xf3, 0xc7, 0xdc, 0x7, 0x70,
    0x1f, 0x80, 0x7e, 0x1, 0xf8, 0x7, 0xe0, 0x1f,
    0x80, 0x7e, 0x1, 0xfc, 0x7, 0x70, 0x3d, 0xe1,
    0xf3, 0xfd, 0xc3, 0xe7, 0x0, 0x1c, 0x0, 0x70,
    0x1, 0xc0, 0x7, 0x0, 0x1c, 0x0, 0x70, 0x1,
    0xc0,

    /* U+0072 "r" */
    0xe7, 0xf7, 0xbe, 0x1e, 0xf, 0x7, 0x3, 0x81,
    0xc0, 0xe0, 0x70, 0x38, 0x1c, 0xe, 0x7, 0x3,
    0x81, 0xc0,

    /* U+0073 "s" */
    0xf, 0x83, 0xfe, 0x78, 0x67, 0x0, 0x70, 0x7,
    0x80, 0x3c, 0x1, 0xf8, 0x7, 0xe0, 0x1e, 0x0,
    0x70, 0x7, 0x40, 0x7f, 0xe, 0x7f, 0xe1, 0xf8,

    /* U+0074 "t" */
    0x38, 0x1c, 0xe, 0x7, 0x3, 0x87, 0xff, 0xfe,
    0x70, 0x38, 0x1c, 0xe, 0x7, 0x3, 0x81, 0xc0,
    0xe0, 0x70, 0x38, 0x1c, 0xf, 0x3, 0xf0, 0xf8,

    /* U+0075 "u" */
    0xe0, 0x7e, 0x7, 0xe0, 0x7e, 0x7, 0xe0, 0x7e,
    0x7, 0xe0, 0x7e, 0x7, 0xe0, 0x7e, 0x7, 0xe0,
    0x7e, 0x7, 0xe0, 0xf7, 0x1f, 0x7f, 0x73, 0xe7,

    /* U+0076 "v" */
    0x60, 0xd, 0xc0, 0x77, 0x1, 0x8c, 0x6, 0x30,
    0x38, 0xe0, 0xc1, 0x83, 0x6, 0x1c, 0x1c, 0x60,
    0x31, 0x80, 0xce, 0x3, 0xb0, 0x6, 0xc0, 0x1f,
    0x0, 0x78, 0x0, 0xe0,

    /* U+0077 "w" */
    0xc0, 0x70, 0x3f, 0x3, 0x81, 0xb8, 0x3c, 0xc,
    0xc1, 0xe0, 0xe6, 0xd, 0x87, 0x38, 0x6c, 0x31,
    0xc6, 0x61, 0x86, 0x33, 0x1c, 0x31, 0x8c, 0xe1,
    0xcc, 0x66, 0x6, 0xc3, 0x30, 0x36, 0x19, 0x81,
    0xb0, 0x7c, 0xd, 0x83, 0xc0, 0x38, 0x1e, 0x1,
    0xc0, 0xf0,

    /* U+0078 "x" */
    0x70, 0x38, 0xc0, 0xc3, 0x87, 0x7, 0x18, 0xc,
    0xe0, 0x3b, 0x0, 0x78, 0x1, 0xe0, 0x7, 0x80,
    0x3f, 0x0, 0xdc, 0x7, 0x38, 0x18, 0x60, 0xc1,
    0xc7, 0x3, 0x98, 0xe,

    /* U+0079 "y" */
    0x60, 0xd, 0xc0, 0x77, 0x1, 0x8c, 0x6, 0x38,
    0x38, 0xe0, 0xc1, 0x83, 0x7, 0x1c, 0xc, 0x60,
    0x31, 0x80, 0xe6, 0x1, 0xb0, 0x6, 0xc0, 0x1f,
    0x0, 0x38, 0x0, 0xe0, 0x3, 0x80, 0xe, 0x0,
    0x30, 0x1, 0xc0, 0xe, 0x1, 0xf0, 0x7, 0x80,
    0x0,

    /* U+007A "z" */
    0x7f, 0xe7, 0xfe, 0x0, 0xc0, 0x1c, 0x3, 0x80,
    0x30, 0x7, 0x0, 0xe0, 0xe, 0x1, 0xc0, 0x18,
    0x3, 0x80, 0x70, 0x7, 0x0, 0xff, 0xff, 0xff,

    /* U+007B "{" */
    0xf, 0x1f, 0x1c, 0x18, 0x18, 0x18, 0x18, 0x18,
    0x18, 0x18, 0x18, 0x18, 0x38, 0xf0, 0xf0, 0x38,
    0x18, 0x18, 0x18, 0x18, 0x18, 0x18, 0x18, 0x18,
    0x18, 0x1c, 0x1f, 0xf,

    /* U+007C "|" */
    0xff, 0xff, 0xff, 0xff, 0xff, 0xff, 0xff, 0xff,

    /* U+007D "}" */
    0xf0, 0xf8, 0x38, 0x18, 0x18, 0x18, 0x18, 0x18,
    0x18, 0x18, 0x18, 0x18, 0x1c, 0xf, 0xf, 0x1c,
    0x18, 0x18, 0x18, 0x18, 0x18, 0x18, 0x18, 0x18,
    0x18, 0x38, 0xf8, 0xf0,

    /* U+007E "~" */
    0x3c, 0x3, 0xf0, 0x79, 0xc6, 0x87, 0xe0, 0xe,
    0x0,

    /* U+00A3 "£" */
    0x7, 0xc0, 0xfe, 0x1c, 0x33, 0xc0, 0x38, 0x3,
    0x80, 0x38, 0x3, 0x80, 0x38, 0x3, 0x80, 0xff,
    0xcf, 0xfc, 0x1c, 0x1, 0xc0, 0x1c, 0x1, 0xc0,
    0x3c, 0x3, 0x80, 0x70, 0xf, 0xff, 0xff, 0xf0,

    /* U+00A5 "¥" */
    0xe0, 0xe, 0xc0, 0x19, 0xc0, 0x71, 0x80, 0xc3,
    0x83, 0x83, 0x6, 0x7, 0x1c, 0x6, 0x30, 0xe,
    0x60, 0xd, 0x80, 0x1b, 0x3, 0xff, 0xe7, 0xff,
    0xc0, 0x70, 0x1f, 0xff, 0x3f, 0xfe, 0x3, 0x80,
    0x7, 0x0, 0xe, 0x0, 0x1c, 0x0, 0x38, 0x0,

    /* U+00B7 "·" */
    0xdf, 0xe0,

    /* U+20AC "€" */
    0x1, 0xf0, 0xf, 0xf8, 0x3c, 0x38, 0x70, 0x21,
    0xc0, 0x3, 0x80, 0xe, 0x0, 0x1c, 0x0, 0xff,
    0xf9, 0xff, 0xf0, 0xe0, 0x7, 0xff, 0x8f, 0xff,
    0x7, 0x0, 0xe, 0x0, 0xe, 0x0, 0x1c, 0x0,
    0x1c, 0x8, 0x3c, 0x38, 0x3f, 0xe0, 0x1f, 0x0,

    /* U+3001 "、" */
    0x60, 0x38, 0xe, 0x3, 0x80, 0xe0, 0x38, 0xc,
    0x0,

    /* U+300C "「" */
    0xff, 0xff, 0xf0, 0x18, 0xc, 0x6, 0x3, 0x1,
    0x80, 0xc0, 0x60, 0x30, 0x18, 0xc, 0x6, 0x3,
    0x1, 0x80, 0xc0, 0x60, 0x0,

    /* U+300D "」" */
    0x1, 0x80, 0xc0, 0x60, 0x30, 0x18, 0xc, 0x6,
    0x3, 0x1, 0x80, 0xc0, 0x60, 0x30, 0x18, 0xc,
    0x6, 0x3, 0xff, 0xff, 0xc0,

    /* U+3044 "い" */
    0xc0, 0x0, 0x3, 0x0, 0x6, 0xc, 0x0, 0x1c,
    0x30, 0x0, 0x38, 0xc0, 0x0, 0x63, 0x0, 0x1,
    0x8c, 0x0, 0x7, 0x30, 0x0, 0xc, 0xc0, 0x0,
    0x3b, 0x0, 0x0, 0xec, 0x0, 0x1, 0xb0, 0x10,
    0x6, 0x60, 0x60, 0x19, 0x81, 0x80, 0x76, 0xe,
    0x1, 0xcc, 0x30, 0x0, 0x39, 0xc0, 0x0, 0x7e,
    0x0, 0x0, 0xf0, 0x0, 0x0,

    /* U+3048 "え" */
    0x3, 0xe0, 0x0, 0x1f, 0xfe, 0x0, 0x1, 0xf8,
    0x0, 0x0, 0x0, 0x0, 0x0, 0x0, 0x0, 0x0,
    0x0, 0x0, 0x30, 0xf, 0xff, 0xe0, 0x3f, 0xff,
    0x0, 0x0, 0x38, 0x0, 0x1, 0xc0, 0x0, 0xe,
    0x0, 0x0, 0x70, 0x0, 0x3, 0x80, 0x0, 0x1f,
    0x80, 0x0, 0xff, 0x0, 0x7, 0x1c, 0x0, 0x38,
    0x30, 0x0, 0xc0, 0xc0, 0x7, 0x3, 0x80, 0x38,
    0x6, 0x1, 0xc0, 0x1f, 0xf6, 0x0, 0x3f, 0xc0,

    /* U+304A "お" */
    0x3, 0x0, 0x0, 0x6, 0x0, 0x0, 0xc, 0x0,
    0x0, 0x18, 0x2, 0x0, 0x33, 0xcf, 0x1f, 0xff,
    0x87, 0x3f, 0xf0, 0x7, 0x81, 0x80, 0x3, 0x3,
    0x0, 0x0, 0x6, 0x0, 0x0, 0xc, 0xfe, 0x0,
    0x1f, 0xff, 0x0, 0x7c, 0x7, 0x3, 0xe0, 0x7,
    0xe, 0xc0, 0x6, 0x39, 0x80, 0xc, 0xe3, 0x0,
    0x19, 0x86, 0x0, 0x33, 0xc, 0x0, 0xc6, 0x18,
    0x3, 0x86, 0x30, 0x1e, 0x7, 0xe3, 0xf8, 0x3,
    0x87, 0x80, 0x0,

    /* U+304B "か" */
    0x0, 0xc0, 0x0, 0x0, 0x60, 0x0, 0x0, 0x30,
    0x0, 0x0, 0x18, 0x0, 0x0, 0xc, 0x3, 0x80,
    0xe, 0x0, 0xc0, 0xf, 0xf8, 0x70, 0xff, 0xfe,
    0x18, 0x7d, 0x83, 0x8e, 0x1, 0xc0, 0xc3, 0x0,
    0xc0, 0x61, 0xc0, 0x60, 0x30, 0x60, 0x70, 0x18,
    0x38, 0x30, 0xc, 0xc, 0x18, 0x6, 0x0, 0x1c,
    0x3, 0x0, 0xc, 0x3, 0x80, 0x6, 0x1, 0x80,
    0x7, 0x0, 0xc0, 0x3, 0x0, 0x60, 0x3, 0x80,
    0x60, 0x3, 0x87, 0xf0, 0x0, 0x83, 0xf0, 0x0,

    /* U+304C "が" */
    0x0, 0x0, 0x3, 0x0, 0x30, 0x6, 0x60, 0xc,
    0x0, 0x98, 0x3, 0x0, 0x33, 0x0, 0xc0, 0x6,
    0x0, 0x30, 0xc, 0x0, 0x1c, 0x1, 0x80, 0x7,
    0xf8, 0x70, 0x7f, 0xff, 0xc, 0x1f, 0x60, 0xe3,
    0x80, 0x38, 0x18, 0x60, 0xc, 0x6, 0x1c, 0x3,
    0x1, 0x83, 0x1, 0xc0, 0x60, 0xe0, 0x60, 0x18,
    0x18, 0x18, 0x6, 0x0, 0xe, 0x1, 0x80, 0x3,
    0x0, 0x60, 0x0, 0xc0, 0x30, 0x0, 0x70, 0xc,
    0x0, 0x18, 0x3, 0x0, 0xe, 0x1, 0xc0, 0x7,
    0xf, 0xe0, 0x0, 0xc3, 0xf0, 0x0,

    /* U+304D "き" */
    0x0, 0x0, 0x0, 0x6, 0x0, 0x0, 0x70, 0x0,
    0x3, 0x7c, 0x7f, 0xff, 0xc7, 0xff, 0xc0, 0x0,
    0x18, 0x0, 0x1, 0x80, 0x0, 0x18, 0x0, 0x0,
    0xdf, 0xff, 0xff, 0xff, 0xff, 0xf0, 0x0, 0x6,
    0x0, 0x0, 0x70, 0x0, 0x3, 0x2, 0x3, 0x98,
    0x70, 0x3f, 0x86, 0x0, 0x18, 0x60, 0x0, 0x6,
    0x0, 0x0, 0x70, 0x0, 0x3, 0x80, 0x0, 0x1f,
    0xff, 0x0, 0x7f, 0xf0,

    /* U+304F "く" */
    0x0, 0x0, 0x0, 0x60, 0x3, 0xc0, 0x1c, 0x0,
    0xe0, 0x7, 0x0, 0x78, 0x3, 0xc0, 0x1c, 0x0,
    0xe0, 0x7, 0x0, 0x38, 0x0, 0xe0, 0x3, 0x80,
    0x7, 0x80, 0xf, 0x0, 0x1e, 0x0, 0x1c, 0x0,
    0x38, 0x0, 0x78, 0x0, 0xf0, 0x1, 0xe0, 0x3,
    0xc0, 0x7, 0x0, 0x8,

    /* U+3051 "け" */
    0x70, 0x0, 0xc0, 0xc0, 0x1, 0x81, 0x80, 0x3,
    0x3, 0x0, 0x6, 0x6, 0x0, 0xc, 0xc, 0x0,
    0x18, 0xd0, 0x3f, 0xff, 0xe0, 0x7f, 0xfe, 0xc0,
    0x0, 0xc1, 0x80, 0x1, 0x83, 0x0, 0x3, 0x6,
    0x0, 0x6, 0xc, 0x0, 0xc, 0x19, 0x0, 0x18,
    0x36, 0x0, 0x30, 0x6c, 0x0, 0x60, 0xd0, 0x1,
    0xc1, 0xe0, 0x3, 0x1, 0xc0, 0xe, 0x3, 0x0,
    0x38, 0x6, 0x0, 0xf0, 0xc, 0x3, 0xc0, 0x0,
    0x7, 0x0, 0x0,

    /* U+3053 "こ" */
    0x3f, 0xff, 0xf, 0xff, 0xc0, 0x0, 0x0, 0x0,
    0x0, 0x0, 0x0, 0x0, 0x0, 0x0, 0x0, 0x0,
    0x0, 0x0, 0x0, 0x0, 0x0, 0x0, 0x0, 0x0,
    0x3, 0x0, 0x0, 0xc0, 0x0, 0x30, 0x0, 0xc,
    0x0, 0x3, 0x0, 0x0, 0xe0, 0x0, 0x1e, 0x0,
    0x73, 0xff, 0xfc, 0x1f, 0xfe,

    /* U+3055 "さ" */
    0x0, 0x30, 0x0, 0x3, 0x0, 0x0, 0x38, 0x0,
    0x1, 0x80, 0x0, 0x19, 0xff, 0xff, 0xff, 0xff,
    0xfe, 0x0, 0x0, 0xc0, 0x0, 0x6, 0x0, 0x0,
    0x60, 0x0, 0x3, 0x0, 0x0, 0x38, 0x0, 0x1,
    0x83, 0x3, 0xfc, 0x30, 0x3f, 0xc6, 0x0, 0x0,
    0x60, 0x0, 0x6, 0x0, 0x0, 0x60, 0x0, 0x7,
    0x0, 0x0, 0x3c, 0x0, 0x81, 0xff, 0xf8, 0x3,
    0xff, 0x0,

    /* U+3057 "し" */
    0xc0, 0x0, 0x30, 0x0, 0xc, 0x0, 0x3, 0x0,
    0x0, 0xc0, 0x0, 0x30, 0x0, 0xc, 0x0, 0x3,
    0x0, 0x0, 0xc0, 0x0, 0x30, 0x0, 0xc, 0x0,
    0x3, 0x0, 0x0, 0xc0, 0x0, 0x30, 0x0, 0xc,
    0x0, 0x3, 0x0, 0x2, 0xc0, 0x1, 0xf0, 0x0,
    0x7c, 0x0, 0x3b, 0x80, 0x3c, 0x70, 0x3e, 0xf,
    0xfe, 0x0, 0xfe, 0x0,

    /* U+3059 "す" */
    0x0, 0xc, 0x0, 0x0, 0x18, 0x0, 0x0, 0x30,
    0x0, 0x0, 0x60, 0xf, 0xff, 0xff, 0xff, 0xff,
    0xff, 0xc0, 0x3, 0x0, 0x0, 0x6, 0x0, 0x0,
    0xfc, 0x0, 0x7, 0xf8, 0x0, 0xc, 0x30, 0x0,
    0x30, 0x70, 0x0, 0x60, 0x60, 0x0, 0xc0, 0xc0,
    0x1, 0x83, 0x80, 0x1, 0x87, 0x0, 0x3, 0xfe,
    0x0, 0x3, 0xf8, 0x0, 0x0, 0x70, 0x0, 0x1,
    0xc0, 0x0, 0x7, 0x0, 0x0, 0x3c, 0x0, 0x1,
    0xf0, 0x0, 0x1, 0x80, 0x0,

    /* U+305B "せ" */
    0x0, 0x0, 0x60, 0x3, 0x0, 0x60, 0x3, 0x0,
    0x60, 0x3, 0x0, 0x60, 0x3, 0x0, 0x60, 0x3,
    0x0, 0x60, 0x3, 0x3, 0xff, 0x1f, 0xff, 0xff,
    0xff, 0xf8, 0x60, 0xfb, 0x0, 0x60, 0x3, 0x0,
    0x60, 0x3, 0x0, 0x60, 0x3, 0x0, 0x60, 0x3,
    0x0, 0x60, 0x3, 0x7, 0xe0, 0x3, 0x7, 0xc0,
    0x3, 0x0, 0x0, 0x3, 0x0, 0x0, 0x3, 0x0,
    0x0, 0x3, 0x80, 0x0, 0x1, 0xff, 0xf8, 0x0,
    0x7f, 0xf8,

    /* U+305F "た" */
    0x1, 0xc0, 0x0, 0x6, 0x0, 0x0, 0x18, 0x0,
    0x0, 0x60, 0x0, 0x3, 0xfc, 0x3, 0xff, 0xf0,
    0xf, 0xfc, 0x0, 0x0, 0xc0, 0x0, 0x7, 0xf,
    0xfc, 0x18, 0x3f, 0xf0, 0x60, 0x0, 0x1, 0x80,
    0x0, 0xe, 0x0, 0x0, 0x30, 0x0, 0x0, 0xc0,
    0x0, 0x7, 0xe, 0x0, 0x18, 0x30, 0x0, 0xe0,
    0xc0, 0x3, 0x83, 0x80, 0xc, 0x7, 0x0, 0x70,
    0x1f, 0xfd, 0x80, 0x1f, 0xf0,

    /* U+3060 "だ" */
    0x1, 0xc0, 0x6, 0x0, 0xc0, 0x13, 0x0, 0x60,
    0xc, 0xc0, 0x30, 0x3, 0x20, 0x3f, 0xc1, 0x87,
    0xff, 0xe0, 0x3, 0xff, 0x0, 0x0, 0x6, 0x0,
    0x0, 0x3, 0x0, 0x0, 0x3, 0x87, 0xfe, 0x1,
    0x83, 0xff, 0x0, 0xc0, 0x0, 0x0, 0xe0, 0x0,
    0x0, 0x70, 0x0, 0x0, 0x30, 0x0, 0x0, 0x38,
    0x0, 0x0, 0x1c, 0x38, 0x0, 0xc, 0x18, 0x0,
    0xe, 0xc, 0x0, 0x7, 0x7, 0x0, 0x3, 0x1,
    0xc0, 0x23, 0x80, 0xff, 0xf1, 0x80, 0x1f, 0xf8,

    /* U+3064 "つ" */
    0x0, 0x1f, 0xc0, 0x3, 0xff, 0xe0, 0x3f, 0x80,
    0xe7, 0xf8, 0x0, 0xe7, 0x80, 0x0, 0xe8, 0x0,
    0x0, 0xc0, 0x0, 0x1, 0x80, 0x0, 0x3, 0x0,
    0x0, 0x6, 0x0, 0x0, 0xc, 0x0, 0x0, 0x30,
    0x0, 0x0, 0xe0, 0x0, 0x3, 0x80, 0x0, 0x1e,
    0x0, 0x1, 0xf0, 0x0, 0xff, 0x80, 0x0, 0xf8,
    0x0,

    /* U+3066 "て" */
    0x0, 0x7, 0xfc, 0xff, 0xff, 0xff, 0xff, 0x70,
    0x38, 0x3, 0x0, 0x0, 0x18, 0x0, 0x0, 0xc0,
    0x0, 0x7, 0x0, 0x0, 0x18, 0x0, 0x0, 0xe0,
    0x0, 0x3, 0x0, 0x0, 0xc, 0x0, 0x0, 0x30,
    0x0, 0x0, 0xc0, 0x0, 0x3, 0x0, 0x0, 0xe,
    0x0, 0x0, 0x18, 0x0, 0x0, 0x70, 0x0, 0x0,
    0xe0, 0x0, 0x1, 0xf0, 0x0, 0x1, 0xf8, 0x0,
    0x1, 0xe0,

    /* U+3067 "で" */
    0x0, 0xf, 0xfc, 0x7f, 0xff, 0xfb, 0xff, 0x9c,
    0x7, 0x0, 0x60, 0x0, 0x1, 0x80, 0x80, 0x6,
    0x1, 0x80, 0x18, 0x19, 0x0, 0x30, 0x33, 0x0,
    0xe0, 0x32, 0x1, 0x80, 0x60, 0x3, 0x0, 0x0,
    0x6, 0x0, 0x0, 0xc, 0x0, 0x0, 0x18, 0x0,
    0x0, 0x38, 0x0, 0x0, 0x30, 0x0, 0x0, 0x70,
    0x0, 0x0, 0x70, 0x0, 0x0, 0x7c, 0x0, 0x0,
    0x3f, 0x0, 0x0, 0x1e, 0x0,

    /* U+3068 "と" */
    0x60, 0x0, 0x18, 0x0, 0x7, 0x0, 0x0, 0xc0,
    0x4, 0x38, 0x7, 0x86, 0x7, 0x81, 0xc7, 0xc0,
    0x37, 0xc0, 0xf, 0xc0, 0x3, 0xc0, 0x1, 0xc0,
    0x0, 0xe0, 0x0, 0x70, 0x0, 0x18, 0x0, 0xc,
    0x0, 0x3, 0x0, 0x0, 0xc0, 0x0, 0x30, 0x0,
    0xe, 0x0, 0x1, 0xe0, 0x7, 0x3f, 0xff, 0xc1,
    0xff, 0xe0,

    /* U+306A "な" */
    0x1, 0xc0, 0x0, 0x3, 0x0, 0x0, 0x6, 0x0,
    0x0, 0xc, 0x0, 0x0, 0x1f, 0x88, 0x1f, 0xff,
    0x3c, 0x3f, 0xe0, 0x1e, 0x3, 0x80, 0x1e, 0x6,
    0x0, 0xc, 0xc, 0x6, 0x8, 0x30, 0xc, 0x0,
    0x60, 0x18, 0x1, 0x80, 0x30, 0x7, 0x0, 0x60,
    0xc, 0x0, 0xc0, 0x38, 0x3f, 0x80, 0xe1, 0xff,
    0xc0, 0x87, 0x7, 0xe0, 0xc, 0xd, 0xe0, 0x18,
    0x18, 0xe0, 0x38, 0x70, 0x80, 0x3f, 0xc0, 0x0,
    0x1f, 0x0, 0x0,

    /* U+306B "に" */
    0x60, 0x0, 0x1, 0xc0, 0x0, 0x6, 0x0, 0x0,
    0x18, 0x1f, 0xfe, 0x60, 0x7f, 0xf9, 0x80, 0x0,
    0x6, 0x0, 0x0, 0x38, 0x0, 0x0, 0xc0, 0x0,
    0x3, 0x0, 0x0, 0xc, 0x0, 0x0, 0x30, 0x0,
    0x0, 0xc0, 0x0, 0x3, 0x0, 0x0, 0xd, 0x8c,
    0x0, 0x36, 0x30, 0x0, 0xd0, 0xc0, 0x3, 0xc3,
    0x0, 0xf, 0xc, 0x0, 0x38, 0x3c, 0x3, 0xe0,
    0x7f, 0xfd, 0x80, 0x7f, 0xe6, 0x0, 0x0, 0x0,

    /* U+306E "の" */
    0x0, 0x7f, 0x0, 0x7, 0xff, 0x80, 0x1e, 0x63,
    0xc0, 0xf0, 0xc1, 0xc3, 0x81, 0x81, 0x86, 0x7,
    0x1, 0x9c, 0xc, 0x3, 0x30, 0x18, 0x3, 0xc0,
    0x30, 0x7, 0x80, 0xe0, 0xf, 0x1, 0x80, 0x1e,
    0x3, 0x0, 0x3c, 0xe, 0x0, 0x78, 0x18, 0x1,
    0x98, 0x70, 0x7, 0x39, 0xc0, 0x1c, 0x3f, 0x0,
    0x78, 0x3c, 0x7, 0xc0, 0x0, 0x3f, 0x0, 0x0,
    0x70, 0x0,

    /* U+306F "は" */
    0x70, 0x0, 0xc0, 0x60, 0x0, 0xc0, 0x60, 0x0,
    0xc0, 0x60, 0x0, 0xc0, 0x60, 0x0, 0xc6, 0x60,
    0xff, 0xfe, 0x60, 0xff, 0xfc, 0xc0, 0x0, 0xc0,
    0xc0, 0x0, 0xc0, 0xc0, 0x0, 0xc0, 0xc0, 0x0,
    0xc0, 0xc0, 0x0, 0xc0, 0xc0, 0x0, 0xc0, 0xc8,
    0x0, 0xc0, 0xd8, 0x3f, 0xc0, 0xd0, 0xc0, 0xf0,
    0xf1, 0x80, 0xf8, 0xf1, 0x80, 0xde, 0xe1, 0x80,
    0xc6, 0xe1, 0xc1, 0xc2, 0x60, 0xff, 0x80, 0x60,
    0x3f, 0x0,

    /* U+307E "ま" */
    0x0, 0x60, 0x0, 0xc, 0x0, 0x1, 0x80, 0x7f,
    0xff, 0xef, 0xff, 0xfc, 0x0, 0xc0, 0x0, 0x18,
    0x0, 0x3, 0x0, 0x0, 0x60, 0x7f, 0xff, 0xff,
    0xff, 0xff, 0x0, 0x30, 0x0, 0x6, 0x0, 0x0,
    0xc0, 0x0, 0x18, 0x0, 0xff, 0x0, 0x7f, 0xfc,
    0x1c, 0xf, 0xe3, 0x1, 0x9e, 0x60, 0x30, 0xfe,
    0xe, 0x6, 0xff, 0x80, 0x7, 0xe0, 0x0,

    /* U+307F "み" */
    0xf, 0xff, 0x0, 0x7, 0xff, 0x0, 0x0, 0x3,
    0x80, 0x0, 0x1, 0x80, 0x0, 0x1, 0xc0, 0x0,
    0x0, 0xc0, 0x0, 0x0, 0xe0, 0x20, 0x0, 0x60,
    0x18, 0x0, 0x30, 0xc, 0x1, 0xfe, 0x6, 0x3,
    0xff, 0xf3, 0x7, 0x9c, 0xff, 0x87, 0xc, 0x7,
    0xc3, 0xe, 0x0, 0xf3, 0x6, 0x0, 0x7f, 0x87,
    0x0, 0x76, 0xc3, 0x0, 0x31, 0x73, 0x80, 0x38,
    0x1f, 0x80, 0x38, 0x7, 0x80, 0x38, 0x0, 0x0,
    0x78, 0x0, 0x0, 0x78, 0x0, 0x0, 0x10, 0x0,

    /* U+3089 "ら" */
    0x0, 0x0, 0x0, 0xf0, 0x0, 0x3f, 0xf8, 0x0,
    0x7f, 0x80, 0x0, 0x60, 0x60, 0x0, 0xc, 0x0,
    0x1, 0x80, 0x0, 0x30, 0x0, 0x6, 0x0, 0x1,
    0xc3, 0xf8, 0x31, 0xff, 0xc6, 0xf8, 0x1c, 0xf8,
    0x1, 0x9e, 0x0, 0x1b, 0x80, 0x3, 0xe0, 0x0,
    0x60, 0x0, 0xc, 0x0, 0x3, 0x80, 0x0, 0xe0,
    0x0, 0x78, 0x1f, 0xfe, 0x3, 0xff, 0x0, 0x1e,
    0x0,

    /* U+308A "り" */
    0x60, 0x0, 0x60, 0xf0, 0x63, 0xf8, 0x67, 0x1c,
    0x6c, 0xe, 0xf8, 0x6, 0xd0, 0x7, 0xf0, 0x3,
    0xe0, 0x3, 0xe0, 0x3, 0xe0, 0x3, 0xe0, 0x3,
    0xc0, 0x3, 0xc0, 0x3, 0xc0, 0x7, 0x0, 0x6,
    0x0, 0xe, 0x0, 0xc, 0x0, 0x38, 0x0, 0x78,
    0x3, 0xe0, 0x1f, 0x80, 0xe, 0x0,

    /* U+308B "る" */
    0x1f, 0xff, 0xc0, 0xff, 0xfe, 0x0, 0x1, 0xe0,
    0x0, 0x1c, 0x0, 0x1, 0xc0, 0x0, 0x1c, 0x0,
    0x1, 0xc0, 0x0, 0x1c, 0x0, 0x1, 0xc0, 0x0,
    0x3f, 0xf8, 0x3, 0xe0, 0x70, 0x3c, 0x0, 0xe3,
    0x80, 0x3, 0x38, 0x0, 0xf, 0x80, 0x0, 0x68,
    0x3e, 0x3, 0x3, 0x1c, 0x18, 0x30, 0x61, 0xc1,
    0x81, 0x9c, 0xe, 0xf, 0xc0, 0x3f, 0xfc, 0x0,
    0x7f, 0x0,

    /* U+308C "れ" */
    0x3, 0x80, 0x0, 0x0, 0xe0, 0x0, 0x0, 0x38,
    0x0, 0x0, 0xe, 0x0, 0x0, 0x3, 0x81, 0xe0,
    0x1f, 0xe3, 0xfc, 0x7, 0xf9, 0xe3, 0x80, 0xc,
    0xe0, 0x60, 0x3, 0xe0, 0x18, 0x0, 0xf0, 0x6,
    0x0, 0x78, 0x1, 0x80, 0x1c, 0x0, 0x60, 0xf,
    0x0, 0x18, 0x7, 0xc0, 0xc, 0x1, 0xb0, 0x3,
    0x0, 0xcc, 0x0, 0xc0, 0x73, 0x0, 0x30, 0x38,
    0xc0, 0xc, 0xc, 0x30, 0x3, 0x5, 0xc, 0x0,
    0xe7, 0x3, 0x0, 0x3f, 0x80, 0xc0, 0x7, 0xc0,
    0x30, 0x0, 0x0,

    /* U+308F "わ" */
    0x3, 0x80, 0x0, 0x3, 0x80, 0x0, 0x3, 0x80,
    0x0, 0x3, 0x80, 0x0, 0x3, 0x80, 0x0, 0xff,
    0x80, 0xc0, 0x7f, 0x8f, 0xf8, 0x3, 0x3f, 0x7c,
    0x3, 0xf0, 0xe, 0x3, 0xc0, 0x6, 0x7, 0x80,
    0x3, 0xf, 0x0, 0x3, 0xf, 0x0, 0x3, 0x1f,
    0x0, 0x3, 0x3b, 0x0, 0x3, 0x33, 0x0, 0x7,
    0x73, 0x0, 0x6, 0xe3, 0x0, 0xe, 0xc3, 0x0,
    0x3c, 0x3, 0x1, 0xf0, 0x3, 0x7, 0xe0, 0x3,
    0x3, 0x0, 0x3, 0x0, 0x0,

    /* U+3092 "を" */
    0x0, 0xc0, 0x0, 0x1, 0x80, 0x0, 0x3, 0x3,
    0x3, 0xff, 0xfe, 0x7, 0xff, 0xf8, 0x0, 0x70,
    0x0, 0x0, 0xc0, 0x0, 0x3, 0x0, 0x2, 0x6,
    0xf0, 0x1c, 0x1f, 0xf0, 0xf8, 0x78, 0x7f, 0xc1,
    0xc0, 0x7c, 0x7, 0x1, 0xe0, 0x1c, 0xf, 0x80,
    0x8, 0x3b, 0x0, 0x0, 0xc6, 0x0, 0x3, 0xc,
    0x0, 0x6, 0x18, 0x0, 0x1c, 0x0, 0x0, 0x18,
    0x0, 0x0, 0x38, 0x0, 0x80, 0x3f, 0xff, 0x0,
    0x1f, 0xfe, 0x0,

    /* U+3093 "ん" */
    0x0, 0x20, 0x0, 0x0, 0x30, 0x0, 0x0, 0x70,
    0x0, 0x0, 0x60, 0x0, 0x0, 0xe0, 0x0, 0x1,
    0xc0, 0x0, 0x1, 0x80, 0x0, 0x3, 0x80, 0x0,
    0x3, 0x0, 0x0, 0x7, 0x0, 0x0, 0x6, 0xf8,
    0x0, 0xf, 0xfc, 0x0, 0xf, 0x1c, 0x0, 0x1e,
    0xc, 0x0, 0x1c, 0xc, 0x2, 0x38, 0xc, 0x3,
    0x30, 0xc, 0x6, 0x30, 0xc, 0x6, 0x70, 0xc,
    0xe, 0x60, 0xc, 0x1c, 0xe0, 0xe, 0x38, 0xc0,
    0x7, 0xf0, 0xc0, 0x3, 0xe0,

    /* U+30A1 "ァ" */
    0xff, 0xff, 0xff, 0xff, 0xfc, 0x0, 0x3, 0x0,
    0x0, 0xe0, 0xc, 0x38, 0x1, 0x8e, 0x0, 0x33,
    0x80, 0x6, 0x60, 0x0, 0xc0, 0x0, 0x18, 0x0,
    0x6, 0x0, 0x0, 0xc0, 0x0, 0x38, 0x0, 0xe,
    0x0, 0x3, 0x80, 0x1, 0xe0, 0x0, 0x18, 0x0,
    0x0,

    /* U+30A2 "ア" */
    0xff, 0xff, 0xff, 0xff, 0xff, 0xf0, 0x0, 0x1,
    0x80, 0x0, 0xe, 0x0, 0x0, 0x70, 0x1, 0x83,
    0x80, 0x6, 0x1c, 0x0, 0x18, 0xe0, 0x0, 0x67,
    0x0, 0x1, 0x88, 0x0, 0x6, 0x0, 0x0, 0x18,
    0x0, 0x0, 0xe0, 0x0, 0x3, 0x0, 0x0, 0xc,
    0x0, 0x0, 0x70, 0x0, 0x3, 0x80, 0x0, 0x1c,
    0x0, 0x1, 0xe0, 0x0, 0xf, 0x0, 0x0, 0x10,
    0x0, 0x0,

    /* U+30A3 "ィ" */
    0x0, 0x0, 0x80, 0x0, 0x70, 0x0, 0x38, 0x0,
    0x1c, 0x0, 0x1e, 0x0, 0xf, 0x0, 0xf, 0x0,
    0xf, 0xc0, 0xf, 0xb0, 0x1f, 0x8c, 0x7, 0x83,
    0x1, 0x0, 0xc0, 0x0, 0x30, 0x0, 0xc, 0x0,
    0x3, 0x0, 0x0, 0xc0, 0x0, 0x30, 0x0, 0xc,
    0x0, 0x3, 0x0,

    /* U+30A4 "イ" */
    0x0, 0x0, 0x10, 0x0, 0x0, 0xe0, 0x0, 0x7,
    0x80, 0x0, 0x3c, 0x0, 0x1, 0xe0, 0x0, 0xf,
    0x0, 0x0, 0xf0, 0x0, 0x7, 0x80, 0x0, 0x7c,
    0x0, 0x7, 0xf0, 0x0, 0x7c, 0xc0, 0xf, 0xc3,
    0x0, 0x7c, 0xc, 0x1, 0x80, 0x30, 0x0, 0x0,
    0xc0, 0x0, 0x3, 0x0, 0x0, 0xc, 0x0, 0x0,
    0x30, 0x0, 0x0, 0xc0, 0x0, 0x3, 0x0, 0x0,
    0xc, 0x0, 0x0, 0x30, 0x0, 0x0, 0xc0, 0x0,

    /* U+30A6 "ウ" */
    0x0, 0x60, 0x0, 0x3, 0x0, 0x0, 0x18, 0x0,
    0x0, 0xc0, 0x0, 0x6, 0x0, 0x7f, 0xff, 0xfb,
    0xff, 0xff, 0xf8, 0x0, 0x6, 0xc0, 0x0, 0x36,
    0x0, 0x3, 0xb0, 0x0, 0x1d, 0x80, 0x0, 0xcc,
    0x0, 0xe, 0x60, 0x0, 0x70, 0x0, 0x7, 0x0,
    0x0, 0x38, 0x0, 0x3, 0x80, 0x0, 0x38, 0x0,
    0x3, 0xc0, 0x0, 0x7c, 0x0, 0xf, 0x80, 0x3,
    0xf8, 0x0, 0xf, 0x0, 0x0, 0x0, 0x0,

    /* U+30A7 "ェ" */
    0x7f, 0xff, 0x8f, 0xff, 0xf0, 0x3, 0x0, 0x0,
    0x60, 0x0, 0xc, 0x0, 0x1, 0x80, 0x0, 0x30,
    0x0, 0x6, 0x0, 0x0, 0xc0, 0x0, 0x18, 0x0,
    0x3, 0x0, 0x0, 0x60, 0xf, 0xff, 0xff, 0xff,
    0xff, 0xc0,

    /* U+30A8 "エ" */
    0x7f, 0xff, 0xf8, 0xff, 0xff, 0xf0, 0x0, 0xc0,
    0x0, 0x1, 0x80, 0x0, 0x3, 0x0, 0x0, 0x6,
    0x0, 0x0, 0xc, 0x0, 0x0, 0x18, 0x0, 0x0,
    0x30, 0x0, 0x0, 0x60, 0x0, 0x0, 0xc0, 0x0,
    0x1, 0x80, 0x0, 0x3, 0x0, 0x0, 0x6, 0x0,
    0x0, 0xc, 0x0, 0x7f, 0xff, 0xff, 0xff, 0xff,
    0xfe,

    /* U+30A9 "ォ" */
    0x0, 0x18, 0x0, 0x3, 0x0, 0x0, 0x60, 0x0,
    0xc, 0x8, 0x1, 0x81, 0xff, 0xff, 0xff, 0xff,
    0xf8, 0x1, 0xc0, 0x0, 0x78, 0x0, 0x1f, 0x0,
    0x7, 0x60, 0x1, 0xcc, 0x0, 0x71, 0x80, 0x3c,
    0x30, 0xf, 0x6, 0x7, 0xc0, 0xc0, 0xe0, 0x18,
    0x0, 0x3, 0x0, 0x7, 0xe0, 0x0, 0xfc, 0x0,

    /* U+30AB "カ" */
    0x0, 0x60, 0x0, 0x3, 0x0, 0x0, 0x18, 0x0,
    0x0, 0xc0, 0x0, 0x6, 0x0, 0x3f, 0xff, 0xfd,
    0xff, 0xff, 0xe0, 0xc, 0x3, 0x0, 0xe0, 0x18,
    0x6, 0x0, 0xc0, 0x30, 0x6, 0x1, 0x80, 0x30,
    0x1c, 0x1, 0x80, 0xc0, 0xc, 0xe, 0x0, 0x60,
    0x60, 0x7, 0x7, 0x0, 0x30, 0x70, 0x1, 0x83,
    0x80, 0xc, 0x78, 0x0, 0xe7, 0x81, 0xfe, 0x38,
    0x7, 0xe0,

    /* U+30AD "キ" */
    0x1, 0xc0, 0x0, 0x3, 0x0, 0x0, 0xc, 0x0,
    0x0, 0x38, 0x8, 0x0, 0xe7, 0xf0, 0x7, 0xff,
    0xcf, 0xff, 0xc0, 0x3f, 0xd8, 0x0, 0x40, 0x70,
    0x0, 0x1, 0xc0, 0x0, 0x3, 0x0, 0x0, 0xc,
    0xf, 0x0, 0x37, 0xfc, 0xf, 0xff, 0xcf, 0xff,
    0xc0, 0x3f, 0x86, 0x0, 0xc0, 0x18, 0x0, 0x0,
    0x60, 0x0, 0x1, 0xc0, 0x0, 0x7, 0x0, 0x0,
    0xc, 0x0, 0x0, 0x30, 0x0, 0x0, 0xc0, 0x0,

    /* U+30AF "ク" */
    0x0, 0x70, 0x0, 0x3, 0x80, 0x0, 0x38, 0x0,
    0x1, 0x80, 0x0, 0x1f, 0xff, 0x81, 0xff, 0xfc,
    0xc, 0x0, 0xe0, 0xe0, 0x6, 0xe, 0x0, 0x70,
    0xe0, 0x3, 0x9e, 0x0, 0x19, 0xe0, 0x1, 0xc4,
    0x0, 0x1c, 0x0, 0x0, 0xe0, 0x0, 0xe, 0x0,
    0x0, 0xe0, 0x0, 0xe, 0x0, 0x0, 0xe0, 0x0,
    0xe, 0x0, 0x1, 0xe0, 0x0, 0x3e, 0x0, 0xf,
    0xc0, 0x0, 0x78, 0x0, 0x0, 0x0, 0x0,

    /* U+30B0 "グ" */
    0x0, 0x0, 0x2, 0x0, 0x0, 0xb, 0x0, 0x1c,
    0xc, 0xc0, 0xc, 0x3, 0x30, 0xe, 0x1, 0x90,
    0x6, 0x0, 0x40, 0x7, 0xff, 0xe0, 0x7, 0xff,
    0xf0, 0x7, 0x0, 0x38, 0x3, 0x80, 0x18, 0x3,
    0x80, 0x1c, 0x7, 0x80, 0xe, 0x7, 0x80, 0xe,
    0x7, 0x80, 0x7, 0x1, 0x0, 0x7, 0x0, 0x0,
    0x3, 0x0, 0x0, 0x3, 0x80, 0x0, 0x3, 0x80,
    0x0, 0x3, 0x80, 0x0, 0x3, 0x80, 0x0, 0x7,
    0x80, 0x0, 0x7, 0x80, 0x0, 0xf, 0x80, 0x0,
    0x3f, 0x0, 0x0, 0x1e, 0x0, 0x0, 0x4, 0x0,
    0x0, 0x0,

    /* U+30B3 "コ" */
    0x7f, 0xff, 0xef, 0xff, 0xfc, 0x0, 0x1, 0x80,
    0x0, 0x30, 0x0, 0x6, 0x0, 0x0, 0xc0, 0x0,
    0x18, 0x0, 0x3, 0x0, 0x0, 0x60, 0x0, 0xc,
    0x0, 0x1, 0x80, 0x0, 0x30, 0x0, 0x6, 0x0,
    0x0, 0xc0, 0x0, 0x18, 0x0, 0x3, 0xff, 0xff,
    0xff, 0xff, 0xfc, 0x0, 0x1, 0x80, 0x0, 0x30,

    /* U+30B5 "サ" */
    0x3, 0x0, 0xc0, 0x3, 0x0, 0xc0, 0x3, 0x0,
    0xc0, 0x3, 0x0, 0xc0, 0x3, 0x0, 0xc0, 0x3,
    0x0, 0xc0, 0xff, 0xff, 0xff, 0xff, 0xff, 0xff,
    0x3, 0x0, 0xc0, 0x3, 0x0, 0xc0, 0x3, 0x0,
    0xc0, 0x3, 0x0, 0xc0, 0x3, 0x0, 0xc0, 0x3,
    0x0, 0xc0, 0x3, 0x1, 0xc0, 0x0, 0x1, 0x80,
    0x0, 0x1, 0x80, 0x0, 0x3, 0x80, 0x0, 0x7,
    0x0, 0x0, 0xe, 0x0, 0x0, 0x3c, 0x0, 0x0,
    0xf8, 0x0, 0x0, 0x20, 0x0,

    /* U+30B6 "ザ" */
    0x0, 0x0, 0x1, 0x1, 0x80, 0x65, 0x80, 0xc0,
    0x32, 0x40, 0x60, 0x19, 0xb0, 0x30, 0xc, 0x40,
    0x18, 0x6, 0x0, 0xc, 0x3, 0x1, 0xff, 0xff,
    0xfe, 0xff, 0xff, 0xff, 0x1, 0x80, 0x60, 0x0,
    0xc0, 0x30, 0x0, 0x60, 0x18, 0x0, 0x30, 0xc,
    0x0, 0x18, 0x6, 0x0, 0xc, 0x3, 0x0, 0x6,
    0x3, 0x80, 0x0, 0x1, 0x80, 0x0, 0x0, 0xc0,
    0x0, 0x0, 0xe0, 0x0, 0x0, 0xe0, 0x0, 0x0,
    0xe0, 0x0, 0x1, 0xe0, 0x0, 0x1, 0xe0, 0x0,
    0x0, 0x40, 0x0,

    /* U+30B7 "シ" */
    0x0, 0x0, 0x0, 0xc, 0x0, 0x0, 0x3e, 0x0,
    0x0, 0x1e, 0x0, 0x0, 0xe, 0x0, 0x0, 0xc,
    0x0, 0x0, 0x0, 0x0, 0x20, 0x0, 0x2, 0xf0,
    0x0, 0xc, 0xf8, 0x0, 0x18, 0x78, 0x0, 0x70,
    0x30, 0x1, 0xc0, 0x0, 0x7, 0x0, 0x0, 0x1c,
    0x0, 0x0, 0x70, 0x0, 0x3, 0xc0, 0x0, 0xf,
    0x0, 0x0, 0x7c, 0x0, 0x3, 0xe0, 0x0, 0x3f,
    0x0, 0x7, 0xf8, 0x0, 0x7, 0xc0, 0x0, 0xc,
    0x0, 0x0, 0x0,

    /* U+30B8 "ジ" */
    0x0, 0x0, 0x18, 0x8, 0x1, 0x18, 0x3c, 0x3,
    0x18, 0x3e, 0x3, 0x30, 0x1e, 0x6, 0x0, 0x1c,
    0x6, 0x0, 0x0, 0x0, 0x60, 0x0, 0x0, 0xe0,
    0x0, 0xc, 0xf0, 0x0, 0x38, 0xf8, 0x0, 0x70,
    0x70, 0x1, 0xc0, 0x40, 0x7, 0x0, 0x0, 0x1c,
    0x0, 0x0, 0x70, 0x0, 0x3, 0xc0, 0x0, 0xf,
    0x0, 0x0, 0x7c, 0x0, 0x3, 0xe0, 0x0, 0x1f,
    0x0, 0x3, 0xfc, 0x0, 0xf, 0xc0, 0x0, 0xc,
    0x0, 0x0, 0x0,

    /* U+30B9 "ス" */
    0x3f, 0xff, 0xe0, 0xff, 0xff, 0x80, 0x0, 0xe,
    0x0, 0x0, 0x70, 0x0, 0x1, 0xc0, 0x0, 0xe,
    0x0, 0x0, 0x38, 0x0, 0x1, 0xc0, 0x0, 0xe,
    0x0, 0x0, 0x38, 0x0, 0x1, 0xe0, 0x0, 0xf,
    0xc0, 0x0, 0x77, 0x80, 0x7, 0x8f, 0x0, 0x3c,
    0x1e, 0x1, 0xe0, 0x3c, 0x1e, 0x0, 0x79, 0xf0,
    0x0, 0xef, 0x0, 0x1, 0xd0, 0x0, 0x2,

    /* U+30BA "ズ" */
    0x0, 0x0, 0x0, 0x0, 0x0, 0x3, 0x0, 0x0,
    0xc, 0xc0, 0x0, 0x3, 0x60, 0x0, 0x1, 0x90,
    0xff, 0xff, 0x40, 0x7f, 0xff, 0xc0, 0x0, 0x1,
    0xc0, 0x0, 0x0, 0xe0, 0x0, 0x0, 0xe0, 0x0,
    0x0, 0x70, 0x0, 0x0, 0x70, 0x0, 0x0, 0x30,
    0x0, 0x0, 0x38, 0x0, 0x0, 0x38, 0x0, 0x0,
    0x3c, 0x0, 0x0, 0x3f, 0x0, 0x0, 0x39, 0xc0,
    0x0, 0x38, 0x70, 0x0, 0x38, 0x1c, 0x0, 0x78,
    0x7, 0x0, 0xf8, 0x1, 0xc0, 0xf0, 0x0, 0x70,
    0xf0, 0x0, 0x38, 0x20, 0x0, 0x8, 0x0,

    /* U+30BB "セ" */
    0x1, 0x80, 0x0, 0x3, 0x0, 0x0, 0x6, 0x0,
    0x0, 0xc, 0x0, 0x0, 0x18, 0x0, 0x40, 0x30,
    0xf, 0xc0, 0x63, 0xff, 0x0, 0xff, 0xee, 0x7f,
    0xf8, 0x19, 0xff, 0x0, 0x73, 0x86, 0x1, 0xc0,
    0xc, 0x3, 0x0, 0x18, 0xe, 0x0, 0x30, 0x38,
    0x0, 0x60, 0x20, 0x0, 0xc0, 0x0, 0x1, 0x80,
    0x0, 0x3, 0x0, 0x0, 0x6, 0x0, 0x0, 0xe,
    0x0, 0x20, 0xf, 0xff, 0xc0, 0xf, 0xff, 0x80,

    /* U+30BF "タ" */
    0x0, 0x60, 0x0, 0x3, 0x80, 0x0, 0x38, 0x0,
    0x1, 0x80, 0x0, 0x1f, 0xff, 0x81, 0xff, 0xfc,
    0xc, 0x0, 0xe0, 0xe0, 0x6, 0xe, 0x0, 0x70,
    0xe0, 0x3, 0x8e, 0x30, 0x19, 0xe3, 0xc1, 0xce,
    0x7, 0x9c, 0x0, 0x1e, 0xc0, 0x0, 0x3e, 0x0,
    0x0, 0xf0, 0x0, 0xf, 0xc0, 0x0, 0xe7, 0x80,
    0xe, 0x18, 0x1, 0xe0, 0x0, 0x1e, 0x0, 0x7,
    0xc0, 0x0, 0xfc, 0x0, 0x1, 0x80, 0x0,

    /* U+30C0 "ダ" */
    0x0, 0x0, 0x2, 0x0, 0x0, 0x3, 0x0, 0x18,
    0xc, 0xc0, 0xe, 0x3, 0x20, 0xe, 0x1, 0x90,
    0x7, 0x0, 0x60, 0x7, 0xff, 0xe0, 0x3, 0xff,
    0xf0, 0x3, 0x80, 0x38, 0x3, 0x80, 0x1c, 0x3,
    0x80, 0xc, 0x3, 0x80, 0xe, 0x3, 0x8c, 0x6,
    0x7, 0x8f, 0x7, 0x3, 0x81, 0xe7, 0x0, 0x0,
    0x7b, 0x80, 0x0, 0xf, 0x80, 0x0, 0x3, 0xc0,
    0x0, 0x3, 0xf0, 0x0, 0x3, 0x9e, 0x0, 0x3,
    0x86, 0x0, 0x7, 0x80, 0x0, 0x7, 0x80, 0x0,
    0xf, 0x80, 0x0, 0x1f, 0x0, 0x0, 0x6, 0x0,
    0x0, 0x0,

    /* U+30C1 "チ" */
    0x0, 0x0, 0x60, 0x0, 0xf, 0xe0, 0xff, 0xff,
    0x0, 0xff, 0xe0, 0x0, 0x1, 0x80, 0x0, 0x3,
    0x0, 0x0, 0x6, 0x0, 0x0, 0xc, 0x0, 0x0,
    0x18, 0x1, 0xff, 0xff, 0xff, 0xff, 0xff, 0xf8,
    0x0, 0xc0, 0x0, 0x1, 0x80, 0x0, 0x3, 0x0,
    0x0, 0xc, 0x0, 0x0, 0x18, 0x0, 0x0, 0x70,
    0x0, 0x0, 0xc0, 0x0, 0x3, 0x80, 0x0, 0xe,
    0x0, 0x0, 0x78, 0x0, 0x1, 0xe0, 0x0, 0x0,
    0x0, 0x0, 0x0,

    /* U+30C3 "ッ" */
    0x1, 0x80, 0x8, 0x30, 0x1f, 0x87, 0x3, 0x30,
    0x60, 0x66, 0xc, 0x1c, 0xe1, 0xc3, 0xc, 0x0,
    0x61, 0xc0, 0x1c, 0x0, 0x3, 0x0, 0x0, 0xe0,
    0x0, 0x38, 0x0, 0xe, 0x0, 0x3, 0x80, 0x0,
    0xe0, 0x0, 0x78, 0x0, 0x3e, 0x0, 0xf, 0x0,
    0x0, 0xc0, 0x0,

    /* U+30C4 "ツ" */
    0x0, 0xc0, 0x0, 0x3, 0x0, 0x2c, 0xe, 0x1,
    0xf8, 0x18, 0x7, 0x60, 0x70, 0x19, 0xc1, 0xc0,
    0x63, 0x3, 0x3, 0x8c, 0xc, 0xc, 0x38, 0x0,
    0x70, 0x60, 0x1, 0xc0, 0x0, 0xe, 0x0, 0x0,
    0x38, 0x0, 0x1, 0xc0, 0x0, 0xe, 0x0, 0x0,
    0x78, 0x0, 0x3, 0xc0, 0x0, 0x1e, 0x0, 0x0,
    0xf0, 0x0, 0xf, 0x0, 0x0, 0xf8, 0x0, 0x7,
    0x80, 0x0, 0x8, 0x0, 0x0,

    /* U+30C6 "テ" */
    0x1f, 0xff, 0xe0, 0x3f, 0xff, 0xc0, 0x0, 0x0,
    0x0, 0x0, 0x0, 0x0, 0x0, 0x0, 0x0, 0x0,
    0x0, 0x0, 0x0, 0x0, 0x0, 0x0, 0x0, 0xff,
    0xff, 0xff, 0xff, 0xff, 0xfc, 0x0, 0xe0, 0x0,
    0x1, 0x80, 0x0, 0x3, 0x0, 0x0, 0x6, 0x0,
    0x0, 0xc, 0x0, 0x0, 0x38, 0x0, 0x0, 0x60,
    0x0, 0x1, 0xc0, 0x0, 0x7, 0x0, 0x0, 0x1e,
    0x0, 0x0, 0x78, 0x0, 0x1, 0xc0, 0x0, 0x1,
    0x0, 0x0, 0x0,

    /* U+30C7 "デ" */
    0x0, 0x0, 0x0, 0x0, 0x0, 0x1, 0x80, 0x0,
    0x6, 0x40, 0x0, 0x1, 0x30, 0xff, 0xfe, 0xc8,
    0x7f, 0xff, 0x20, 0x0, 0x0, 0x0, 0x0, 0x0,
    0x0, 0x0, 0x0, 0x0, 0x0, 0x0, 0x0, 0x0,
    0x0, 0x0, 0x1f, 0xff, 0xff, 0xcf, 0xff, 0xff,
    0xe0, 0x0, 0x60, 0x0, 0x0, 0x70, 0x0, 0x0,
    0x38, 0x0, 0x0, 0x1c, 0x0, 0x0, 0xc, 0x0,
    0x0, 0x6, 0x0, 0x0, 0x7, 0x0, 0x0, 0x3,
    0x0, 0x0, 0x3, 0x80, 0x0, 0x3, 0x80, 0x0,
    0x7, 0x80, 0x0, 0x7, 0x80, 0x0, 0x1, 0x0,
    0x0, 0x0,

    /* U+30C8 "ト" */
    0xe0, 0x1, 0xc0, 0x3, 0x80, 0x7, 0x0, 0xe,
    0x0, 0x1c, 0x0, 0x38, 0x0, 0x70, 0x0, 0xfc,
    0x1, 0xff, 0x3, 0x9f, 0xc7, 0x7, 0xee, 0x3,
    0xfc, 0x0, 0xb8, 0x0, 0x70, 0x0, 0xe0, 0x1,
    0xc0, 0x3, 0x80, 0x7, 0x0, 0xe, 0x0, 0x1c,
    0x0, 0x0,

    /* U+30C9 "ド" */
    0xe0, 0xc, 0xe0, 0x26, 0xe0, 0x63, 0xe0, 0x33,
    0xe0, 0x18, 0xe0, 0x10, 0xe0, 0x0, 0xe0, 0x0,
    0xfc, 0x0, 0xff, 0x80, 0xe7, 0xf0, 0xe0, 0xfc,
    0xe0, 0x3e, 0xe0, 0x4, 0xe0, 0x0, 0xe0, 0x0,
    0xe0, 0x0, 0xe0, 0x0, 0xe0, 0x0, 0xe0, 0x0,
    0xe0, 0x0, 0xe0, 0x0,

    /* U+30CD "ネ" */
    0x0, 0x18, 0x0, 0x0, 0x18, 0x0, 0x0, 0x18,
    0x0, 0x0, 0x18, 0x0, 0x3f, 0xff, 0xf0, 0x3f,
    0xff, 0xf8, 0x0, 0x0, 0x70, 0x0, 0x0, 0xe0,
    0x0, 0x1, 0xc0, 0x0, 0x3, 0x80, 0x0, 0xf,
    0x0, 0x0, 0x1e, 0x0, 0x0, 0x7c, 0x0, 0x1,
    0xf8, 0xe0, 0x7, 0xd8, 0xf0, 0x3f, 0x18, 0x3c,
    0x7c, 0x18, 0x1f, 0x60, 0x18, 0x6, 0x0, 0x18,
    0x0, 0x0, 0x18, 0x0, 0x0, 0x18, 0x0, 0x0,
    0x18, 0x0, 0x0, 0x18, 0x0,

    /* U+30D0 "バ" */
    0x0, 0x0, 0x6, 0x0, 0x0, 0x9, 0x0, 0x0,
    0xc, 0xc0, 0x0, 0x3, 0x30, 0x10, 0x30, 0x80,
    0xc, 0x1c, 0x40, 0xe, 0x6, 0x0, 0x7, 0x3,
    0x80, 0x3, 0x0, 0xc0, 0x1, 0x80, 0x70, 0x0,
    0xc0, 0x18, 0x0, 0xe0, 0xe, 0x0, 0x60, 0x7,
    0x0, 0x30, 0x1, 0x80, 0x38, 0x0, 0xe0, 0x18,
    0x0, 0x30, 0x1c, 0x0, 0x1c, 0xc, 0x0, 0xe,
    0xe, 0x0, 0x3, 0x6, 0x0, 0x1, 0xc7, 0x0,
    0x0, 0xe7, 0x0, 0x0, 0x33, 0x80, 0x0, 0x18,

    /* U+30D1 "パ" */
    0x0, 0x0, 0xf, 0x0, 0x0, 0xc, 0xc0, 0x0,
    0x4, 0x20, 0x0, 0x2, 0x10, 0x1c, 0x39, 0x98,
    0xc, 0xe, 0x78, 0x6, 0x7, 0x0, 0x3, 0x1,
    0x80, 0x3, 0x80, 0xe0, 0x1, 0x80, 0x30, 0x0,
    0xc0, 0x1c, 0x0, 0xe0, 0x6, 0x0, 0x70, 0x3,
    0x80, 0x30, 0x1, 0xc0, 0x38, 0x0, 0x60, 0x18,
    0x0, 0x38, 0x1c, 0x0, 0x1c, 0xe, 0x0, 0x7,
    0xe, 0x0, 0x3, 0x86, 0x0, 0x1, 0xc7, 0x0,
    0x0, 0x77, 0x0, 0x0, 0x38, 0x80, 0x0, 0x0,

    /* U+30D3 "ビ" */
    0x0, 0x0, 0xc0, 0x0, 0x66, 0xc0, 0x3, 0x3c,
    0x0, 0x33, 0xc0, 0x1, 0x8c, 0x0, 0x0, 0xc0,
    0x6, 0xc, 0x1, 0xf0, 0xc0, 0xfe, 0xc, 0x7f,
    0x0, 0xff, 0x80, 0xf, 0xc0, 0x0, 0xc0, 0x0,
    0xc, 0x0, 0x0, 0xc0, 0x0, 0xc, 0x0, 0x0,
    0xc0, 0x0, 0xc, 0x0, 0x0, 0xc0, 0x0, 0xc,
    0x0, 0x0, 0xe0, 0x0, 0x8f, 0xff, 0xf8, 0x3f,
    0xff, 0x80,

    /* U+30D5 "フ" */
    0xff, 0xff, 0xef, 0xff, 0xff, 0x0, 0x0, 0x70,
    0x0, 0x6, 0x0, 0x0, 0x60, 0x0, 0xe, 0x0,
    0x0, 0xe0, 0x0, 0xc, 0x0, 0x1, 0xc0, 0x0,
    0x18, 0x0, 0x3, 0x80, 0x0, 0x70, 0x0, 0xf,
    0x0, 0x1, 0xe0, 0x0, 0x3c, 0x0, 0xf, 0x80,
    0x1, 0xe0, 0x0, 0xfc, 0x0, 0x1f, 0x0, 0x0,
    0xc0, 0x0,

    /* U+30D6 "ブ" */
    0x0, 0x0, 0x8, 0x0, 0x1, 0x98, 0x0, 0x3,
    0x30, 0x0, 0x3, 0x30, 0x0, 0x6, 0x5f, 0xff,
    0xfc, 0x3f, 0xff, 0xf8, 0x0, 0x0, 0x30, 0x0,
    0x0, 0xe0, 0x0, 0x1, 0xc0, 0x0, 0x3, 0x0,
    0x0, 0x6, 0x0, 0x0, 0x1c, 0x0, 0x0, 0x30,
    0x0, 0x0, 0xe0, 0x0, 0x1, 0x80, 0x0, 0x7,
    0x0, 0x0, 0x1c, 0x0, 0x0, 0x70, 0x0, 0x1,
    0xc0, 0x0, 0xf, 0x0, 0x0, 0x7c, 0x0, 0x7,
    0xe0, 0x0, 0xf, 0x80, 0x0, 0x8, 0x0, 0x0,

    /* U+30D7 "プ" */
    0x0, 0x0, 0x1e, 0x0, 0x0, 0x33, 0x0, 0x0,
    0x21, 0x0, 0x0, 0x21, 0xff, 0xff, 0xf3, 0xff,
    0xff, 0xfe, 0x0, 0x0, 0x70, 0x0, 0x0, 0x70,
    0x0, 0x0, 0x60, 0x0, 0x0, 0x60, 0x0, 0x0,
    0xe0, 0x0, 0x0, 0xe0, 0x0, 0x1, 0xc0, 0x0,
    0x1, 0xc0, 0x0, 0x3, 0x80, 0x0, 0x3, 0x80,
    0x0, 0x7, 0x0, 0x0, 0xe, 0x0, 0x0, 0x3c,
    0x0, 0x0, 0x78, 0x0, 0x1, 0xf0, 0x0, 0xf,
    0xc0, 0x0, 0x1f, 0x80, 0x0, 0xc, 0x0, 0x0,

    /* U+30D9 "ベ" */
    0x0, 0x0, 0xe, 0x0, 0x0, 0x33, 0x0, 0x0,
    0x18, 0xc0, 0xe, 0x6, 0x60, 0xf, 0x83, 0x90,
    0xe, 0xe0, 0xc0, 0xe, 0x38, 0x0, 0xe, 0xe,
    0x0, 0xe, 0x3, 0x80, 0x7, 0x0, 0xe0, 0x7,
    0x0, 0x38, 0x7, 0x0, 0xe, 0x7, 0x0, 0x3,
    0x83, 0x80, 0x1, 0xe0, 0x80, 0x0, 0x78, 0x0,
    0x0, 0x1e, 0x0, 0x0, 0x7, 0x80, 0x0, 0x1,
    0xc0, 0x0, 0x0, 0x40,

    /* U+30DB "ホ" */
    0x0, 0x18, 0x0, 0x0, 0x18, 0x0, 0x0, 0x18,
    0x0, 0x0, 0x18, 0x0, 0x0, 0x18, 0x0, 0x7f,
    0xff, 0xfe, 0x7f, 0xff, 0xfe, 0x0, 0x18, 0x0,
    0x0, 0x18, 0x0, 0x0, 0x18, 0x0, 0x0, 0x18,
    0x0, 0x6, 0x18, 0x70, 0xe, 0x18, 0x30, 0xc,
    0x18, 0x38, 0x1c, 0x18, 0x1c, 0x38, 0x18, 0x1c,
    0x70, 0x18, 0xe, 0xe0, 0x18, 0x6, 0x60, 0x18,
    0x6, 0x0, 0x18, 0x0, 0x0, 0x18, 0x0, 0x1,
    0xf8, 0x0, 0x1, 0xf0, 0x0,

    /* U+30DD "ポ" */
    0x0, 0x0, 0x1e, 0x0, 0x0, 0x33, 0x0, 0x18,
    0x21, 0x0, 0x18, 0x21, 0x0, 0x18, 0x33, 0x0,
    0x18, 0x1e, 0x0, 0x18, 0x0, 0x7f, 0xff, 0xfe,
    0x7f, 0xff, 0xfe, 0x0, 0x18, 0x0, 0x0, 0x18,
    0x0, 0x0, 0x18, 0x0, 0x4, 0x18, 0x0, 0x6,
    0x18, 0x70, 0xe, 0x18, 0x30, 0xc, 0x18, 0x38,
    0x1c, 0x18, 0x1c, 0x38, 0x18, 0xc, 0x70, 0x18,
    0xe, 0xe0, 0x18, 0x6, 0x60, 0x18, 0x6, 0x0,
    0x18, 0x0, 0x0, 0x18, 0x0, 0x1, 0xf8, 0x0,
    0x1, 0xf0, 0x0,

    /* U+30DE "マ" */
    0xff, 0xff, 0xfd, 0xff, 0xff, 0xfc, 0x0, 0x0,
    0x70, 0x0, 0x1, 0xc0, 0x0, 0x3, 0x80, 0x0,
    0xe, 0x0, 0x0, 0x38, 0x0, 0x0, 0xe0, 0xe,
    0x3, 0x80, 0x1e, 0xe, 0x0, 0xe, 0x38, 0x0,
    0xe, 0xe0, 0x0, 0xf, 0x80, 0x0, 0xe, 0x0,
    0x0, 0xe, 0x0, 0x0, 0xe, 0x0, 0x0, 0xe,
    0x0, 0x0, 0xe, 0x0, 0x0, 0xe, 0x0, 0x0,
    0x18, 0x0,

    /* U+30DF "ミ" */
    0xf, 0x0, 0x3, 0xff, 0x0, 0x7, 0xfe, 0x0,
    0x7, 0xf0, 0x0, 0xc, 0x0, 0x0, 0x0, 0x0,
    0x0, 0x80, 0x0, 0x3f, 0x80, 0x3, 0xff, 0x0,
    0x3, 0xfe, 0x0, 0x7, 0xc0, 0x0, 0x10, 0x0,
    0x0, 0x0, 0x0, 0x2, 0x0, 0x0, 0x7e, 0x0,
    0x1f, 0xfc, 0x0, 0xf, 0xf8, 0x0, 0x1f, 0xe0,
    0x0, 0x38, 0x0, 0x1, 0x0,

    /* U+30E0 "ム" */
    0x0, 0x30, 0x0, 0x0, 0x70, 0x0, 0x0, 0x70,
    0x0, 0x0, 0x60, 0x0, 0x0, 0x60, 0x0, 0x0,
    0xe0, 0x0, 0x0, 0xc0, 0x0, 0x0, 0xc0, 0x0,
    0x1, 0xc0, 0x0, 0x1, 0x80, 0x0, 0x1, 0x80,
    0xe0, 0x3, 0x80, 0x60, 0x3, 0x0, 0x70, 0x3,
    0x0, 0x30, 0x7, 0x0, 0x38, 0x6, 0x0, 0x18,
    0x6, 0x0, 0x7c, 0xe, 0xff, 0xfe, 0xff, 0xff,
    0xee, 0xff, 0xc0, 0x7, 0x80, 0x0, 0x7, 0x0,
    0x0, 0x2,

    /* U+30E1 "メ" */
    0x0, 0x0, 0x60, 0x0, 0x3, 0x0, 0x0, 0x38,
    0x0, 0x1, 0x80, 0xc0, 0x1c, 0x7, 0x0, 0xe0,
    0x1e, 0x6, 0x0, 0x78, 0x70, 0x0, 0xe7, 0x0,
    0x3, 0xf0, 0x0, 0xf, 0x80, 0x0, 0x3c, 0x0,
    0x3, 0xf0, 0x0, 0x3d, 0xe0, 0x3, 0xc7, 0x80,
    0x3c, 0x1e, 0x3, 0xc0, 0x78, 0x38, 0x1, 0xc7,
    0x80, 0x4, 0xf8, 0x0, 0x7, 0x80, 0x0, 0x10,
    0x0, 0x0,

    /* U+30E2 "モ" */
    0x3f, 0xff, 0xf0, 0xff, 0xff, 0xc0, 0xc, 0x0,
    0x0, 0x30, 0x0, 0x0, 0xc0, 0x0, 0x3, 0x0,
    0x0, 0xc, 0x0, 0x0, 0x30, 0x0, 0xff, 0xff,
    0xff, 0xff, 0xff, 0xf0, 0xc, 0x0, 0x0, 0x30,
    0x0, 0x0, 0xc0, 0x0, 0x3, 0x0, 0x0, 0xc,
    0x0, 0x0, 0x30, 0x0, 0x0, 0xc0, 0x0, 0x3,
    0x80, 0x0, 0x7, 0xff, 0x80, 0xf, 0xfe,

    /* U+30E3 "ャ" */
    0xe, 0x0, 0x0, 0x60, 0x0, 0x6, 0x0, 0x0,
    0x70, 0xf, 0x3, 0x3f, 0xf0, 0x7f, 0xe6, 0xff,
    0xc0, 0xe7, 0x98, 0x1c, 0x1, 0x81, 0x80, 0x18,
    0x30, 0x1, 0xc7, 0x0, 0xc, 0x60, 0x0, 0xc0,
    0x0, 0xc, 0x0, 0x0, 0xe0, 0x0, 0x6, 0x0,
    0x0, 0x60, 0x0, 0x7, 0x0, 0x0, 0x30, 0x0,
    0x0, 0x0,

    /* U+30E5 "ュ" */
    0x1f, 0xff, 0x1, 0xff, 0xf0, 0x0, 0x3, 0x0,
    0x0, 0x30, 0x0, 0x3, 0x0, 0x0, 0x70, 0x0,
    0x7, 0x0, 0x0, 0x70, 0x0, 0x6, 0x0, 0x0,
    0x60, 0x0, 0x6, 0xf, 0xff, 0xff, 0xff, 0xff,
    0xf0,

    /* U+30E7 "ョ" */
    0x7f, 0xff, 0x7f, 0xff, 0x0, 0x3, 0x0, 0x3,
    0x0, 0x3, 0x0, 0x3, 0x7f, 0xff, 0x7f, 0xff,
    0x0, 0x3, 0x0, 0x3, 0x0, 0x3, 0x0, 0x3,
    0x0, 0x3, 0xff, 0xff, 0xff, 0xff, 0x0, 0x3,
    0x0, 0x3,

    /* U+30E9 "ラ" */
    0x1f, 0xff, 0xe0, 0xff, 0xff, 0x0, 0x0, 0x0,
    0x0, 0x0, 0x0, 0x0, 0x0, 0x0, 0x0, 0x0,
    0x0, 0x0, 0x1f, 0xff, 0xff, 0xff, 0xff, 0xf8,
    0x0, 0x1, 0x80, 0x0, 0xc, 0x0, 0x0, 0xe0,
    0x0, 0x6, 0x0, 0x0, 0x70, 0x0, 0x7, 0x0,
    0x0, 0x70, 0x0, 0x7, 0x80, 0x0, 0x78, 0x0,
    0xf, 0x0, 0x1, 0xf0, 0x0, 0x7e, 0x0, 0x1,
    0xc0, 0x0,

    /* U+30EA "リ" */
    0xc0, 0xf, 0x80, 0x1f, 0x0, 0x3e, 0x0, 0x7c,
    0x0, 0xf8, 0x1, 0xf0, 0x3, 0xe0, 0x7, 0xc0,
    0xf, 0x80, 0x1f, 0x0, 0x3e, 0x0, 0x7c, 0x0,
    0xe0, 0x3, 0x80, 0x7, 0x0, 0x1e, 0x0, 0x38,
    0x1, 0xe0, 0x7, 0x80, 0x7e, 0x0, 0xf0, 0x0,
    0x80, 0x0,

    /* U+30EB "ル" */
    0x3, 0x6, 0x0, 0x3, 0x6, 0x0, 0x3, 0x6,
    0x0, 0x3, 0x6, 0x0, 0x3, 0x6, 0x0, 0x3,
    0x6, 0x0, 0x3, 0x6, 0x0, 0x3, 0x6, 0x0,
    0x3, 0x6, 0x0, 0x3, 0x6, 0x0, 0x3, 0x6,
    0x0, 0x3, 0x6, 0x0, 0x3, 0x6, 0x3, 0x7,
    0x6, 0x7, 0x6, 0x6, 0xf, 0xe, 0x6, 0x1e,
    0xc, 0x6, 0x3c, 0x1c, 0x6, 0xf0, 0x38, 0x7,
    0xe0, 0x78, 0x7, 0xc0, 0x70, 0x7, 0x0, 0x20,
    0x0, 0x0,

    /* U+30EC "レ" */
    0xc0, 0x0, 0x18, 0x0, 0x3, 0x0, 0x0, 0x60,
    0x0, 0xc, 0x0, 0x1, 0x80, 0x0, 0x30, 0x0,
    0x6, 0x0, 0x0, 0xc0, 0x0, 0x18, 0x0, 0xb,
    0x0, 0x3, 0x60, 0x0, 0xec, 0x0, 0x39, 0x80,
    0xe, 0x30, 0x7, 0x86, 0x3, 0xe0, 0xc0, 0xf0,
    0x18, 0xfc, 0x3, 0xfe, 0x0, 0x7f, 0x0, 0xf,
    0x0, 0x0, 0x0, 0x0, 0x0,

    /* U+30ED "ロ" */
    0xff, 0xff, 0xff, 0xff, 0xff, 0x0, 0x1, 0xe0,
    0x0, 0x3c, 0x0, 0x7, 0x80, 0x0, 0xf0, 0x0,
    0x1e, 0x0, 0x3, 0xc0, 0x0, 0x78, 0x0, 0xf,
    0x0, 0x1, 0xe0, 0x0, 0x3c, 0x0, 0x7, 0x80,
    0x0, 0xf0, 0x0, 0x1f, 0xff, 0xff, 0xff, 0xff,
    0xf8, 0x0, 0xf, 0x0, 0x1, 0x80,

    /* U+30EF "ワ" */
    0xff, 0xff, 0xff, 0xff, 0xff, 0xc0, 0x0, 0x7c,
    0x0, 0x7, 0xc0, 0x0, 0x7c, 0x0, 0x6, 0xc0,
    0x0, 0x6c, 0x0, 0xe, 0xc0, 0x0, 0xe0, 0x0,
    0xc, 0x0, 0x1, 0xc0, 0x0, 0x1c, 0x0, 0x3,
    0x80, 0x0, 0x70, 0x0, 0xe, 0x0, 0x1, 0xe0,
    0x0, 0x78, 0x0, 0x1f, 0x0, 0xf, 0xe0, 0x0,
    0x78, 0x0,

    /* U+30F3 "ン" */
    0x0, 0x0, 0x1, 0xc0, 0x0, 0x7, 0x80, 0x0,
    0x7, 0x0, 0x0, 0xf, 0x0, 0x0, 0x1e, 0x0,
    0x20, 0x38, 0x0, 0x80, 0x40, 0x7, 0x0, 0x0,
    0x38, 0x0, 0x1, 0xc0, 0x0, 0x7, 0x0, 0x0,
    0x38, 0x0, 0x1, 0xc0, 0x0, 0x1e, 0x0, 0x0,
    0xf0, 0x0, 0x7, 0x80, 0x0, 0x78, 0x0, 0xf,
    0xc0, 0x0, 0xfc, 0x0, 0x3f, 0xc0, 0x0, 0x78,
    0x0, 0x1, 0x0, 0x0, 0x0,

    /* U+30FC "ー" */
    0xff, 0xff, 0xff, 0xff, 0xff, 0xf0,

    /* U+4E00 "一" */
    0xff, 0xff, 0xff, 0xff, 0xff, 0xff, 0xf0,

    /* U+4E0A "上" */
    0x0, 0x18, 0x0, 0x0, 0xc, 0x0, 0x0, 0x6,
    0x0, 0x0, 0x3, 0x0, 0x0, 0x1, 0x80, 0x0,
    0x0, 0xc0, 0x0, 0x0, 0x60, 0x0, 0x0, 0x30,
    0x0, 0x0, 0x18, 0x0, 0x0, 0xf, 0xff, 0x80,
    0x7, 0xff, 0xc0, 0x3, 0x0, 0x0, 0x1, 0x80,
    0x0, 0x0, 0xc0, 0x0, 0x0, 0x60, 0x0, 0x0,
    0x30, 0x0, 0x0, 0x18, 0x0, 0x0, 0xc, 0x0,
    0x0, 0x6, 0x0, 0x0, 0x3, 0x0, 0x0, 0x1,
    0x80, 0x0, 0x0, 0xc0, 0x3, 0xff, 0xff, 0xff,
    0xff, 0xff, 0xff,

    /* U+4E0D "不" */
    0x7f, 0xff, 0xff, 0x9f, 0xff, 0xff, 0xe0, 0x0,
    0x70, 0x0, 0x0, 0x38, 0x0, 0x0, 0xc, 0x0,
    0x0, 0x7, 0x0, 0x0, 0x3, 0xc0, 0x0, 0x1,
    0xf7, 0x0, 0x0, 0xec, 0xe0, 0x0, 0x73, 0x1e,
    0x0, 0x38, 0xc3, 0xc0, 0x3c, 0x30, 0x38, 0x1e,
    0xc, 0x7, 0x1f, 0x3, 0x0, 0xf7, 0x0, 0xc0,
    0x18, 0x0, 0x30, 0x0, 0x0, 0xc, 0x0, 0x0,
    0x3, 0x0, 0x0, 0x0, 0xc0, 0x0, 0x0, 0x30,
    0x0, 0x0, 0xc, 0x0, 0x0, 0x3, 0x0, 0x0,
    0x0, 0xc0, 0x0,

    /* U+4E2D "中" */
    0x0, 0x30, 0x0, 0x0, 0xc0, 0x0, 0x3, 0x0,
    0x0, 0xc, 0x0, 0x0, 0x30, 0x3, 0xff, 0xff,
    0xff, 0xff, 0xff, 0xf0, 0xc, 0x3, 0xc0, 0x30,
    0xf, 0x0, 0xc0, 0x3c, 0x3, 0x0, 0xf0, 0xc,
    0x3, 0xc0, 0x30, 0xf, 0x0, 0xc0, 0x3f, 0xff,
    0xff, 0xff, 0xff, 0xff, 0xc0, 0x30, 0xf, 0x0,
    0xc0, 0x30, 0x3, 0x0, 0x0, 0xc, 0x0, 0x0,
    0x30, 0x0, 0x0, 0xc0, 0x0, 0x3, 0x0, 0x0,
    0xc, 0x0, 0x0, 0x30, 0x0,

    /* U+4E86 "了" */
    0xff, 0xff, 0xfb, 0xff, 0xff, 0xf0, 0x0, 0x7,
    0x80, 0x0, 0x3c, 0x0, 0x1, 0xc0, 0x0, 0xe,
    0x0, 0x0, 0xf0, 0x0, 0xf, 0x0, 0x0, 0x38,
    0x0, 0x0, 0xc0, 0x0, 0x3, 0x0, 0x0, 0xc,
    0x0, 0x0, 0x30, 0x0, 0x0, 0xc0, 0x0, 0x3,
    0x0, 0x0, 0xc, 0x0, 0x0, 0x30, 0x0, 0x0,
    0xc0, 0x0, 0x3, 0x0, 0x0, 0xc, 0x0, 0x0,
    0x30, 0x0, 0x3f, 0xc0, 0x0, 0x7e, 0x0, 0x0,

    /* U+4E8B "事" */
    0x0, 0xc, 0x0, 0x0, 0x3, 0x0, 0x7, 0xff,
    0xff, 0xf8, 0x0, 0x30, 0x0, 0x0, 0xc, 0x0,
    0x3, 0xff, 0xff, 0x0, 0xc0, 0xc0, 0xc0, 0x30,
    0x30, 0x30, 0xc, 0xc, 0xc, 0x3, 0xff, 0xff,
    0x0, 0x0, 0xc0, 0x0, 0x0, 0x30, 0x0, 0x1f,
    0xff, 0xfe, 0x0, 0x3, 0x3, 0x80, 0x0, 0xc0,
    0xe0, 0x0, 0x30, 0x38, 0xff, 0xff, 0xff, 0xc0,
    0x3, 0x3, 0x80, 0x0, 0xc0, 0xe0, 0x0, 0x30,
    0x38, 0x1f, 0xff, 0xfe, 0x0, 0x3, 0x3, 0x80,
    0x0, 0xc0, 0x0, 0x0, 0x30, 0x0, 0x0, 0xf8,
    0x0, 0x0,

    /* U+4ECB "介" */
    0x0, 0x1c, 0x0, 0x0, 0x7, 0x80, 0x0, 0x3,
    0xf0, 0x0, 0x1, 0xcc, 0x0, 0x0, 0x61, 0x80,
    0x0, 0x38, 0x70, 0x0, 0x1c, 0xe, 0x0, 0xe,
    0x1, 0xe0, 0xf, 0x0, 0x3c, 0x7, 0x80, 0x3,
    0x87, 0x98, 0x6, 0x7b, 0xc6, 0x1, 0x8f, 0x41,
    0x80, 0x60, 0x80, 0x60, 0x18, 0x0, 0x18, 0x6,
    0x0, 0x6, 0x1, 0x80, 0x1, 0x80, 0x60, 0x0,
    0x60, 0x18, 0x0, 0x38, 0x6, 0x0, 0xc, 0x1,
    0x80, 0x7, 0x0, 0x60, 0x1, 0x80, 0x18, 0x0,
    0xe0, 0x6, 0x0, 0x70, 0x1, 0x80, 0x78, 0x0,
    0x60, 0xc, 0x0, 0x18, 0x0,

    /* U+4EF6 "件" */
    0x0, 0x0, 0x0, 0x0, 0xc0, 0x30, 0x0, 0x31,
    0x8c, 0x0, 0x1c, 0x63, 0x0, 0x6, 0x18, 0xc0,
    0x1, 0x8c, 0x30, 0x0, 0xc3, 0xff, 0xf0, 0x70,
    0xff, 0xfc, 0x1c, 0x70, 0xc0, 0xf, 0x18, 0x30,
    0x3, 0xce, 0xc, 0x1, 0xb3, 0x3, 0x0, 0xec,
    0x40, 0xc0, 0x13, 0x0, 0x30, 0x0, 0xc0, 0xc,
    0x0, 0x33, 0xff, 0xff, 0xc, 0xff, 0xff, 0xc3,
    0x0, 0x30, 0x0, 0xc0, 0xc, 0x0, 0x30, 0x3,
    0x0, 0xc, 0x0, 0xc0, 0x3, 0x0, 0x30, 0x0,
    0xc0, 0xc, 0x0, 0x30, 0x3, 0x0, 0xc, 0x0,
    0xc0, 0x3, 0x0, 0x30, 0x0,

    /* U+4F4E "低" */
    0x1, 0x0, 0x0, 0x0, 0x30, 0x0, 0x20, 0xe,
    0x0, 0xfe, 0x1, 0x9f, 0xff, 0x0, 0x73, 0xfb,
    0x0, 0xc, 0x60, 0x60, 0x3, 0x8c, 0xc, 0x0,
    0xe1, 0x81, 0x80, 0x1c, 0x30, 0x30, 0x7, 0x86,
    0x6, 0x1, 0xf0, 0xff, 0xff, 0xf6, 0x1f, 0xff,
    0xf4, 0xc3, 0x3, 0x0, 0x18, 0x60, 0x70, 0x3,
    0xc, 0x6, 0x0, 0x61, 0x80, 0xc0, 0xc, 0x30,
    0x18, 0x1, 0x86, 0x3, 0x0, 0x30, 0xc3, 0xf0,
    0x6, 0x1f, 0xf6, 0x20, 0xcf, 0xf0, 0xc2, 0x19,
    0xe0, 0x1c, 0xc3, 0x0, 0x1, 0x98, 0x60, 0x0,
    0x3f, 0xc, 0x7f, 0xfb, 0xc1, 0x8f, 0xff, 0x10,

    /* U+4F4F "住" */
    0x1, 0x86, 0x0, 0x0, 0xc1, 0xe0, 0x0, 0x30,
    0x3c, 0x0, 0x18, 0x3, 0x80, 0x6, 0x0, 0x60,
    0x3, 0x1f, 0xff, 0xf1, 0xc7, 0xff, 0xfc, 0xf0,
    0x3, 0x0, 0x3c, 0x0, 0xc0, 0x1f, 0x0, 0x30,
    0xe, 0xc0, 0xc, 0x3, 0x30, 0x3, 0x0, 0xc,
    0x0, 0xc0, 0x3, 0x1f, 0xff, 0xe0, 0xc7, 0xff,
    0xf8, 0x30, 0x3, 0x0, 0xc, 0x0, 0xc0, 0x3,
    0x0, 0x30, 0x0, 0xc0, 0xc, 0x0, 0x30, 0x3,
    0x0, 0xc, 0x0, 0xc0, 0x3, 0x0, 0x30, 0x0,
    0xcf, 0xff, 0xfc, 0x33, 0xff, 0xff, 0xc, 0x0,
    0x0, 0x0,

    /* U+4F5C "作" */
    0x1, 0x87, 0x0, 0x0, 0xc1, 0x80, 0x0, 0x30,
    0x60, 0x0, 0x18, 0x30, 0x0, 0x6, 0xf, 0xff,
    0xc3, 0x7, 0xff, 0xf1, 0xc3, 0x98, 0x0, 0x70,
    0xc6, 0x0, 0x3c, 0x71, 0x80, 0x1f, 0x38, 0x60,
    0xe, 0xcc, 0x1f, 0xf9, 0x30, 0x7, 0xfe, 0xc,
    0x1, 0x80, 0x3, 0x0, 0x60, 0x0, 0xc0, 0x18,
    0x0, 0x30, 0x6, 0x0, 0xc, 0x1, 0xff, 0x83,
    0x0, 0x7f, 0xe0, 0xc0, 0x18, 0x0, 0x30, 0x6,
    0x0, 0xc, 0x1, 0x80, 0x3, 0x0, 0x60, 0x0,
    0xc0, 0x18, 0x0, 0x30, 0x6, 0x0, 0xc, 0x1,
    0x80, 0x0,

    /* U+4F7F "使" */
    0x1, 0x80, 0xc0, 0x0, 0xe0, 0x30, 0x0, 0x30,
    0xc, 0x0, 0x1b, 0xff, 0xff, 0x6, 0xff, 0xff,
    0xc3, 0x0, 0x30, 0x1, 0xc0, 0xc, 0x0, 0xf1,
    0xff, 0xfe, 0x3c, 0x7f, 0xff, 0x9f, 0x18, 0x30,
    0x6e, 0xc6, 0xc, 0x1b, 0x31, 0x83, 0x6, 0xc,
    0x60, 0xc1, 0x83, 0x1f, 0xff, 0xe0, 0xc7, 0xff,
    0xf8, 0x30, 0x3, 0x0, 0xc, 0x60, 0xc0, 0x3,
    0xc, 0x60, 0x0, 0xc1, 0x98, 0x0, 0x30, 0x3e,
    0x0, 0xc, 0x7, 0x80, 0x3, 0x3, 0xf8, 0x0,
    0xc3, 0xcf, 0xe0, 0x37, 0xc0, 0x7f, 0xc, 0xc0,
    0x3, 0x80,

    /* U+4FB5 "侵" */
    0x1, 0x0, 0x0, 0x0, 0x67, 0xff, 0xf0, 0xc,
    0x0, 0x6, 0x3, 0x0, 0x0, 0xc0, 0x60, 0x0,
    0x18, 0x18, 0x3f, 0xff, 0x7, 0x0, 0x0, 0x60,
    0xe0, 0x0, 0xc, 0x3c, 0x7f, 0xff, 0x8f, 0x80,
    0x0, 0x3, 0xb0, 0x0, 0x0, 0x66, 0x0, 0x0,
    0x0, 0xcf, 0xff, 0xfc, 0x19, 0x80, 0x1, 0x83,
    0x30, 0x0, 0x30, 0x66, 0x0, 0x6, 0xc, 0x3f,
    0xff, 0x1, 0x81, 0x80, 0xc0, 0x30, 0x38, 0x30,
    0x6, 0x3, 0x8e, 0x0, 0xc0, 0x3f, 0x0, 0x18,
    0x3, 0xe0, 0x3, 0x3, 0xff, 0x0, 0x67, 0xf0,
    0x7f, 0xc, 0xf0, 0x1, 0xc0,

    /* U+5099 "備" */
    0x3, 0x6, 0xc, 0x0, 0x60, 0xc1, 0x80, 0x1b,
    0xff, 0xff, 0x83, 0x7f, 0xff, 0xf0, 0xe0, 0x60,
    0xc0, 0x18, 0xc, 0x18, 0x7, 0x0, 0x0, 0x0,
    0xe3, 0xff, 0xff, 0x3c, 0x7f, 0xff, 0xe7, 0x8c,
    0x0, 0x1, 0xb1, 0x80, 0x0, 0x76, 0x33, 0xff,
    0xe4, 0xc6, 0x7f, 0xfc, 0x18, 0xc8, 0x61, 0x83,
    0x19, 0xc, 0x30, 0x63, 0x3f, 0xfe, 0xc, 0x64,
    0x30, 0xc1, 0x8c, 0x86, 0x18, 0x31, 0x90, 0xc3,
    0x6, 0x33, 0xff, 0xe0, 0xcc, 0x43, 0xc, 0x19,
    0x88, 0x61, 0x83, 0x31, 0xc, 0x30, 0x6c, 0x21,
    0x86, 0xd, 0x84, 0x37, 0xc0,

    /* U+514D "免" */
    0x0, 0xc0, 0x0, 0x0, 0xe0, 0x0, 0x0, 0xff,
    0xe0, 0x0, 0xff, 0xf8, 0x0, 0xe0, 0x38, 0x0,
    0xe0, 0x18, 0x0, 0xff, 0xff, 0xf9, 0xff, 0xff,
    0xfc, 0x58, 0xc, 0x6, 0xc, 0x6, 0x3, 0x6,
    0x3, 0x1, 0x83, 0x1, 0x80, 0xc1, 0x80, 0xc0,
    0x60, 0xff, 0xff, 0xf0, 0x7f, 0xff, 0xf8, 0x3f,
    0xff, 0xfc, 0x0, 0xc1, 0x80, 0x0, 0x60, 0xc0,
    0x0, 0x70, 0x60, 0x0, 0x30, 0x30, 0x0, 0x38,
    0x18, 0x18, 0x38, 0xc, 0xc, 0x78, 0x6, 0x7,
    0xf8, 0x3, 0xff, 0x60, 0x0, 0xff, 0x0,

    /* U+5165 "入" */
    0x7, 0xfc, 0x0, 0x1, 0xff, 0x0, 0x0, 0x0,
    0xc0, 0x0, 0x0, 0x30, 0x0, 0x0, 0xc, 0x0,
    0x0, 0x7, 0x0, 0x0, 0x1, 0xe0, 0x0, 0x0,
    0x78, 0x0, 0x0, 0x3e, 0x0, 0x0, 0xd, 0x80,
    0x0, 0x3, 0x70, 0x0, 0x1, 0xcc, 0x0, 0x0,
    0x63, 0x80, 0x0, 0x38, 0x60, 0x0, 0xc, 0x1c,
    0x0, 0x7, 0x3, 0x0, 0x3, 0x80, 0xe0, 0x0,
    0xe0, 0x1c, 0x0, 0x70, 0x3, 0x80, 0x38, 0x0,
    0x70, 0x3c, 0x0, 0xe, 0x1e, 0x0, 0x1, 0xef,
    0x0, 0x0, 0x39, 0x0, 0x0, 0x4,

    /* U+516C "公" */
    0x0, 0xc0, 0xc0, 0x0, 0x70, 0x38, 0x0, 0x18,
    0x6, 0x0, 0xe, 0x1, 0xc0, 0x3, 0x0, 0x38,
    0x1, 0xc0, 0x7, 0x0, 0xe0, 0x1, 0xc0, 0x70,
    0x0, 0x38, 0x1c, 0x0, 0x7, 0xe, 0x4, 0x0,
    0xef, 0x3, 0x80, 0x1c, 0x80, 0xc0, 0x6, 0x0,
    0x70, 0x0, 0x0, 0x1c, 0x0, 0x0, 0x6, 0x0,
    0x0, 0x3, 0x83, 0x80, 0x0, 0xc0, 0x70, 0x0,
    0x70, 0xe, 0x0, 0x18, 0x1, 0x80, 0xe, 0x0,
    0x70, 0x3, 0x0, 0xe, 0xf, 0xff, 0xff, 0xc3,
    0xff, 0xff, 0xf0, 0x0, 0x0, 0xe, 0x0, 0x0,
    0x0, 0x0,

    /* U+5171 "共" */
    0x1, 0x80, 0x60, 0x0, 0x60, 0x18, 0x0, 0x18,
    0x6, 0x0, 0x6, 0x1, 0x80, 0x1, 0x80, 0x60,
    0x0, 0x60, 0x18, 0x3, 0xff, 0xff, 0xf8, 0xff,
    0xff, 0xfe, 0x1, 0x80, 0x60, 0x0, 0x60, 0x18,
    0x0, 0x18, 0x6, 0x0, 0x6, 0x1, 0x80, 0x1,
    0x80, 0x60, 0x0, 0x60, 0x18, 0x0, 0x18, 0x6,
    0x3, 0xff, 0xff, 0xff, 0xff, 0xff, 0xff, 0xc0,
    0x0, 0x0, 0x0, 0x8, 0x4, 0x0, 0x7, 0x3,
    0x80, 0x3, 0x80, 0x70, 0x1, 0xc0, 0xe, 0x0,
    0xe0, 0x1, 0xe0, 0xf0, 0x0, 0x3c, 0x78, 0x0,
    0x3, 0x88, 0x0, 0x0, 0x40,

    /* U+51FA "出" */
    0x0, 0x30, 0x0, 0x0, 0xc0, 0x6, 0x3, 0x1,
    0x98, 0xc, 0x6, 0x60, 0x30, 0x19, 0x80, 0xc0,
    0x66, 0x3, 0x1, 0x98, 0xc, 0x6, 0x60, 0x30,
    0x19, 0x80, 0xc0, 0x67, 0xff, 0xff, 0x9f, 0xff,
    0xfe, 0x0, 0x30, 0x0, 0x0, 0xc0, 0xc, 0x3,
    0x0, 0xf0, 0xc, 0x3, 0xc0, 0x30, 0xf, 0x0,
    0xc0, 0x3c, 0x3, 0x0, 0xf0, 0xc, 0x3, 0xc0,
    0x30, 0xf, 0x0, 0xc0, 0x3f, 0xff, 0xff, 0xff,
    0xff, 0xff, 0xc0, 0x0, 0xc,

    /* U+521D "初" */
    0x6, 0x0, 0x0, 0x3, 0x0, 0x0, 0x1, 0x80,
    0x0, 0x0, 0xc3, 0xff, 0xf0, 0x61, 0xff, 0xf8,
    0x30, 0x6, 0xd, 0xff, 0x83, 0x6, 0xff, 0xc1,
    0x83, 0x0, 0xc0, 0xc1, 0x80, 0xe0, 0x60, 0xc0,
    0x60, 0x30, 0x60, 0x74, 0x18, 0x30, 0x73, 0xc,
    0x18, 0x3b, 0x6, 0xc, 0x3f, 0x7, 0x6, 0x3d,
    0x83, 0x3, 0x3e, 0xe1, 0x81, 0xfb, 0x38, 0xc0,
    0xd1, 0x88, 0xc0, 0x60, 0xc0, 0x60, 0x30, 0x60,
    0x70, 0x18, 0x30, 0x70, 0x1c, 0x18, 0x30, 0xe,
    0xc, 0x38, 0x6, 0x6, 0x78, 0x3f, 0x3, 0x18,
    0x1f, 0x0,

    /* U+5229 "利" */
    0x0, 0x38, 0x1, 0x81, 0xfe, 0x0, 0xdf, 0xf0,
    0x0, 0x6f, 0xb0, 0x18, 0x30, 0x18, 0xc, 0x18,
    0xc, 0x6, 0xc, 0x6, 0x3, 0x6, 0x3, 0x1,
    0x83, 0x7f, 0xfc, 0xc1, 0xbf, 0xfe, 0x60, 0xc0,
    0xe0, 0x30, 0x60, 0x70, 0x18, 0x30, 0x7c, 0xc,
    0x18, 0x3f, 0x6, 0xc, 0x36, 0xc3, 0x6, 0x1b,
    0x39, 0x83, 0x19, 0x8c, 0xc1, 0x98, 0xc0, 0x60,
    0xdc, 0x60, 0x0, 0x6c, 0x30, 0x0, 0x34, 0x18,
    0x0, 0x18, 0xc, 0x0, 0xc, 0x6, 0x0, 0x6,
    0x3, 0x0, 0x7f, 0x1, 0x80, 0x3f, 0x0,

    /* U+5236 "制" */
    0x19, 0x80, 0x3, 0x31, 0x80, 0x3, 0x31, 0x80,
    0x63, 0x3f, 0xfc, 0x63, 0x7f, 0xfc, 0x63, 0x61,
    0x80, 0x63, 0x41, 0x80, 0x63, 0xc1, 0x80, 0x63,
    0xff, 0xff, 0x63, 0xff, 0xff, 0x63, 0x1, 0x80,
    0x63, 0x1, 0x80, 0x63, 0x1, 0x80, 0x63, 0x7f,
    0xfc, 0x63, 0x7f, 0xfc, 0x63, 0x61, 0x8c, 0x63,
    0x61, 0x8c, 0x63, 0x61, 0x8c, 0x3, 0x61, 0x8c,
    0x3, 0x61, 0x8c, 0x3, 0x61, 0x8c, 0x3, 0x61,
    0xbc, 0x3, 0x61, 0xbc, 0x3, 0x1, 0x80, 0x3f,
    0x1, 0x80, 0x3e,

    /* U+524A "削" */
    0x3, 0x0, 0x0, 0x3, 0xc, 0x3, 0x63, 0xc,
    0x3, 0x63, 0x18, 0x3, 0x63, 0x18, 0xc3, 0x33,
    0x38, 0xc3, 0x33, 0x30, 0xc3, 0x3, 0x0, 0xc3,
    0x7f, 0xf8, 0xc3, 0x7f, 0xf8, 0xc3, 0x60, 0x18,
    0xc3, 0x60, 0x18, 0xc3, 0x60, 0x18, 0xc3, 0x7f,
    0xf8, 0xc3, 0x7f, 0xf8, 0xc3, 0x60, 0x18, 0xc3,
    0x60, 0x18, 0xc3, 0x60, 0x18, 0xc3, 0x7f, 0xf8,
    0xc3, 0x7f, 0xf8, 0xc3, 0x60, 0x18, 0x3, 0x60,
    0x18, 0x3, 0x60, 0x18, 0x3, 0x60, 0x18, 0x3,
    0x61, 0xf8, 0x7f, 0x60, 0xf0, 0x3e,

    /* U+529B "力" */
    0x0, 0x30, 0x0, 0x0, 0x30, 0x0, 0x0, 0x30,
    0x0, 0x0, 0x30, 0x0, 0x0, 0x30, 0x0, 0x0,
    0x30, 0x0, 0x7f, 0xff, 0xff, 0x7f, 0xff, 0xff,
    0x0, 0x30, 0x3, 0x0, 0x30, 0x3, 0x0, 0x30,
    0x3, 0x0, 0x60, 0x3, 0x0, 0x60, 0x3, 0x0,
    0x60, 0x3, 0x0, 0xe0, 0x3, 0x0, 0xc0, 0x3,
    0x1, 0xc0, 0x7, 0x1, 0x80, 0x7, 0x3, 0x80,
    0x6, 0x7, 0x0, 0x6, 0xe, 0x0, 0x6, 0x1c,
    0x0, 0xe, 0x38, 0x0, 0xe, 0xf0, 0x3, 0xfc,
    0x60, 0x3, 0xf8,

    /* U+529F "功" */
    0x0, 0x0, 0xc0, 0x0, 0x0, 0x30, 0x0, 0x0,
    0xc, 0x1, 0xff, 0x83, 0x0, 0x7f, 0xe0, 0xc0,
    0x1, 0x80, 0x30, 0x0, 0x61, 0xff, 0xfc, 0x18,
    0x7f, 0xff, 0x6, 0x0, 0xc0, 0xc1, 0x80, 0x30,
    0x30, 0x60, 0xc, 0xc, 0x18, 0x3, 0x3, 0x6,
    0x1, 0xc0, 0xc1, 0x80, 0x60, 0x30, 0x60, 0x18,
    0xc, 0x18, 0xc6, 0x3, 0x7, 0xf3, 0x80, 0xcf,
    0xf0, 0xc0, 0x37, 0xe0, 0x70, 0xd, 0x80, 0x18,
    0x3, 0x0, 0xe, 0x1, 0x80, 0x7, 0x0, 0x60,
    0x3, 0x80, 0x18, 0x3, 0xc1, 0xfe, 0x0, 0x60,
    0x7f, 0x0,

    /* U+52A0 "加" */
    0x6, 0x0, 0x0, 0x3, 0x0, 0x0, 0x1, 0x80,
    0x0, 0x0, 0xc0, 0x1f, 0xf0, 0x60, 0xf, 0xfb,
    0xff, 0xc6, 0xd, 0xff, 0xe3, 0x6, 0xc, 0x31,
    0x83, 0x6, 0x18, 0xc1, 0x83, 0xc, 0x60, 0xc1,
    0x86, 0x30, 0x60, 0xc3, 0x18, 0x30, 0x61, 0x8c,
    0x18, 0x30, 0xc6, 0xc, 0x38, 0x63, 0x6, 0x18,
    0x31, 0x83, 0xc, 0x18, 0xc1, 0x86, 0xc, 0x60,
    0xc7, 0x6, 0x30, 0x63, 0x3, 0x18, 0x31, 0x81,
    0x8c, 0x19, 0xc1, 0xc7, 0xfc, 0xc0, 0xe3, 0xfe,
    0xe3, 0xf1, 0x83, 0x61, 0xf0, 0xc1, 0x80,

    /* U+52B9 "効" */
    0x1, 0x80, 0x0, 0x0, 0x60, 0xc, 0x0, 0x18,
    0x3, 0x0, 0x6, 0x0, 0xc0, 0x7f, 0xfe, 0x30,
    0x1f, 0xff, 0x8c, 0x0, 0x0, 0x3, 0x0, 0x20,
    0x4f, 0xff, 0xc, 0x33, 0xff, 0xc7, 0x6, 0xc,
    0x31, 0x80, 0xc3, 0xc, 0xc0, 0x30, 0xc3, 0x70,
    0x36, 0x30, 0xda, 0x1c, 0xc, 0x30, 0xc6, 0x6,
    0xc, 0x1d, 0x81, 0x83, 0x3, 0xc0, 0x60, 0xc0,
    0x70, 0x18, 0x30, 0x1e, 0xe, 0xc, 0xf, 0xc3,
    0x3, 0x7, 0x38, 0xc0, 0xc3, 0x86, 0x60, 0x31,
    0xc0, 0x38, 0x1c, 0xe0, 0x1c, 0x6, 0x70, 0xf,
    0x1f, 0x88, 0x1, 0x87, 0xc0,

    /* U+5316 "化" */
    0x0, 0xc6, 0x0, 0x0, 0x71, 0x80, 0x0, 0x18,
    0x60, 0x0, 0xe, 0x18, 0x0, 0x3, 0x6, 0x0,
    0x1, 0xc1, 0x80, 0x40, 0x60, 0x60, 0x70, 0x38,
    0x18, 0x3c, 0x1e, 0x6, 0x1c, 0xf, 0x81, 0x9e,
    0x7, 0x60, 0x7e, 0x3, 0x98, 0x1f, 0x0, 0x46,
    0x7, 0x0, 0x1, 0x81, 0x80, 0x0, 0x60, 0x60,
    0x0, 0x18, 0x18, 0x0, 0x6, 0x6, 0x0, 0x1,
    0x81, 0x80, 0x0, 0x60, 0x60, 0x8, 0x18, 0x18,
    0x3, 0x6, 0x6, 0x0, 0xc1, 0x81, 0x80, 0x30,
    0x60, 0x60, 0x1c, 0x18, 0x1f, 0xfe, 0x6, 0x3,
    0xff, 0x0,

    /* U+5358 "単" */
    0x10, 0x20, 0x18, 0x1c, 0x18, 0xe, 0x7, 0xe,
    0xe, 0x1, 0x83, 0x6, 0x0, 0xc1, 0x87, 0x1,
    0xff, 0xff, 0xe0, 0xff, 0xff, 0xf0, 0x60, 0x30,
    0x18, 0x30, 0x18, 0xc, 0x18, 0xc, 0x6, 0xc,
    0x6, 0x3, 0x7, 0xff, 0xff, 0x83, 0x1, 0x80,
    0xc1, 0x80, 0xc0, 0x60, 0xc0, 0x60, 0x30, 0x7f,
    0xff, 0xf8, 0x3f, 0xff, 0xfc, 0x0, 0xc, 0x0,
    0x0, 0x6, 0x0, 0x1f, 0xff, 0xff, 0xff, 0xff,
    0xff, 0xf8, 0x0, 0xc0, 0x0, 0x0, 0x60, 0x0,
    0x0, 0x30, 0x0, 0x0, 0x18, 0x0, 0x0, 0xc,
    0x0, 0x0,

    /* U+53D6 "取" */
    0x7f, 0xfc, 0x0, 0xf, 0xff, 0x80, 0x0, 0x60,
    0xdf, 0xfe, 0xc, 0x1b, 0xff, 0xc1, 0x83, 0x10,
    0x18, 0x30, 0x66, 0x3, 0x7, 0xfc, 0xc0, 0xe0,
    0xff, 0x8c, 0x1c, 0x18, 0x31, 0x83, 0x3, 0x6,
    0x30, 0xe0, 0x60, 0xc7, 0x1c, 0xc, 0x18, 0x63,
    0x1, 0xff, 0xc, 0xe0, 0x3f, 0xe0, 0xdc, 0x6,
    0xc, 0x1f, 0x0, 0xc1, 0x83, 0xc0, 0x18, 0x30,
    0x38, 0x3, 0x6, 0xf, 0x0, 0x7f, 0xc1, 0xf0,
    0x7f, 0xf8, 0x77, 0xe, 0x3, 0x3c, 0x70, 0x0,
    0x6f, 0x7, 0x80, 0xd, 0x80, 0x70, 0x1, 0xa0,
    0x0,

    /* U+53D7 "受" */
    0x0, 0x0, 0x0, 0x0, 0x0, 0x7f, 0x87, 0xff,
    0xff, 0x80, 0xff, 0xf8, 0x0, 0x0, 0x18, 0xe,
    0x3, 0x6, 0x3, 0x0, 0xc0, 0xc1, 0xc0, 0x18,
    0x30, 0x60, 0x6, 0x8, 0x30, 0x1f, 0xff, 0xff,
    0xe7, 0xff, 0xff, 0xf9, 0x80, 0x0, 0x6, 0x60,
    0x0, 0x1, 0x98, 0x0, 0x0, 0x66, 0xff, 0xff,
    0x98, 0x3f, 0xff, 0xe0, 0x7, 0x0, 0x38, 0x0,
    0xe0, 0x1c, 0x0, 0x1c, 0xe, 0x0, 0x3, 0x87,
    0x0, 0x0, 0x77, 0x80, 0x0, 0xf, 0xc0, 0x0,
    0x7, 0xf0, 0x0, 0xf, 0xcf, 0xc0, 0x3f, 0xc0,
    0xff, 0x9f, 0x80, 0x7, 0xe0, 0x0, 0x0, 0x0,

    /* U+53EF "可" */
    0xff, 0xff, 0xff, 0xff, 0xff, 0xff, 0x0, 0x0,
    0x18, 0x0, 0x0, 0x18, 0x0, 0x0, 0x18, 0x0,
    0x0, 0x18, 0x0, 0x0, 0x18, 0x3f, 0xf8, 0x18,
    0x3f, 0xf8, 0x18, 0x30, 0x18, 0x18, 0x30, 0x18,
    0x18, 0x30, 0x18, 0x18, 0x30, 0x18, 0x18, 0x30,
    0x18, 0x18, 0x30, 0x18, 0x18, 0x3f, 0xf8, 0x18,
    0x3f, 0xf8, 0x18, 0x30, 0x0, 0x18, 0x30, 0x0,
    0x18, 0x0, 0x0, 0x18, 0x0, 0x0, 0x18, 0x0,
    0x0, 0x18, 0x0, 0xf, 0xf8, 0x0, 0x7, 0xf0,

    /* U+5408 "合" */
    0x0, 0x1c, 0x0, 0x0, 0xf, 0x80, 0x0, 0x7,
    0x60, 0x0, 0x3, 0x8c, 0x0, 0x1, 0xc1, 0xc0,
    0x0, 0xf0, 0x38, 0x0, 0x70, 0x7, 0x0, 0x38,
    0x0, 0xe0, 0x1c, 0x0, 0x1e, 0x1f, 0xff, 0xfd,
    0xee, 0x7f, 0xff, 0x39, 0x0, 0x0, 0x2, 0x0,
    0x0, 0x0, 0x0, 0x0, 0x0, 0x0, 0xff, 0xff,
    0x80, 0x3f, 0xff, 0xe0, 0xc, 0x0, 0x18, 0x3,
    0x0, 0x6, 0x0, 0xc0, 0x1, 0x80, 0x30, 0x0,
    0x60, 0xc, 0x0, 0x18, 0x3, 0x0, 0x6, 0x0,
    0xff, 0xff, 0x80, 0x3f, 0xff, 0xe0, 0xc, 0x0,
    0x18, 0x0,

    /* U+540D "名" */
    0x0, 0x60, 0x0, 0x0, 0xe0, 0x0, 0x0, 0xc0,
    0x0, 0x1, 0xff, 0xe0, 0x3, 0xff, 0xf0, 0x7,
    0x0, 0xe0, 0xe, 0x1, 0xe0, 0x1e, 0x1, 0xc0,
    0x7f, 0x3, 0x80, 0xe3, 0xc7, 0x80, 0x40, 0xef,
    0x0, 0x0, 0x7e, 0x0, 0x0, 0x3c, 0x0, 0x0,
    0x78, 0x0, 0x0, 0xff, 0xff, 0x3, 0xff, 0xff,
    0xf, 0xc0, 0x3, 0x3e, 0xc0, 0x3, 0xf8, 0xc0,
    0x3, 0xe0, 0xc0, 0x3, 0x0, 0xc0, 0x3, 0x0,
    0xc0, 0x3, 0x0, 0xc0, 0x3, 0x0, 0xff, 0xff,
    0x0, 0xff, 0xff, 0x0, 0xc0, 0x3,

    /* U+544A "告" */
    0x6, 0xc, 0x0, 0x3, 0x6, 0x0, 0x1, 0x83,
    0x0, 0x1, 0xc1, 0x80, 0x0, 0xff, 0xff, 0xe0,
    0xff, 0xff, 0xf0, 0xe0, 0x30, 0x0, 0x70, 0x18,
    0x0, 0x70, 0xc, 0x0, 0x30, 0x6, 0x0, 0x0,
    0x3, 0x0, 0x1f, 0xff, 0xff, 0xff, 0xff, 0xff,
    0xf8, 0x0, 0x0, 0x0, 0x0, 0x0, 0x0, 0x0,
    0x0, 0x0, 0xf, 0xff, 0xfc, 0x7, 0xff, 0xfe,
    0x3, 0x0, 0x3, 0x1, 0x80, 0x1, 0x80, 0xc0,
    0x0, 0xc0, 0x60, 0x0, 0x60, 0x30, 0x0, 0x30,
    0x1f, 0xff, 0xf8, 0xf, 0xff, 0xfc, 0x6, 0x0,
    0x6, 0x0,

    /* U+5468 "周" */
    0x1f, 0xff, 0xfe, 0x3f, 0xff, 0xfc, 0x60, 0x0,
    0x18, 0xc0, 0x60, 0x31, 0x80, 0xc0, 0x63, 0x3f,
    0xfc, 0xc6, 0x3, 0x1, 0x8c, 0x6, 0x3, 0x18,
    0xc, 0x6, 0x37, 0xff, 0xec, 0x6f, 0xff, 0xd8,
    0xc0, 0x0, 0x31, 0x80, 0x0, 0x63, 0x0, 0x0,
    0xce, 0x3f, 0xf1, 0x9c, 0x60, 0x63, 0x38, 0xc0,
    0xc6, 0x61, 0x81, 0x8c, 0xc3, 0x3, 0x1b, 0x87,
    0xfe, 0x36, 0xc, 0x0, 0x7c, 0x18, 0x0, 0xf0,
    0x0, 0x3f, 0xe0, 0x0, 0x3e,

    /* U+554F "問" */
    0xff, 0xc7, 0xff, 0x81, 0x8c, 0xf, 0x3, 0x18,
    0x1e, 0x6, 0x30, 0x3f, 0xfc, 0x7f, 0xf8, 0x18,
    0xc0, 0xf0, 0x31, 0x81, 0xe0, 0x63, 0x3, 0xff,
    0xc7, 0xff, 0x80, 0x0, 0xf, 0x0, 0x0, 0x1e,
    0x0, 0x0, 0x3c, 0x3f, 0xf8, 0x78, 0x7f, 0xf0,
    0xf0, 0xc0, 0x61, 0xe1, 0x80, 0xc3, 0xc3, 0x1,
    0x87, 0x86, 0x3, 0xf, 0xf, 0xfe, 0x1e, 0x1f,
    0xfc, 0x3c, 0x30, 0x0, 0x78, 0x60, 0x0, 0xf0,
    0x0, 0x1f, 0xe0, 0x0, 0x3e,

    /* U+56DE "回" */
    0xff, 0xff, 0xff, 0xff, 0xff, 0xff, 0x0, 0x0,
    0x1e, 0x0, 0x0, 0x3c, 0x0, 0x0, 0x78, 0x0,
    0x0, 0xf0, 0xff, 0xe1, 0xe1, 0xff, 0xc3, 0xc3,
    0x1, 0x87, 0x86, 0x3, 0xf, 0xc, 0x6, 0x1e,
    0x18, 0xc, 0x3c, 0x30, 0x18, 0x78, 0x60, 0x30,
    0xf0, 0xff, 0xe1, 0xe1, 0xff, 0xc3, 0xc0, 0x0,
    0x7, 0x80, 0x0, 0xf, 0x0, 0x0, 0x1e, 0x0,
    0x0, 0x3c, 0x0, 0x0, 0x7f, 0xff, 0xff, 0xff,
    0xff, 0xff, 0xe0, 0x0, 0x3,

    /* U+5728 "在" */
    0x0, 0x30, 0x0, 0x0, 0x1c, 0x0, 0x0, 0x6,
    0x0, 0x0, 0x1, 0x80, 0x0, 0x7f, 0xff, 0xff,
    0xdf, 0xff, 0xff, 0xf0, 0x1c, 0x0, 0x0, 0x6,
    0x0, 0x0, 0x3, 0x80, 0xc0, 0x0, 0xc0, 0x30,
    0x0, 0x70, 0xc, 0x0, 0x38, 0x3, 0x0, 0x1e,
    0x0, 0xc0, 0xf, 0x9f, 0xff, 0xc7, 0x67, 0xff,
    0xf3, 0x98, 0x3, 0x0, 0x46, 0x0, 0xc0, 0x1,
    0x80, 0x30, 0x0, 0x60, 0xc, 0x0, 0x18, 0x3,
    0x0, 0x6, 0x0, 0xc0, 0x1, 0x80, 0x30, 0x0,
    0x60, 0xc, 0x0, 0x1b, 0xff, 0xff, 0x6, 0xff,
    0xff, 0xc0,

    /* U+5831 "報" */
    0x6, 0x0, 0x0, 0x1, 0x81, 0xff, 0xc0, 0x60,
    0x7f, 0xf1, 0xff, 0x98, 0xc, 0x7f, 0xe6, 0x3,
    0x1, 0x81, 0x80, 0xc0, 0x60, 0x60, 0x30, 0x18,
    0x18, 0xc, 0xff, 0xf6, 0x3f, 0x3f, 0xfd, 0x8f,
    0x82, 0x6, 0x60, 0x0, 0xc3, 0x1f, 0xfe, 0x30,
    0xc7, 0xff, 0x6, 0x21, 0xe0, 0xcf, 0xff, 0x6c,
    0x33, 0xff, 0xdb, 0xc, 0x6, 0x6, 0xc6, 0x1,
    0x81, 0x99, 0x80, 0x60, 0x66, 0xc3, 0xff, 0x98,
    0xf0, 0xff, 0xe6, 0x18, 0x1, 0x81, 0x8f, 0x0,
    0x60, 0x63, 0xe0, 0x18, 0x19, 0x9c, 0x6, 0x7,
    0xc3, 0xc1, 0x81, 0xa0, 0x60,

    /* U+5909 "変" */
    0x0, 0xc, 0x0, 0x0, 0x3, 0x0, 0x0, 0x0,
    0xc0, 0x1, 0xff, 0xff, 0xff, 0x7f, 0xff, 0xff,
    0xc0, 0xc, 0x30, 0x0, 0x3, 0xc, 0x0, 0x18,
    0xc3, 0x30, 0xc, 0x30, 0xc6, 0x7, 0x1c, 0x31,
    0xc3, 0x86, 0xc, 0x39, 0xc3, 0x83, 0x7, 0x61,
    0xc7, 0xc0, 0xc0, 0xe1, 0xe0, 0x0, 0x37, 0x0,
    0x0, 0x3, 0x80, 0x0, 0x1, 0xff, 0xfc, 0x1,
    0xe0, 0xe, 0x0, 0xec, 0x7, 0x1, 0xf3, 0x83,
    0x80, 0x30, 0x7b, 0xc0, 0x0, 0x7, 0xe0, 0x0,
    0x3, 0xf8, 0x0, 0xf, 0xef, 0xe0, 0xff, 0xc0,
    0xff, 0xdf, 0x0, 0x3, 0xe0,

    /* U+5927 "大" */
    0x0, 0xe, 0x0, 0x0, 0x3, 0x80, 0x0, 0x0,
    0xe0, 0x0, 0x0, 0x38, 0x0, 0x0, 0xe, 0x0,
    0x0, 0x3, 0x0, 0x0, 0x0, 0xc0, 0x0, 0x0,
    0x30, 0x0, 0x7f, 0xff, 0xff, 0xdf, 0xff, 0xff,
    0xf0, 0x1, 0xe0, 0x0, 0x0, 0x7c, 0x0, 0x0,
    0x1b, 0x0, 0x0, 0x6, 0xe0, 0x0, 0x3, 0x98,
    0x0, 0x0, 0xc7, 0x0, 0x0, 0x70, 0xc0, 0x0,
    0x38, 0x38, 0x0, 0xe, 0x7, 0x0, 0x7, 0x0,
    0xe0, 0x3, 0x80, 0x3c, 0x1, 0xc0, 0x7, 0x81,
    0xe0, 0x0, 0xf1, 0xf0, 0x0, 0x1f, 0x70, 0x0,
    0x1, 0xc0, 0x0, 0x0, 0x0,

    /* U+5931 "失" */
    0x0, 0x18, 0x0, 0x1, 0x86, 0x0, 0x0, 0xe1,
    0x80, 0x0, 0x30, 0x60, 0x0, 0xc, 0x18, 0x0,
    0x7, 0xff, 0xff, 0x1, 0xff, 0xff, 0xc0, 0xe0,
    0x60, 0x0, 0x30, 0x18, 0x0, 0x1c, 0x6, 0x0,
    0xe, 0x1, 0x80, 0x0, 0x0, 0x60, 0x0, 0x0,
    0x18, 0x0, 0x3f, 0xff, 0xff, 0xef, 0xff, 0xff,
    0xf8, 0x0, 0xf0, 0x0, 0x0, 0x36, 0x0, 0x0,
    0x1d, 0x80, 0x0, 0xe, 0x30, 0x0, 0x3, 0x8e,
    0x0, 0x1, 0xc1, 0xc0, 0x1, 0xe0, 0x38, 0x0,
    0xf0, 0x7, 0x80, 0xf0, 0x0, 0xf8, 0xf8, 0x0,
    0xf, 0x98, 0x0, 0x0, 0xe0,

    /* U+5968 "奨" */
    0x3, 0x0, 0xf, 0x0, 0xdf, 0xff, 0xc6, 0x37,
    0xe0, 0x20, 0xcc, 0x86, 0xc, 0x33, 0x31, 0x86,
    0x6, 0xc6, 0x33, 0x1, 0x31, 0x89, 0xc0, 0xc,
    0x0, 0x30, 0x3, 0x7f, 0xff, 0xc3, 0xc0, 0x3,
    0x3, 0xf1, 0xc0, 0xc1, 0xcc, 0x38, 0x30, 0x63,
    0x7, 0xc, 0x0, 0xc0, 0x83, 0x0, 0x30, 0xc7,
    0xc0, 0xc, 0x31, 0xe0, 0x0, 0xc, 0x0, 0x1f,
    0xff, 0xff, 0xf7, 0xff, 0xff, 0xfc, 0x0, 0xfc,
    0x0, 0x0, 0x73, 0x0, 0x0, 0x3c, 0x70, 0x0,
    0x3c, 0xf, 0x1, 0xfe, 0x0, 0xff, 0x7c, 0x0,
    0xf, 0xc0,

    /* U+5B58 "存" */
    0x0, 0x20, 0x0, 0x0, 0xc, 0x0, 0x0, 0x7,
    0x0, 0x0, 0x1, 0x80, 0x0, 0x7f, 0xff, 0xff,
    0xdf, 0xff, 0xff, 0xf0, 0xc, 0x0, 0x0, 0x7,
    0x0, 0x0, 0x1, 0x80, 0x0, 0x0, 0xe7, 0xff,
    0xc0, 0x31, 0xff, 0xf0, 0x1c, 0x0, 0x18, 0xe,
    0x0, 0xc, 0x7, 0x0, 0xe, 0x3, 0xc0, 0xf,
    0x1, 0xf0, 0x3, 0x80, 0xfc, 0x0, 0xe0, 0x13,
    0x3f, 0xff, 0xf0, 0xcf, 0xff, 0xfc, 0x30, 0x3,
    0x80, 0xc, 0x0, 0xe0, 0x3, 0x0, 0x38, 0x0,
    0xc0, 0xe, 0x0, 0x30, 0x3, 0x80, 0xc, 0xf,
    0xe0, 0x3, 0x3, 0xf0, 0x0,

    /* U+5B8C "完" */
    0x0, 0x1c, 0x0, 0x0, 0x7, 0x0, 0x0, 0x1,
    0xc0, 0x1, 0xff, 0xff, 0xfc, 0x7f, 0xff, 0xff,
    0x18, 0x0, 0x0, 0xc6, 0x0, 0x0, 0x31, 0x80,
    0x0, 0xc, 0x7, 0xff, 0xf0, 0x1, 0xff, 0xfc,
    0x0, 0x0, 0x0, 0x0, 0x0, 0x0, 0x0, 0x0,
    0x0, 0x0, 0x1f, 0xff, 0xff, 0xe7, 0xff, 0xff,
    0xf8, 0x7, 0xe, 0x0, 0x1, 0x83, 0x80, 0x0,
    0x60, 0xe0, 0x0, 0x18, 0x38, 0x0, 0xe, 0xe,
    0x4, 0x7, 0x3, 0x81, 0xc3, 0x80, 0xe0, 0x71,
    0xe0, 0x38, 0x19, 0xe0, 0x7, 0xfe, 0xf0, 0x1,
    0xff, 0x80, 0x0, 0x0, 0x0,

    /* U+5B9A "定" */
    0x0, 0xc, 0x0, 0x0, 0x6, 0x0, 0x0, 0x3,
    0x0, 0xf, 0xff, 0xff, 0xe7, 0xff, 0xff, 0xf3,
    0x0, 0x0, 0x19, 0x80, 0x0, 0xc, 0xc0, 0x0,
    0x6, 0x67, 0xff, 0xfb, 0x3, 0xff, 0xfc, 0x0,
    0x3, 0x0, 0x0, 0x1, 0x80, 0x0, 0x0, 0xc0,
    0x0, 0x30, 0x60, 0x0, 0x18, 0x30, 0x0, 0xc,
    0x1f, 0xf8, 0xe, 0xf, 0xfc, 0x7, 0x6, 0x0,
    0x3, 0x83, 0x0, 0x3, 0xe1, 0x80, 0x1, 0xb8,
    0xc0, 0x1, 0xce, 0x60, 0x1, 0xc3, 0xf0, 0x1,
    0xc0, 0x7f, 0xff, 0xe0, 0x7, 0xff, 0x0, 0x0,
    0x0, 0x0,

    /* U+5BC6 "密" */
    0x0, 0xc, 0x0, 0x0, 0x3, 0x0, 0x7, 0xff,
    0xff, 0xf9, 0xff, 0xff, 0xfe, 0x60, 0x60, 0x1,
    0x98, 0x1e, 0x8, 0x66, 0x1, 0xc7, 0x18, 0x6,
    0x33, 0x80, 0x19, 0x81, 0xcc, 0x6, 0x60, 0xe1,
    0x83, 0x18, 0xf0, 0x30, 0xc6, 0xf0, 0xce, 0x61,
    0xf0, 0x31, 0xd0, 0xf8, 0xc, 0x31, 0xff, 0xfe,
    0x3, 0xf0, 0x30, 0x0, 0x60, 0xc, 0x0, 0x6,
    0x3, 0x1, 0x81, 0x80, 0xc0, 0x60, 0x60, 0x30,
    0x18, 0x18, 0xc, 0x6, 0x6, 0x3, 0x1, 0x81,
    0xff, 0xff, 0xe0, 0x7f, 0xff, 0xf8, 0x18, 0x0,
    0x6, 0x0,

    /* U+5E03 "布" */
    0x0, 0x30, 0x0, 0x0, 0xc, 0x0, 0x0, 0x7,
    0x0, 0x0, 0x1, 0x80, 0x0, 0x7f, 0xff, 0xff,
    0xdf, 0xff, 0xff, 0xf0, 0xc, 0x0, 0x0, 0x6,
    0x18, 0x0, 0x3, 0x86, 0x0, 0x0, 0xc1, 0x80,
    0x0, 0x70, 0x60, 0x0, 0x3f, 0xff, 0xfc, 0x1f,
    0xff, 0xff, 0xf, 0xc1, 0x80, 0xc7, 0x70, 0x60,
    0x33, 0x9c, 0x18, 0xc, 0x47, 0x6, 0x3, 0x1,
    0xc1, 0x80, 0xc0, 0x70, 0x60, 0x30, 0x1c, 0x18,
    0xc, 0x7, 0x6, 0x3f, 0x1, 0xc1, 0x8f, 0x80,
    0x70, 0x60, 0x0, 0x0, 0x18, 0x0, 0x0, 0x6,
    0x0, 0x0,

    /* U+5F15 "引" */
    0x0, 0x0, 0xd, 0xff, 0xc0, 0x37, 0xff, 0x0,
    0xc0, 0xc, 0x3, 0x0, 0x30, 0xc, 0x0, 0xc0,
    0x30, 0x3, 0x0, 0xcf, 0xfc, 0x3, 0x7f, 0xf0,
    0xd, 0xc0, 0x0, 0x36, 0x0, 0x0, 0xd8, 0x0,
    0x3, 0x60, 0x0, 0xd, 0xff, 0xc0, 0x3f, 0xff,
    0x0, 0xf0, 0xc, 0x3, 0x0, 0x30, 0xc, 0x0,
    0xc0, 0x30, 0x7, 0x0, 0xc0, 0x18, 0x3, 0x0,
    0x60, 0xc, 0x1, 0x80, 0x30, 0xe, 0x0, 0xc7,
    0xf0, 0x3, 0xf, 0xc0, 0xc,

    /* U+5F31 "弱" */
    0x7f, 0xe3, 0xff, 0x7f, 0xe3, 0xff, 0x0, 0x60,
    0x3, 0x0, 0x60, 0x3, 0x0, 0x60, 0x3, 0x3f,
    0xe3, 0xff, 0x3f, 0xe3, 0xff, 0x60, 0x3, 0x0,
    0x60, 0x3, 0x0, 0x60, 0x7, 0x0, 0x7f, 0xe7,
    0xff, 0x7f, 0xe7, 0xff, 0xe0, 0x66, 0x3, 0x30,
    0x61, 0x83, 0x18, 0x60, 0xc3, 0xc, 0x60, 0x63,
    0x0, 0x60, 0x43, 0x3, 0x60, 0x3b, 0x1f, 0x61,
    0xf3, 0xf8, 0x6f, 0x83, 0xc0, 0xe6, 0x3, 0x0,
    0xc0, 0x7, 0xf, 0xc0, 0x7e, 0xf, 0x80, 0x7c,

    /* U+5FA9 "復" */
    0x2, 0xc, 0x0, 0x0, 0xc1, 0x80, 0x0, 0x38,
    0x70, 0x0, 0xe, 0xf, 0xff, 0xe3, 0x83, 0xff,
    0xfc, 0xe0, 0x60, 0x0, 0x38, 0x98, 0x0, 0x0,
    0x1f, 0xff, 0xf8, 0x6, 0x58, 0x3, 0x1, 0xc3,
    0x0, 0x60, 0x30, 0x7f, 0xfc, 0xe, 0xc, 0x1,
    0x83, 0xc1, 0x80, 0x30, 0xd8, 0x30, 0x6, 0x33,
    0x7, 0xff, 0xc0, 0x60, 0x18, 0x0, 0xc, 0x6,
    0x0, 0x1, 0x81, 0xff, 0xe0, 0x30, 0xf0, 0x1c,
    0x6, 0x3b, 0x7, 0x0, 0xce, 0x39, 0xc0, 0x18,
    0x3, 0xf0, 0x3, 0x0, 0x7e, 0x0, 0x60, 0xfd,
    0xf8, 0xc, 0xfe, 0xf, 0xe1, 0x9c, 0x0, 0x18,

    /* U+5FC5 "必" */
    0x0, 0x60, 0x0, 0x0, 0x3c, 0x1, 0x0, 0x3,
    0x80, 0xe0, 0x0, 0x70, 0x30, 0x0, 0xf, 0x1c,
    0x0, 0x0, 0xc6, 0x0, 0xc, 0x3, 0x0, 0x3,
    0x1, 0xc0, 0x18, 0xc0, 0x60, 0x6, 0x30, 0x33,
    0x1, 0x8c, 0x1c, 0xc0, 0x63, 0xe, 0x18, 0x38,
    0xc7, 0x7, 0xc, 0x33, 0x80, 0xc3, 0xd, 0xc0,
    0x39, 0xc3, 0xe0, 0x6, 0x60, 0xf0, 0x1, 0x98,
    0x38, 0x0, 0x70, 0x3c, 0x1, 0x88, 0x1f, 0x0,
    0x60, 0x1e, 0xc0, 0x18, 0x1f, 0x30, 0x6, 0x7,
    0xc, 0x3, 0x80, 0x3, 0xff, 0xc0, 0x0, 0x7f,
    0xe0, 0x0,

    /* U+5FD8 "忘" */
    0x0, 0xc, 0x0, 0x0, 0x3, 0x0, 0x0, 0x0,
    0xc0, 0x0, 0x0, 0x30, 0x0, 0x7f, 0xff, 0xff,
    0x9f, 0xff, 0xff, 0xe0, 0xc0, 0x0, 0x0, 0x30,
    0x0, 0x0, 0xc, 0x0, 0x0, 0x3, 0x0, 0x0,
    0x0, 0xc0, 0x0, 0x0, 0x30, 0x0, 0x0, 0xf,
    0xff, 0xfe, 0x0, 0xff, 0xff, 0x80, 0x2, 0x0,
    0x0, 0x1, 0xc0, 0x0, 0x0, 0x3c, 0x0, 0x0,
    0x3, 0x80, 0x1, 0x98, 0x71, 0xc0, 0x66, 0x8,
    0x38, 0x31, 0x80, 0x7, 0xc, 0x60, 0xc, 0xe6,
    0x18, 0x3, 0x1b, 0x86, 0x0, 0xc7, 0x41, 0xff,
    0xf0, 0x80, 0x3f, 0xf8, 0x0,

    /* U+60C5 "情" */
    0xc, 0x0, 0xc0, 0x3, 0x0, 0x30, 0x0, 0xc7,
    0xff, 0xf8, 0x30, 0x3, 0x0, 0xf, 0x0, 0xc0,
    0xb, 0x4f, 0xff, 0xe2, 0xd8, 0xc, 0x1, 0xb4,
    0x3, 0x0, 0x6c, 0xff, 0xff, 0xdb, 0x3f, 0xff,
    0xf6, 0xc0, 0x0, 0x1, 0x30, 0x0, 0x0, 0xc,
    0x1f, 0xff, 0x3, 0x6, 0x0, 0xc0, 0xc1, 0x80,
    0x30, 0x30, 0x60, 0xc, 0xc, 0x1f, 0xff, 0x3,
    0x6, 0x0, 0xc0, 0xc1, 0x80, 0x30, 0x30, 0x60,
    0xc, 0xc, 0x1f, 0xff, 0x3, 0x6, 0x0, 0xc0,
    0xc1, 0x80, 0x30, 0x30, 0x60, 0x7c, 0xc, 0x18,
    0x1f, 0x0,

    /* U+610F "意" */
    0x0, 0xc, 0x0, 0x0, 0x3, 0x0, 0x3, 0xff,
    0xff, 0xf0, 0xff, 0xff, 0xfc, 0x1, 0x80, 0x60,
    0x0, 0x60, 0x18, 0x0, 0xc, 0xc, 0x1, 0xff,
    0xff, 0xfe, 0x0, 0x0, 0x0, 0x0, 0x0, 0x0,
    0x0, 0xff, 0xff, 0xc0, 0x30, 0x0, 0x30, 0xc,
    0x0, 0xc, 0x3, 0x0, 0x3, 0x0, 0xff, 0xff,
    0xc0, 0x30, 0x0, 0x30, 0xc, 0x0, 0xc, 0x3,
    0xff, 0xff, 0x0, 0x1, 0x0, 0x0, 0x0, 0x70,
    0x20, 0xd, 0x87, 0xe, 0x6, 0x60, 0x91, 0xc3,
    0x98, 0x6, 0x39, 0xc6, 0x1, 0x86, 0xe1, 0xff,
    0xe0, 0x80, 0x3f, 0xf0, 0x0,

    /* U+6210 "成" */
    0x0, 0x1, 0x80, 0x0, 0x0, 0x67, 0x0, 0x0,
    0x18, 0xe0, 0x0, 0x6, 0x1e, 0x0, 0x1, 0x81,
    0x7, 0xff, 0xff, 0xf1, 0xff, 0xff, 0xfc, 0x60,
    0x6, 0x0, 0x18, 0x1, 0x80, 0x6, 0x0, 0x60,
    0x81, 0x80, 0x1c, 0x30, 0x7f, 0xc7, 0xc, 0x1f,
    0xf1, 0xc7, 0x6, 0xc, 0x31, 0x81, 0x83, 0xc,
    0xe0, 0x60, 0xc3, 0x30, 0x38, 0x30, 0xf8, 0xe,
    0xc, 0x3e, 0x3, 0x83, 0x7, 0x0, 0xe0, 0xc1,
    0xc1, 0x33, 0xf0, 0xf0, 0x4c, 0xf8, 0x7c, 0x37,
    0x0, 0x7b, 0x8d, 0xc0, 0x3c, 0x73, 0xe0, 0x1c,
    0xf, 0xd0, 0x6, 0x1, 0xe0,

    /* U+6240 "所" */
    0x0, 0x0, 0x3, 0x9f, 0xfe, 0x3, 0xe7, 0xff,
    0xa7, 0xe0, 0x0, 0xf, 0xc0, 0x0, 0x3, 0x0,
    0x0, 0x0, 0xc0, 0x3, 0xff, 0x30, 0x0, 0xff,
    0xcc, 0x0, 0x30, 0x33, 0x0, 0xc, 0xc, 0xff,
    0xf3, 0x3, 0x3f, 0xfc, 0xc0, 0xcc, 0x18, 0x30,
    0x33, 0x6, 0xf, 0xfc, 0xc1, 0x83, 0xff, 0x30,
    0x60, 0xc0, 0xc, 0x18, 0x30, 0x6, 0x6, 0xc,
    0x1, 0x81, 0x87, 0x0, 0x60, 0x61, 0x80, 0x18,
    0x18, 0x60, 0xc, 0x6, 0x18, 0x7, 0x1, 0x86,
    0x1, 0x80, 0x63, 0x0, 0xe0, 0x18, 0x40, 0x10,
    0x6, 0x0,

    /* U+6307 "指" */
    0xc, 0x18, 0x0, 0x3, 0x6, 0x0, 0x0, 0xc1,
    0x80, 0x60, 0x30, 0x60, 0xfc, 0xc, 0x1b, 0xf8,
    0x3, 0x7, 0xe0, 0xf, 0xf9, 0x80, 0xb, 0xfe,
    0x60, 0x2, 0xc, 0x18, 0x1, 0x83, 0x6, 0x0,
    0x60, 0xc1, 0xff, 0xf8, 0x30, 0x3f, 0xfc, 0xc,
    0x0, 0x0, 0x3, 0x70, 0x0, 0x0, 0xfd, 0xff,
    0xf3, 0xf8, 0x7f, 0xfc, 0xfc, 0x18, 0x3, 0x23,
    0x6, 0x0, 0xc0, 0xc1, 0x80, 0x30, 0x30, 0x7f,
    0xfc, 0xc, 0x18, 0x3, 0x3, 0x6, 0x0, 0xc0,
    0xc1, 0x80, 0x30, 0x30, 0x60, 0xc, 0x7c, 0x1f,
    0xff, 0x1e, 0x6, 0x0, 0xc0,

    /* U+63A5 "接" */
    0xc, 0x0, 0xc0, 0x3, 0x0, 0x30, 0x0, 0xc0,
    0xc, 0x0, 0x31, 0xff, 0xfe, 0xc, 0x7f, 0xff,
    0x83, 0x3, 0x3, 0xf, 0xf8, 0x60, 0xc3, 0xfe,
    0x18, 0x30, 0xc, 0x6, 0x18, 0x3, 0x1, 0x86,
    0x0, 0xcf, 0xff, 0xfc, 0x33, 0xff, 0xff, 0xc,
    0x3, 0x80, 0x3, 0x60, 0xc0, 0x0, 0xf8, 0x30,
    0x1, 0xfd, 0xff, 0xff, 0xfc, 0x7f, 0xff, 0xe3,
    0x3, 0x3, 0x0, 0xc0, 0xc0, 0xc0, 0x30, 0x60,
    0x60, 0xc, 0x1f, 0x38, 0x3, 0x4, 0xfc, 0x0,
    0xc0, 0xf, 0xc0, 0x30, 0x1f, 0x7c, 0x7c, 0xfe,
    0x7, 0x9e, 0x1c, 0x0, 0x40,

    /* U+63A8 "推" */
    0xc, 0x4, 0x0, 0x3, 0x1, 0x83, 0x0, 0xc0,
    0xe1, 0xc0, 0x30, 0x30, 0x60, 0xc, 0xc, 0x38,
    0x3, 0x6, 0xc, 0xf, 0xf9, 0xff, 0xff, 0xfe,
    0xff, 0xff, 0xc, 0x78, 0x30, 0x3, 0x3e, 0xc,
    0x0, 0xcd, 0x83, 0x0, 0x33, 0x7f, 0xfe, 0xc,
    0x1f, 0xff, 0x83, 0xe6, 0xc, 0x3, 0xf9, 0x83,
    0x3, 0xf0, 0x60, 0xc0, 0xec, 0x18, 0x30, 0x3,
    0x7, 0xff, 0xe0, 0xc1, 0xff, 0xf8, 0x30, 0x60,
    0xc0, 0xc, 0x18, 0x30, 0x3, 0x6, 0xc, 0x0,
    0xc1, 0x83, 0x0, 0x30, 0x7f, 0xff, 0x7c, 0x1f,
    0xff, 0xde, 0x6, 0x0, 0x0,

    /* U+6557 "敗" */
    0x0, 0x0, 0xc0, 0xf, 0xfc, 0x30, 0x3, 0x3,
    0x1c, 0x0, 0xc0, 0xc6, 0x0, 0x30, 0x31, 0x80,
    0xc, 0xc, 0x7f, 0xf3, 0xff, 0x3f, 0xfc, 0xc0,
    0xcc, 0xc, 0x30, 0x37, 0x87, 0xc, 0xd, 0xe1,
    0x83, 0x3, 0xd8, 0x60, 0xff, 0xf6, 0x18, 0x30,
    0x30, 0xce, 0xc, 0xc, 0x33, 0x3, 0x3, 0xe,
    0xc0, 0xc0, 0xc1, 0xf0, 0x30, 0x30, 0x78, 0xf,
    0xfc, 0xe, 0x0, 0x0, 0x3, 0x80, 0x33, 0x81,
    0xe0, 0x18, 0x60, 0xfc, 0xe, 0xc, 0x73, 0x83,
    0x3, 0x78, 0x79, 0xc0, 0x3c, 0xf, 0x60, 0xc,
    0x0, 0x80,

    /* U+6570 "数" */
    0x3, 0x10, 0x60, 0xc, 0xc6, 0x38, 0x3, 0x33,
    0xc, 0x0, 0x6c, 0xc3, 0x0, 0x13, 0x20, 0xc0,
    0x3f, 0xff, 0x7f, 0xff, 0xff, 0xdf, 0xfc, 0x1e,
    0x6, 0xc, 0xf, 0xe3, 0x83, 0x6, 0xdc, 0xf0,
    0xc7, 0x31, 0xfc, 0x73, 0x8c, 0x1b, 0x18, 0x43,
    0xe, 0xc6, 0x1, 0x81, 0x19, 0x80, 0xe0, 0x6,
    0xc3, 0xff, 0xf1, 0xf0, 0x18, 0x60, 0x3c, 0x6,
    0x18, 0xe, 0x3, 0x86, 0x3, 0x81, 0xfb, 0x1,
    0xf0, 0x7, 0xc0, 0xee, 0x0, 0xf8, 0x71, 0xc1,
    0xf7, 0x78, 0x3b, 0xf0, 0xfc, 0x7, 0x60, 0x4,
    0x0, 0x80,

    /* U+65B0 "新" */
    0x3, 0x0, 0x0, 0x0, 0xc0, 0x1, 0xe0, 0x30,
    0x3, 0xf9, 0xff, 0xe7, 0xf0, 0x7f, 0xf9, 0x80,
    0x6, 0x1c, 0x60, 0x1, 0x86, 0x18, 0x0, 0x21,
    0x86, 0x0, 0x8, 0x41, 0x80, 0x2, 0x30, 0x60,
    0xf, 0xff, 0x9f, 0xff, 0xff, 0xe7, 0xff, 0x3,
    0x1, 0x86, 0x0, 0xc0, 0x61, 0x8f, 0xff, 0x98,
    0x63, 0xff, 0xe6, 0x18, 0x7, 0x1, 0x86, 0x1,
    0xe0, 0x61, 0x80, 0xfc, 0x30, 0x60, 0x6d, 0x8c,
    0x18, 0x3b, 0x33, 0x6, 0x1c, 0xc5, 0x81, 0x8e,
    0x30, 0x60, 0x61, 0xc, 0x30, 0x18, 0x3, 0x1c,
    0x6, 0x0, 0xc6, 0x1, 0x80,

    /* U+65B9 "方" */
    0x0, 0x1c, 0x0, 0x0, 0x7, 0x0, 0x0, 0x1,
    0xc0, 0x0, 0x0, 0x70, 0x0, 0x0, 0x1c, 0x0,
    0x3f, 0xff, 0xff, 0xff, 0xff, 0xff, 0xfc, 0x1,
    0x80, 0x0, 0x0, 0x60, 0x0, 0x0, 0x18, 0x0,
    0x0, 0x6, 0x0, 0x0, 0x1, 0x80, 0x0, 0x0,
    0x7f, 0xfc, 0x0, 0x3f, 0xff, 0x0, 0xc, 0x0,
    0xc0, 0x3, 0x0, 0x30, 0x1, 0xc0, 0xc, 0x0,
    0x60, 0x3, 0x0, 0x18, 0x0, 0xc0, 0xc, 0x0,
    0x30, 0x7, 0x0, 0x1c, 0x3, 0x80, 0x6, 0x1,
    0xc0, 0x1, 0x80, 0xe0, 0x0, 0xe0, 0xf0, 0xf,
    0xf0, 0x18, 0x3, 0xfc, 0x0,

    /* U+65E2 "既" */
    0x3f, 0xef, 0xff, 0x8f, 0xfb, 0xff, 0xe3, 0x6,
    0x30, 0x60, 0xc1, 0x8c, 0x38, 0x30, 0x63, 0xc,
    0xc, 0x18, 0xc3, 0x3, 0xfe, 0x30, 0xc0, 0xff,
    0x8c, 0x30, 0x30, 0x63, 0xc, 0xc, 0x18, 0xc7,
    0x3, 0x6, 0x31, 0x80, 0xff, 0xbf, 0xff, 0x3f,
    0xe0, 0x18, 0xc, 0x0, 0xe, 0x3, 0x18, 0x3,
    0x80, 0xc6, 0x1, 0xe0, 0x30, 0xc0, 0x78, 0xc,
    0x38, 0x3e, 0x3, 0x1e, 0x1d, 0x80, 0xff, 0xc6,
    0x62, 0x7f, 0x33, 0x98, 0xfe, 0x1, 0xc6, 0x30,
    0x1, 0xe1, 0x8c, 0x1, 0xe0, 0x7f, 0x0, 0x70,
    0xf, 0x80,

    /* U+660E "明" */
    0x0, 0xf, 0xff, 0xff, 0x1f, 0xff, 0xfe, 0x3f,
    0xfe, 0xc, 0x60, 0x3c, 0x18, 0xc0, 0x78, 0x31,
    0x80, 0xf0, 0x63, 0x1, 0xe0, 0xc7, 0xff, 0xff,
    0x8f, 0xff, 0xff, 0x18, 0xf, 0x6, 0x30, 0x1e,
    0xc, 0x60, 0x3c, 0x18, 0xc0, 0x78, 0x31, 0x80,
    0xf0, 0x63, 0xff, 0xe0, 0xcf, 0xff, 0xff, 0x98,
    0x7, 0xff, 0x30, 0xf, 0x0, 0xe0, 0x1e, 0x1,
    0xc0, 0x3c, 0x7, 0x0, 0x60, 0xe, 0x0, 0xc0,
    0x38, 0x1, 0x80, 0xe0, 0x3f, 0x1, 0x80, 0x7e,

    /* U+66F4 "更" */
    0x7f, 0xff, 0xff, 0x9f, 0xff, 0xff, 0xe0, 0x0,
    0xc0, 0x0, 0x0, 0x30, 0x0, 0x1f, 0xff, 0xfe,
    0x7, 0xff, 0xff, 0x81, 0x80, 0xc0, 0x60, 0x60,
    0x30, 0x18, 0x18, 0xc, 0x6, 0x7, 0xff, 0xff,
    0x81, 0x80, 0xc0, 0x60, 0x60, 0x30, 0x18, 0x18,
    0xc, 0x6, 0x6, 0x3, 0x1, 0x81, 0xff, 0xff,
    0xe0, 0x10, 0x30, 0x0, 0xe, 0x18, 0x0, 0x1,
    0xc6, 0x0, 0x0, 0x3b, 0x0, 0x0, 0x7, 0x80,
    0x0, 0x1, 0xf8, 0x0, 0x3, 0xef, 0xe0, 0xf,
    0xe0, 0x7f, 0xfd, 0xc0, 0x1, 0xfe,

    /* U+6700 "最" */
    0xf, 0xff, 0xfc, 0x3, 0x0, 0x3, 0x0, 0xc0,
    0x0, 0xc0, 0x3f, 0xff, 0xf0, 0xc, 0x0, 0xc,
    0x3, 0x0, 0x3, 0x0, 0xff, 0xff, 0xc0, 0x0,
    0x0, 0x0, 0x0, 0x0, 0x0, 0x1f, 0xff, 0xff,
    0xe7, 0xff, 0xff, 0xf8, 0x60, 0xc0, 0x0, 0x18,
    0x30, 0x0, 0x7, 0xfd, 0xff, 0xc1, 0x83, 0x30,
    0x30, 0x60, 0xc6, 0x18, 0x18, 0x31, 0x8e, 0x7,
    0xfc, 0x33, 0x1, 0x83, 0x7, 0x80, 0x60, 0xc1,
    0xc0, 0x3f, 0xf0, 0xf8, 0x3f, 0xec, 0xf3, 0x80,
    0x3, 0xf0, 0x7c, 0x0, 0xd0, 0x6,

    /* U+6709 "有" */
    0x0, 0x20, 0x0, 0x0, 0xc, 0x0, 0x0, 0x7,
    0x0, 0x0, 0x1, 0x80, 0x0, 0x7f, 0xff, 0xff,
    0xdf, 0xff, 0xff, 0xf0, 0xc, 0x0, 0x0, 0x6,
    0x0, 0x0, 0x1, 0x80, 0x0, 0x0, 0xff, 0xff,
    0x0, 0x7f, 0xff, 0xc0, 0x1c, 0x0, 0x30, 0xf,
    0x0, 0xc, 0x7, 0xc0, 0x3, 0x3, 0xbf, 0xff,
    0xc3, 0xcf, 0xff, 0xf0, 0x63, 0x0, 0xc, 0x0,
    0xc0, 0x3, 0x0, 0x30, 0x0, 0xc0, 0xf, 0xff,
    0xf0, 0x3, 0xff, 0xfc, 0x0, 0xc0, 0x3, 0x0,
    0x30, 0x0, 0xc0, 0xc, 0x0, 0x30, 0x3, 0x1,
    0xfc, 0x0, 0xc0, 0x3e, 0x0,

    /* U+671F "期" */
    0x18, 0x30, 0x0, 0xc, 0x18, 0xff, 0xc6, 0xc,
    0x7f, 0xef, 0xff, 0xb0, 0x37, 0xff, 0xd8, 0x18,
    0xc1, 0x8c, 0xc, 0x60, 0xc6, 0x6, 0x30, 0x63,
    0x3, 0x1f, 0xf1, 0xff, 0x8c, 0x18, 0xc0, 0xc6,
    0xc, 0x60, 0x63, 0x6, 0x30, 0x31, 0xff, 0x18,
    0x18, 0xc1, 0x8f, 0xfc, 0x60, 0xc7, 0xfe, 0x30,
    0x63, 0x3, 0xff, 0xfd, 0x81, 0xff, 0xfe, 0xc0,
    0xc0, 0x0, 0x60, 0x61, 0x98, 0x30, 0x31, 0xc6,
    0x30, 0x18, 0xc1, 0x98, 0xc, 0xc0, 0xcc, 0x6,
    0xe0, 0x2c, 0x3f, 0x60, 0x6, 0xf, 0x0,

    /* U+672A "未" */
    0x0, 0xc, 0x0, 0x0, 0x3, 0x0, 0x0, 0x0,
    0xc0, 0x0, 0x0, 0x30, 0x0, 0x0, 0xc, 0x0,
    0x7, 0xff, 0xff, 0x81, 0xff, 0xff, 0xe0, 0x0,
    0x30, 0x0, 0x0, 0xc, 0x0, 0x0, 0x3, 0x0,
    0x0, 0x0, 0xc0, 0x0, 0x0, 0x30, 0x0, 0x7f,
    0xff, 0xff, 0x9f, 0xff, 0xff, 0xe0, 0x3, 0xf0,
    0x0, 0x1, 0xfc, 0x0, 0x0, 0x6d, 0x80, 0x0,
    0x33, 0x30, 0x0, 0x18, 0xc6, 0x0, 0x1c, 0x30,
    0xe0, 0xe, 0xc, 0x1c, 0xf, 0x3, 0x3, 0xc7,
    0x80, 0xc0, 0x7d, 0x80, 0x30, 0x6, 0x0, 0xc,
    0x0, 0x0, 0x3, 0x0, 0x0,

    /* U+683C "格" */
    0x6, 0x1, 0x80, 0x0, 0xc0, 0x30, 0x0, 0x18,
    0xe, 0x0, 0x3, 0x1, 0xff, 0x80, 0x60, 0x7f,
    0xf0, 0xc, 0x1c, 0xc, 0x1f, 0xfb, 0xc1, 0x83,
    0xff, 0xf8, 0x60, 0x6, 0x39, 0x9c, 0x1, 0xc2,
    0x3f, 0x0, 0x3c, 0x3, 0xc0, 0x7, 0xc0, 0x78,
    0x1, 0xf8, 0x1f, 0x80, 0x3d, 0x87, 0x3c, 0x5,
    0x93, 0xc3, 0xe1, 0xb1, 0xf0, 0x1e, 0x36, 0x7f,
    0xff, 0xcc, 0xc5, 0xff, 0xe3, 0x98, 0x30, 0xc,
    0x63, 0x6, 0x1, 0x84, 0x60, 0xc0, 0x30, 0xc,
    0x18, 0x6, 0x1, 0x83, 0x0, 0xc0, 0x30, 0x7f,
    0xf8, 0x6, 0xf, 0xff, 0x0, 0xc1, 0x80, 0x60,

    /* U+691C "検" */
    0x6, 0x0, 0x60, 0x0, 0xc0, 0x1e, 0x0, 0x18,
    0x7, 0xe0, 0x3, 0x0, 0xce, 0x0, 0x60, 0x70,
    0xe0, 0xc, 0x1c, 0xe, 0x1f, 0xf7, 0x0, 0xf3,
    0xff, 0xff, 0xfe, 0x6, 0x37, 0xff, 0x41, 0xc0,
    0xc, 0x0, 0x38, 0x1, 0x80, 0x7, 0x0, 0x30,
    0x0, 0xf1, 0xff, 0xf8, 0x3f, 0x30, 0xc3, 0x5,
    0xb6, 0x18, 0x61, 0xb6, 0xc3, 0xc, 0x36, 0x58,
    0x61, 0x8c, 0xc3, 0xff, 0xf3, 0x98, 0x1, 0xc0,
    0x23, 0x0, 0x78, 0x0, 0x60, 0xd, 0x80, 0xc,
    0x3, 0x38, 0x1, 0x81, 0xe3, 0x80, 0x30, 0x70,
    0x3c, 0x6, 0x7c, 0x3, 0xc0, 0xc6, 0x0, 0x18,

    /* U+6A19 "標" */
    0x6, 0x0, 0x0, 0x0, 0xc7, 0xff, 0xfc, 0x18,
    0xff, 0xff, 0x83, 0x0, 0xc6, 0x0, 0x61, 0xff,
    0xfc, 0xc, 0x3f, 0xff, 0x9f, 0xf6, 0x63, 0x33,
    0xfe, 0xcc, 0x66, 0x6, 0x19, 0x8c, 0xc1, 0xc3,
    0xff, 0xf8, 0x3c, 0x7f, 0xff, 0x7, 0x80, 0x0,
    0x1, 0xe8, 0x0, 0x0, 0x3d, 0x9f, 0xff, 0x5,
    0x90, 0x0, 0x1, 0xb0, 0x0, 0x0, 0x26, 0x3f,
    0xff, 0xec, 0xc7, 0xff, 0xfd, 0x18, 0x1, 0xc0,
    0x23, 0x2, 0x39, 0x80, 0x60, 0xc7, 0x38, 0xc,
    0x30, 0xe3, 0x81, 0x8c, 0x1c, 0x38, 0x33, 0x3,
    0x83, 0x6, 0x3, 0xe0, 0x0,

    /* U+6A29 "権" */
    0x6, 0x2, 0x0, 0x0, 0xc0, 0x60, 0x0, 0x18,
    0xc, 0x0, 0x3, 0x3, 0xff, 0xe0, 0x60, 0x7f,
    0xfc, 0xc, 0x18, 0xc0, 0x1f, 0xf7, 0x38, 0x3,
    0xfe, 0x46, 0x0, 0x6, 0x1f, 0xff, 0xe0, 0xc3,
    0xff, 0xfc, 0x3c, 0xe, 0x38, 0x7, 0xc1, 0x86,
    0x0, 0xfc, 0x7f, 0xfc, 0x3d, 0xdf, 0xff, 0x87,
    0x97, 0x86, 0x1, 0xb1, 0xf0, 0xc0, 0x36, 0x37,
    0xff, 0xcc, 0xc0, 0xc3, 0x1, 0x98, 0x18, 0x60,
    0x23, 0x3, 0xc, 0x4, 0x60, 0x7f, 0xfc, 0xc,
    0xc, 0x30, 0x1, 0x81, 0x86, 0x0, 0x30, 0x3f,
    0xff, 0x6, 0x7, 0xff, 0xe0, 0xc0, 0xc0, 0x0,

    /* U+6B62 "止" */
    0x0, 0x6, 0x0, 0x0, 0x3, 0x0, 0x0, 0x1,
    0x80, 0x0, 0x0, 0xc0, 0x0, 0x0, 0x60, 0x0,
    0x0, 0x30, 0x0, 0x30, 0x18, 0x0, 0x18, 0xc,
    0x0, 0xc, 0x6, 0x0, 0x6, 0x3, 0xff, 0x83,
    0x1, 0xff, 0xc1, 0x80, 0xc0, 0x0, 0xc0, 0x60,
    0x0, 0x60, 0x30, 0x0, 0x30, 0x18, 0x0, 0x18,
    0xc, 0x0, 0xc, 0x6, 0x0, 0x6, 0x3, 0x0,
    0x3, 0x1, 0x80, 0x1, 0x80, 0xc0, 0x0, 0xc0,
    0x60, 0x0, 0x60, 0x30, 0x3, 0xff, 0xff, 0xff,
    0xff, 0xff, 0xff,

    /* U+6B63 "正" */
    0x7f, 0xff, 0xff, 0x3f, 0xff, 0xff, 0x80, 0x3,
    0x0, 0x0, 0x1, 0x80, 0x0, 0x0, 0xc0, 0x0,
    0x0, 0x60, 0x0, 0x0, 0x30, 0x0, 0x18, 0x18,
    0x0, 0xc, 0xc, 0x0, 0x6, 0x6, 0x0, 0x3,
    0x3, 0xff, 0x81, 0x81, 0xff, 0xc0, 0xc0, 0xc0,
    0x0, 0x60, 0x60, 0x0, 0x30, 0x30, 0x0, 0x18,
    0x18, 0x0, 0xc, 0xc, 0x0, 0x6, 0x6, 0x0,
    0x3, 0x3, 0x0, 0x1, 0x81, 0x80, 0x0, 0xc0,
    0xc0, 0x7, 0xff, 0xff, 0xff, 0xff, 0xff, 0xfe,

    /* U+6CD5 "法" */
    0x0, 0x1, 0x80, 0x18, 0x0, 0xc0, 0xf, 0x0,
    0x60, 0x1, 0xe0, 0x30, 0x0, 0x20, 0x18, 0x0,
    0x3, 0xff, 0xf8, 0x1, 0xff, 0xfc, 0x0, 0x3,
    0x0, 0x40, 0x1, 0x80, 0x78, 0x0, 0xc0, 0xf,
    0x0, 0x60, 0x1, 0x80, 0x30, 0x0, 0x1f, 0xff,
    0xf8, 0xf, 0xff, 0xfc, 0x0, 0x18, 0x0, 0x8,
    0x1c, 0x0, 0x6, 0xc, 0x0, 0x7, 0x6, 0x1c,
    0x3, 0x6, 0x7, 0x3, 0x83, 0x1, 0x81, 0x83,
    0x80, 0x61, 0xc1, 0x80, 0x39, 0xc7, 0xff, 0xfc,
    0xc3, 0xff, 0xff, 0x60, 0x0, 0x1, 0x80, 0x0,
    0x0, 0x80,

    /* U+6CE8 "注" */
    0x0, 0x4, 0x0, 0xf, 0x1, 0xc0, 0x1, 0xe0,
    0x3c, 0x0, 0x1e, 0x7, 0x80, 0x1, 0x0, 0x70,
    0x0, 0x0, 0x8, 0x0, 0x7, 0xff, 0xfc, 0x1,
    0xff, 0xff, 0x60, 0x0, 0xc0, 0x1e, 0x0, 0x30,
    0x3, 0xe0, 0xc, 0x0, 0x38, 0x3, 0x0, 0x4,
    0x0, 0xc0, 0x0, 0x0, 0x30, 0x0, 0x0, 0xc,
    0x0, 0x0, 0xff, 0xfe, 0x3, 0x3f, 0xff, 0x80,
    0xc0, 0x30, 0x0, 0x70, 0xc, 0x0, 0x18, 0x3,
    0x0, 0xc, 0x0, 0xc0, 0x7, 0x0, 0x30, 0x1,
    0x80, 0xc, 0x0, 0xe3, 0xff, 0xff, 0x30, 0xff,
    0xff, 0xc0, 0x0, 0x0, 0x0,

    /* U+6D3E "派" */
    0x0, 0x0, 0x2, 0xc, 0x0, 0x3, 0xc3, 0xc0,
    0x7, 0xe0, 0x39, 0x3f, 0xc0, 0x6, 0x7f, 0x80,
    0x0, 0x1c, 0x0, 0x0, 0x6, 0x0, 0x0, 0x1,
    0x80, 0xc, 0x40, 0x60, 0x3f, 0xbc, 0x18, 0xff,
    0x7, 0x86, 0xff, 0x0, 0x71, 0xac, 0xc2, 0x0,
    0x63, 0x31, 0x80, 0x18, 0xcc, 0xe0, 0x6, 0x31,
    0xf0, 0x1, 0x8c, 0x78, 0x6, 0x63, 0x18, 0x3,
    0x18, 0xc6, 0x0, 0xce, 0x30, 0xc0, 0x73, 0xc,
    0x30, 0x18, 0xc3, 0xe, 0xe, 0x30, 0xc1, 0x83,
    0x18, 0x30, 0x71, 0x86, 0xc, 0xe, 0x63, 0x3,
    0x1, 0xc0, 0x40, 0xc0, 0x20,

    /* U+6E08 "済" */
    0x0, 0x0, 0xc0, 0xe, 0x0, 0x30, 0x1, 0xe0,
    0xc, 0x0, 0x1f, 0xff, 0xff, 0x2, 0xff, 0xff,
    0xc0, 0x3, 0x3, 0x80, 0x0, 0xe0, 0xc0, 0x0,
    0x1c, 0x60, 0x40, 0x3, 0xf0, 0x1c, 0x0, 0x7c,
    0x7, 0xc0, 0x7f, 0xc0, 0x79, 0xfc, 0x7f, 0x4,
    0xf8, 0x3, 0xc0, 0x36, 0x0, 0xc0, 0x1, 0x80,
    0x30, 0x0, 0x7f, 0xfc, 0x2, 0x1f, 0xff, 0x1,
    0xc6, 0x0, 0xc0, 0x61, 0x80, 0x30, 0x38, 0x7f,
    0xfc, 0xc, 0x3f, 0xff, 0x6, 0xc, 0x0, 0xc3,
    0x83, 0x0, 0x30, 0xc1, 0x80, 0xc, 0x70, 0xe0,
    0x3, 0x0, 0x30, 0x0, 0xc0,

    /* U+6E90 "源" */
    0x30, 0x0, 0x0, 0x1e, 0x3f, 0xff, 0xe1, 0xef,
    0xff, 0xf8, 0x1b, 0x1, 0x80, 0x0, 0xc0, 0x60,
    0x0, 0x30, 0x18, 0x0, 0xc, 0xff, 0xf1, 0x3,
    0x30, 0xc, 0xf0, 0xcc, 0x3, 0xe, 0x33, 0x0,
    0xc1, 0xcc, 0xff, 0xf0, 0x3, 0x30, 0xc, 0x0,
    0xcc, 0x3, 0x0, 0x33, 0x0, 0xc0, 0xc, 0xff,
    0xf0, 0x33, 0x3f, 0xfc, 0xc, 0xc0, 0x60, 0x3,
    0x20, 0x18, 0x1, 0xd8, 0x66, 0x60, 0x66, 0x31,
    0x9c, 0x39, 0x9c, 0x63, 0xc, 0xc6, 0x18, 0x67,
    0x33, 0x6, 0x1d, 0x98, 0xc1, 0x80, 0x26, 0x3,
    0xe0, 0x0,

    /* U+6E96 "準" */
    0x0, 0x18, 0x60, 0xf, 0x6, 0x18, 0x0, 0xf3,
    0xe, 0x0, 0x18, 0xff, 0xfc, 0x0, 0x7f, 0xff,
    0x10, 0x38, 0x30, 0xf, 0x1e, 0xc, 0x0, 0xef,
    0x83, 0x0, 0xb, 0x7f, 0xff, 0x0, 0x18, 0x30,
    0x0, 0x26, 0xc, 0x0, 0x19, 0xff, 0xfc, 0xc,
    0x60, 0xc0, 0x7, 0x18, 0x30, 0x3, 0x87, 0xff,
    0xf9, 0xc1, 0xff, 0xfe, 0x60, 0x0, 0x0, 0x0,
    0x7, 0x0, 0x0, 0x1, 0xc0, 0x3, 0xff, 0xff,
    0xff, 0xff, 0xff, 0xff, 0xc0, 0x7, 0x0, 0x0,
    0x1, 0xc0, 0x0, 0x0, 0x70, 0x0, 0x0, 0x1c,
    0x0, 0x0, 0x7, 0x0, 0x0,

    /* U+70BA "為" */
    0x2, 0x4, 0x0, 0x3, 0x87, 0x0, 0x0, 0xc3,
    0x0, 0x0, 0x71, 0x80, 0x0, 0x11, 0xc0, 0x3,
    0xff, 0xff, 0xc1, 0xff, 0xff, 0xc0, 0x0, 0x60,
    0x60, 0x0, 0x70, 0x30, 0x0, 0x30, 0x18, 0x0,
    0x3f, 0xff, 0x80, 0x3f, 0xff, 0xc0, 0x18, 0x0,
    0xe0, 0x18, 0x0, 0x60, 0x1c, 0x0, 0x30, 0x1f,
    0xff, 0xff, 0x1f, 0xff, 0xff, 0xbc, 0x0, 0x0,
    0xf8, 0x0, 0x30, 0x79, 0x98, 0x8c, 0x70, 0xc4,
    0x62, 0x38, 0x63, 0x31, 0x98, 0x61, 0x88, 0xc,
    0x70, 0xc4, 0xe, 0x30, 0x40, 0x7f, 0x8, 0x0,
    0x3f, 0x0,

    /* U+7121 "無" */
    0x2, 0x0, 0x0, 0x3, 0x0, 0x0, 0x3, 0x80,
    0x0, 0x1, 0xff, 0xff, 0xe1, 0xff, 0xff, 0xf1,
    0xe3, 0x18, 0xc1, 0xf1, 0x8c, 0x61, 0xd8, 0xc6,
    0x30, 0x4c, 0x63, 0x18, 0x6, 0x31, 0x8c, 0x3f,
    0xff, 0xff, 0xff, 0xff, 0xff, 0xf0, 0xc6, 0x31,
    0x80, 0x63, 0x18, 0xc0, 0x31, 0x8c, 0x60, 0x18,
    0xc6, 0x30, 0xc, 0x63, 0x18, 0x7f, 0xff, 0xff,
    0xff, 0xff, 0xff, 0xe0, 0x0, 0x0, 0x1, 0x80,
    0x0, 0xc0, 0xc6, 0x18, 0x70, 0xe1, 0x86, 0x18,
    0x60, 0xc3, 0x6, 0x60, 0x61, 0x83, 0xf0, 0x30,
    0x60, 0xc0,

    /* U+7248 "版" */
    0x31, 0x80, 0x0, 0x6, 0x30, 0xff, 0xf8, 0xc6,
    0x1f, 0xff, 0x18, 0xc3, 0x0, 0x3, 0x18, 0x60,
    0x0, 0x63, 0xc, 0x0, 0xc, 0x61, 0x80, 0x1,
    0xff, 0x30, 0x0, 0x3f, 0xe7, 0xff, 0xc6, 0x0,
    0xff, 0xf0, 0xc0, 0x1a, 0x6, 0x18, 0x3, 0x61,
    0xc3, 0x0, 0x6c, 0x38, 0x7f, 0x8d, 0x86, 0xf,
    0xf1, 0x99, 0xc1, 0x86, 0x33, 0x38, 0x30, 0xc6,
    0x36, 0x6, 0x19, 0xc7, 0xc0, 0xc3, 0x30, 0x70,
    0x18, 0x66, 0xe, 0x6, 0xc, 0xc3, 0xe0, 0xc1,
    0xb8, 0xee, 0x18, 0x36, 0x78, 0xe6, 0x7, 0xde,
    0xf, 0x40, 0xd1, 0x0, 0xc0,

    /* U+751F "生" */
    0x6, 0x18, 0x0, 0xe, 0x18, 0x0, 0xc, 0x18,
    0x0, 0xc, 0x18, 0x0, 0x1c, 0x18, 0x0, 0x1f,
    0xff, 0xfe, 0x3f, 0xff, 0xfe, 0x30, 0x18, 0x0,
    0x70, 0x18, 0x0, 0xe0, 0x18, 0x0, 0xc0, 0x18,
    0x0, 0x0, 0x18, 0x0, 0x0, 0x18, 0x0, 0x1f,
    0xff, 0xfc, 0x1f, 0xff, 0xfc, 0x0, 0x18, 0x0,
    0x0, 0x18, 0x0, 0x0, 0x18, 0x0, 0x0, 0x18,
    0x0, 0x0, 0x18, 0x0, 0x0, 0x18, 0x0, 0x0,
    0x18, 0x0, 0xff, 0xff, 0xff, 0xff, 0xff, 0xff,

    /* U+7528 "用" */
    0xf, 0xff, 0xff, 0xf, 0xff, 0xff, 0xc, 0x6,
    0x3, 0xc, 0x6, 0x3, 0xc, 0x6, 0x3, 0xc,
    0x6, 0x3, 0xc, 0x6, 0x3, 0xf, 0xff, 0xff,
    0xf, 0xff, 0xff, 0xc, 0x6, 0x3, 0xc, 0x6,
    0x3, 0xc, 0x6, 0x3, 0xc, 0x6, 0x3, 0xc,
    0x6, 0x3, 0xf, 0xff, 0xff, 0xf, 0xff, 0xff,
    0x1c, 0x6, 0x3, 0x18, 0x6, 0x3, 0x18, 0x6,
    0x3, 0x18, 0x6, 0x3, 0x30, 0x6, 0x3, 0x30,
    0x6, 0x3, 0x60, 0x6, 0x7f, 0x60, 0x6, 0x3e,

    /* U+7531 "由" */
    0x0, 0x30, 0x0, 0x1, 0x80, 0x0, 0xc, 0x0,
    0x0, 0x60, 0x0, 0x3, 0x0, 0x7f, 0xff, 0xff,
    0xff, 0xff, 0xf8, 0x6, 0x3, 0xc0, 0x30, 0x1e,
    0x1, 0x80, 0xf0, 0xc, 0x7, 0x80, 0x60, 0x3c,
    0x3, 0x1, 0xff, 0xff, 0xff, 0xff, 0xff, 0xf8,
    0x6, 0x3, 0xc0, 0x30, 0x1e, 0x1, 0x80, 0xf0,
    0xc, 0x7, 0x80, 0x60, 0x3c, 0x3, 0x1, 0xff,
    0xff, 0xff, 0xff, 0xff, 0xf8, 0x0, 0x3, 0xc0,
    0x0, 0x18,

    /* U+753B "画" */
    0xff, 0xff, 0xff, 0xff, 0xff, 0xff, 0x0, 0x18,
    0x0, 0x0, 0x18, 0x0, 0x0, 0x18, 0x0, 0x63,
    0xff, 0xe3, 0x63, 0xff, 0xe3, 0x63, 0xff, 0xe3,
    0x63, 0x18, 0x63, 0x63, 0x18, 0x63, 0x63, 0x18,
    0x63, 0x63, 0xff, 0xe3, 0x63, 0x18, 0x63, 0x63,
    0x18, 0x63, 0x63, 0x18, 0x63, 0x63, 0x18, 0x63,
    0x63, 0xff, 0xe3, 0x63, 0xff, 0xe3, 0x60, 0x0,
    0x3, 0x60, 0x0, 0x3, 0x7f, 0xff, 0xff, 0x7f,
    0xff, 0xff, 0x60, 0x0, 0x3, 0x60, 0x0, 0x3,

    /* U+76EE "目" */
    0xff, 0xff, 0xff, 0xff, 0xfc, 0x0, 0xf, 0x0,
    0x3, 0xc0, 0x0, 0xf0, 0x0, 0x3c, 0x0, 0xf,
    0xff, 0xff, 0xff, 0xff, 0xf0, 0x0, 0x3c, 0x0,
    0xf, 0x0, 0x3, 0xc0, 0x0, 0xff, 0xff, 0xff,
    0xff, 0xff, 0x0, 0x3, 0xc0, 0x0, 0xf0, 0x0,
    0x3c, 0x0, 0xf, 0x0, 0x3, 0xff, 0xff, 0xff,
    0xff, 0xfc, 0x0, 0xf, 0x0, 0x3,

    /* U+77E5 "知" */
    0x18, 0x0, 0x0, 0x18, 0x0, 0x0, 0x18, 0x0,
    0x0, 0x18, 0x3, 0xff, 0x3f, 0xf3, 0xff, 0x3f,
    0xf3, 0x3, 0x73, 0x3, 0x3, 0x63, 0x3, 0x3,
    0xe3, 0x3, 0x3, 0xc3, 0x3, 0x3, 0x43, 0x3,
    0x3, 0x3, 0x3, 0x3, 0xff, 0xfb, 0x3, 0xff,
    0xfb, 0x3, 0x3, 0x3, 0x3, 0x3, 0x3, 0x3,
    0x7, 0x3, 0x3, 0x7, 0x83, 0x3, 0x6, 0xc3,
    0x3, 0xc, 0x63, 0x3, 0xc, 0x73, 0x3, 0x18,
    0x3b, 0xff, 0x38, 0x13, 0xff, 0x70, 0x3, 0x3,
    0xe0, 0x3, 0x3, 0x40, 0x0, 0x0,

    /* U+78BA "確" */
    0x0, 0x0, 0x30, 0x0, 0x0, 0x1c, 0x7, 0xfe,
    0x6, 0x1, 0xff, 0xff, 0xff, 0xc, 0x1f, 0xff,
    0xc3, 0x6, 0x30, 0x30, 0xc1, 0x9c, 0xcc, 0x30,
    0x66, 0x33, 0xc, 0x3, 0xc, 0x6, 0x1, 0xff,
    0xf1, 0x80, 0xff, 0xfc, 0x7f, 0x78, 0x60, 0x38,
    0x7e, 0x18, 0xe, 0x15, 0x86, 0x3, 0x84, 0x7f,
    0xf9, 0xe1, 0x18, 0x60, 0x78, 0x46, 0x18, 0x16,
    0x11, 0x86, 0x5, 0x84, 0x61, 0x80, 0x61, 0x1f,
    0xfe, 0x18, 0x46, 0x18, 0x7, 0xf1, 0x86, 0x1,
    0xfc, 0x61, 0x80, 0x60, 0x1f, 0xff, 0x18, 0x7,
    0xff, 0xc0, 0x1, 0x80, 0x0,

    /* U+7981 "禁" */
    0x3, 0x0, 0x30, 0x0, 0xc0, 0xc, 0x0, 0x30,
    0x3, 0x1, 0xff, 0xdf, 0xfe, 0x7f, 0xf7, 0xff,
    0x81, 0xc0, 0x1e, 0x0, 0xfc, 0xf, 0xc0, 0x6f,
    0x86, 0xf0, 0x3b, 0x73, 0x37, 0x1c, 0xc1, 0xcc,
    0xee, 0x30, 0xc3, 0x1d, 0xc, 0x0, 0xc2, 0x0,
    0x0, 0x0, 0x3, 0xff, 0xff, 0x0, 0xff, 0xff,
    0xc0, 0x0, 0x0, 0x0, 0x0, 0x0, 0x0, 0x0,
    0x0, 0x0, 0x7, 0xff, 0xff, 0xf8, 0x0, 0x30,
    0x0, 0x7, 0xc, 0x30, 0x3, 0x83, 0xe, 0x1,
    0xc0, 0xc1, 0xe0, 0xe0, 0x30, 0x1c, 0x70, 0xfc,
    0x3, 0x80, 0x3f, 0x0, 0x0,

    /* U+79D8 "秘" */
    0x0, 0x1, 0x0, 0x0, 0xf0, 0xe0, 0x3, 0xfc,
    0xe, 0x19, 0xf8, 0x1, 0xcc, 0x6, 0x0, 0x3b,
    0x1, 0x80, 0x4, 0xc0, 0x60, 0x18, 0x70, 0x18,
    0x6, 0x18, 0x7f, 0xc1, 0x86, 0x1f, 0xf0, 0x63,
    0x0, 0xe0, 0xd8, 0xf0, 0x38, 0x26, 0x7c, 0xf,
    0x19, 0x99, 0x87, 0xe6, 0x6e, 0x61, 0xed, 0x9b,
    0x1c, 0xd9, 0x67, 0x83, 0x36, 0x31, 0xe0, 0xd9,
    0x8c, 0x70, 0x36, 0x67, 0x18, 0x3, 0x18, 0xe,
    0x0, 0x46, 0x7, 0x83, 0x1, 0x83, 0xe0, 0xc0,
    0x63, 0xd8, 0x30, 0x19, 0xc6, 0xc, 0x6, 0x61,
    0xff, 0x1, 0x80, 0x3f, 0x80,

    /* U+7D04 "約" */
    0xc, 0x3, 0x80, 0x6, 0x1, 0x80, 0x3, 0x0,
    0xc0, 0x3, 0x10, 0xe0, 0x1, 0x9c, 0x60, 0x3,
    0x8c, 0x7f, 0xfd, 0xcc, 0x3f, 0xfe, 0x76, 0x38,
    0x3, 0x1e, 0x18, 0x1, 0x86, 0xdc, 0x0, 0xc6,
    0x34, 0x0, 0x63, 0x18, 0x60, 0x3f, 0xfe, 0x30,
    0x1f, 0xff, 0xc, 0xc, 0x18, 0x87, 0x6, 0xc,
    0x1, 0x83, 0x36, 0xc0, 0xe1, 0xb3, 0x20, 0x30,
    0xd9, 0x98, 0x0, 0x6c, 0xcc, 0x0, 0x36, 0x62,
    0x0, 0x36, 0x30, 0x0, 0x19, 0x18, 0x0, 0xc,
    0xc, 0x1, 0xfe, 0x6, 0x0, 0xfe, 0x0,

    /* U+7D0B "紋" */
    0xe, 0x0, 0x60, 0x3, 0x0, 0x18, 0x0, 0xc0,
    0x6, 0x0, 0x63, 0x1, 0x80, 0x71, 0x80, 0x60,
    0x3c, 0x6f, 0xff, 0xf7, 0x33, 0xff, 0xfc, 0xf8,
    0x18, 0x1c, 0x1e, 0x6, 0x6, 0x3, 0x71, 0x81,
    0x81, 0x8c, 0x70, 0x60, 0x61, 0x8c, 0x30, 0xff,
    0xe3, 0xc, 0x3f, 0xfc, 0x67, 0x0, 0x63, 0x19,
    0x80, 0x18, 0x7, 0xe0, 0x36, 0xc0, 0xf0, 0x19,
    0x90, 0x1c, 0x6, 0x66, 0xf, 0x1, 0x99, 0x87,
    0xe0, 0x66, 0x33, 0x9c, 0x31, 0x81, 0xc3, 0x84,
    0x61, 0xe0, 0x78, 0x19, 0xf0, 0xf, 0x6, 0x30,
    0x0, 0x80,

    /* U+7D42 "終" */
    0x4, 0x1, 0xc0, 0x1, 0xc0, 0x30, 0x0, 0x30,
    0x6, 0x0, 0xc, 0x41, 0xff, 0x81, 0x8c, 0x7f,
    0xf0, 0xe3, 0xc, 0xe, 0x1c, 0xe3, 0xc1, 0x81,
    0x98, 0xfc, 0x70, 0x1e, 0x39, 0x9c, 0x3, 0xc2,
    0x1f, 0x0, 0x36, 0x1, 0xc0, 0xc, 0x60, 0x78,
    0x1, 0x8c, 0x1d, 0x81, 0xff, 0xc7, 0x1c, 0x1f,
    0xfb, 0xc1, 0xc0, 0x33, 0xe0, 0x1f, 0x6, 0x9,
    0xc0, 0xc6, 0xd8, 0x1e, 0x0, 0xd9, 0x0, 0xf0,
    0x33, 0x30, 0x4, 0x6, 0x66, 0x40, 0x0, 0xcc,
    0x5f, 0x0, 0x31, 0x80, 0xfc, 0x2, 0x30, 0x3,
    0xe0, 0x6, 0x0, 0xf, 0x0, 0xc0, 0x0, 0x60,

    /* U+7D4C "経" */
    0x6, 0x0, 0x0, 0x1, 0x83, 0xff, 0xf0, 0x30,
    0x7f, 0xfe, 0xc, 0x63, 0x81, 0xc5, 0x9c, 0x30,
    0x30, 0xe3, 0x7, 0xe, 0x1c, 0xc0, 0x73, 0x81,
    0xd8, 0x7, 0xe0, 0x1e, 0x0, 0x78, 0x1, 0xb0,
    0x1f, 0x0, 0x33, 0x7, 0xf8, 0xc, 0x67, 0xc7,
    0xef, 0xff, 0xe3, 0x3e, 0xff, 0xd0, 0x60, 0x81,
    0x88, 0xc, 0x0, 0x32, 0x1, 0x80, 0x36, 0xc7,
    0xff, 0xc6, 0xc8, 0xff, 0xf9, 0x99, 0x80, 0xc0,
    0x33, 0x30, 0x18, 0x6, 0x66, 0x3, 0x0, 0xcc,
    0x0, 0x60, 0x31, 0x80, 0xc, 0x0, 0x30, 0xff,
    0xff, 0x6, 0x1f, 0xff, 0xe0,

    /* U+7D9A "続" */
    0x0, 0x0, 0x30, 0x0, 0xc0, 0x6, 0x0, 0x30,
    0x0, 0xc0, 0x6, 0xf, 0xff, 0xe1, 0x8d, 0xff,
    0xfc, 0xa3, 0x80, 0x60, 0x1c, 0x60, 0xc, 0x1,
    0x98, 0x3f, 0xfe, 0x1f, 0x7, 0xff, 0xc3, 0xd0,
    0x0, 0x0, 0x33, 0x0, 0x0, 0xc, 0x6f, 0xff,
    0xe3, 0x87, 0x80, 0xd, 0xff, 0xf0, 0x1, 0x9f,
    0xfe, 0x0, 0x30, 0x30, 0xc, 0x60, 0x36, 0xc1,
    0x8c, 0x6, 0xd8, 0x31, 0x80, 0x99, 0x6, 0x30,
    0x33, 0x31, 0xc6, 0x6, 0x66, 0x30, 0xc4, 0xcc,
    0x8e, 0x18, 0xf1, 0x81, 0x83, 0x18, 0x30, 0xe0,
    0x62, 0x6, 0x38, 0xf, 0xc0, 0xc6, 0x0, 0xf8,

    /* U+7F72 "署" */
    0x3f, 0xff, 0xff, 0x18, 0x60, 0xc1, 0x8c, 0x30,
    0x60, 0xc7, 0xff, 0xff, 0xe3, 0xff, 0xff, 0xf1,
    0xff, 0xff, 0xf8, 0x0, 0x60, 0x0, 0x0, 0x30,
    0x4, 0x1f, 0xff, 0xe7, 0x0, 0xc, 0xe, 0x0,
    0x6, 0x1e, 0x1f, 0xff, 0xff, 0xff, 0xff, 0xff,
    0xf8, 0x0, 0xf0, 0x0, 0x7, 0xe0, 0x0, 0x1f,
    0xff, 0xfc, 0xff, 0x0, 0x6, 0x39, 0x80, 0x3,
    0x0, 0xff, 0xff, 0x80, 0x60, 0x0, 0xc0, 0x30,
    0x0, 0x60, 0x18, 0x0, 0x30, 0xf, 0xff, 0xf8,
    0x6, 0x0, 0xc,

    /* U+80FD "能" */
    0x4, 0x1, 0x80, 0x1, 0x80, 0x60, 0x0, 0xc2,
    0x18, 0x0, 0x31, 0x86, 0x1c, 0x1c, 0x31, 0xbe,
    0x6, 0xe, 0x7e, 0xf, 0xff, 0x9c, 0x3, 0xff,
    0xf6, 0x0, 0x0, 0xd, 0x80, 0xc0, 0x0, 0x60,
    0x30, 0x0, 0x18, 0xc, 0xff, 0xc7, 0xff, 0x30,
    0x30, 0xff, 0x8c, 0xc, 0x0, 0x3, 0x3, 0x18,
    0x0, 0xff, 0xc6, 0xc, 0x30, 0x31, 0x8f, 0x8c,
    0xc, 0x6f, 0x83, 0x3, 0x1f, 0x0, 0xff, 0xc6,
    0x0, 0x30, 0x31, 0x80, 0x8c, 0xc, 0x60, 0x33,
    0x3, 0x18, 0xc, 0xc0, 0xc6, 0x3, 0x30, 0x31,
    0x80, 0xcc, 0x7c, 0x3f, 0xe0,

    /* U+8106 "脆" */
    0x0, 0x0, 0x0, 0x0, 0x0, 0xe0, 0x3, 0xf8,
    0x30, 0x0, 0xfe, 0xf, 0xf8, 0x31, 0x87, 0xfe,
    0xc, 0x61, 0x83, 0x3, 0x18, 0xc0, 0xc0, 0xc6,
    0x70, 0x60, 0x3f, 0xbf, 0xff, 0xcf, 0xff, 0x0,
    0x3, 0x1f, 0xc0, 0x0, 0xc6, 0xb0, 0x0, 0x31,
    0x8c, 0xff, 0x8c, 0x63, 0x3f, 0xe3, 0x18, 0xcc,
    0x18, 0xfe, 0x33, 0x6, 0x3f, 0x8c, 0xc1, 0x8c,
    0x63, 0x30, 0x63, 0x18, 0xcc, 0xf8, 0xc6, 0x73,
    0x0, 0x31, 0x9c, 0xc0, 0x98, 0x66, 0x30, 0x36,
    0x19, 0x8c, 0xd, 0x86, 0xe3, 0x3, 0x67, 0xf0,
    0xff, 0xf1, 0xc8, 0x1f, 0xe0,

    /* U+81F4 "致" */
    0x0, 0x0, 0xc0, 0x0, 0x0, 0x30, 0xf, 0xff,
    0x9c, 0x3, 0xff, 0xe6, 0x0, 0xc, 0x1, 0x80,
    0x3, 0x0, 0x60, 0x1, 0x8c, 0x3f, 0xfc, 0x63,
    0x8f, 0xff, 0x30, 0x73, 0x3, 0x3f, 0xfd, 0xc0,
    0xcf, 0xff, 0xf8, 0x70, 0x0, 0x7e, 0x18, 0x6,
    0x1d, 0x86, 0x1, 0x80, 0x71, 0x80, 0x60, 0xc,
    0xc1, 0xff, 0xc3, 0x30, 0x7f, 0xf0, 0x7c, 0x1,
    0x80, 0x1e, 0x0, 0x60, 0x7, 0x80, 0x18, 0x1,
    0xe0, 0x6, 0x8, 0xf8, 0x1, 0xfe, 0x77, 0xf,
    0xff, 0x38, 0xe3, 0xf0, 0x3c, 0x1e, 0x0, 0x1e,
    0x3, 0xc0, 0x2, 0x0, 0x20,

    /* U+884C "行" */
    0x1, 0x0, 0x0, 0x0, 0x70, 0x0, 0x0, 0x1c,
    0x3f, 0xff, 0x7, 0x7, 0xff, 0xe1, 0xc0, 0x0,
    0x0, 0x70, 0x0, 0x0, 0x1c, 0x0, 0x0, 0x3,
    0x6, 0x0, 0x0, 0x1, 0xc0, 0x0, 0x0, 0x70,
    0x0, 0x0, 0x1c, 0x7f, 0xff, 0x83, 0xf, 0xff,
    0xf1, 0xe0, 0x0, 0xe0, 0x7c, 0x0, 0x1c, 0x1d,
    0x80, 0x3, 0x83, 0x30, 0x0, 0x70, 0x6, 0x0,
    0xe, 0x0, 0xc0, 0x1, 0xc0, 0x18, 0x0, 0x38,
    0x3, 0x0, 0x7, 0x0, 0x60, 0x0, 0xe0, 0xc,
    0x0, 0x1c, 0x1, 0x80, 0x3, 0x80, 0x30, 0x0,
    0x70, 0x6, 0x1, 0xfc, 0x0, 0xc0, 0x1f, 0x80,

    /* U+8907 "複" */
    0xc, 0x7, 0x0, 0x1, 0x80, 0xc0, 0x0, 0x30,
    0x38, 0x0, 0x6, 0x7, 0xff, 0xe0, 0xc1, 0xff,
    0xfc, 0x18, 0x30, 0x0, 0x3f, 0xec, 0x0, 0x7,
    0xff, 0x7f, 0xfc, 0x3, 0xc, 0x3, 0x80, 0x61,
    0x80, 0x70, 0x18, 0x3f, 0xfe, 0x3, 0x66, 0x1,
    0xc0, 0xcc, 0xc0, 0x38, 0x3f, 0x18, 0x7, 0xf,
    0xc3, 0xff, 0xe1, 0xf8, 0xc, 0x0, 0x6d, 0x83,
    0x0, 0x19, 0x90, 0xff, 0xe0, 0x30, 0x78, 0x1c,
    0x6, 0x1d, 0x87, 0x0, 0xc7, 0x39, 0xc0, 0x18,
    0x3, 0xf0, 0x3, 0x0, 0x7e, 0x0, 0x60, 0x7f,
    0xf8, 0xc, 0x7f, 0xf, 0xc1, 0x8e, 0x0, 0x38,

    /* U+8981 "要" */
    0x7f, 0xff, 0xff, 0xbf, 0xff, 0xff, 0xc0, 0x18,
    0x60, 0x0, 0xc, 0x30, 0x0, 0x6, 0x18, 0x1,
    0xff, 0xff, 0xf8, 0xc1, 0x86, 0xc, 0x60, 0xc3,
    0x6, 0x30, 0x61, 0x83, 0x18, 0x30, 0xc1, 0x8f,
    0xff, 0xff, 0xc7, 0xff, 0xff, 0xe0, 0x7, 0x0,
    0x0, 0x3, 0x0, 0x0, 0x3, 0x80, 0x1, 0xff,
    0xff, 0xff, 0xff, 0xff, 0xff, 0x81, 0xc0, 0x38,
    0x0, 0xc0, 0x18, 0x0, 0xe0, 0x1c, 0x0, 0xff,
    0x9c, 0x0, 0x23, 0xfc, 0x0, 0x0, 0xff, 0xc0,
    0xf, 0xf0, 0xfc, 0x7f, 0xc0, 0xf, 0xb0, 0x0,
    0x0, 0x80,

    /* U+898F "規" */
    0x6, 0x0, 0x0, 0x0, 0xc0, 0xff, 0xf0, 0x18,
    0x1f, 0xfe, 0x3, 0x3, 0x0, 0xc7, 0xfe, 0x60,
    0x18, 0xff, 0xcf, 0xff, 0x1, 0x81, 0xff, 0xe0,
    0x30, 0x30, 0xc, 0x6, 0x6, 0x1, 0x80, 0xc0,
    0xc0, 0x30, 0x18, 0x1f, 0xfe, 0x3f, 0xf3, 0xff,
    0xc7, 0xfe, 0x60, 0x18, 0xc, 0xc, 0x3, 0x1,
    0xc1, 0xff, 0xe0, 0x3c, 0x3f, 0xfc, 0x5, 0x81,
    0x98, 0x1, 0x98, 0x33, 0x0, 0x33, 0x84, 0x60,
    0x6, 0x39, 0x8c, 0x1, 0x82, 0x31, 0x86, 0x70,
    0xc, 0x30, 0xcc, 0x3, 0x6, 0x17, 0x1, 0xc0,
    0xfe, 0x60, 0x70, 0xf, 0xc0,

    /* U+899A "覚" */
    0x8, 0x18, 0xc, 0xe, 0xe, 0xc, 0x3, 0x83,
    0xe, 0x0, 0xc1, 0x86, 0x7, 0xff, 0xff, 0xf3,
    0xff, 0xff, 0xf9, 0x80, 0x0, 0xc, 0xc0, 0x0,
    0x6, 0x67, 0xff, 0xf3, 0x33, 0x0, 0x19, 0x81,
    0x80, 0xc, 0x0, 0xff, 0xfe, 0x0, 0x60, 0x3,
    0x0, 0x30, 0x1, 0x80, 0x18, 0x0, 0xc0, 0xf,
    0xff, 0xe0, 0x6, 0x0, 0x30, 0x3, 0xff, 0xf8,
    0x1, 0xff, 0xfc, 0x0, 0x1c, 0x30, 0x0, 0xc,
    0x18, 0x10, 0x1e, 0xc, 0xc, 0x3e, 0x6, 0x7,
    0xfc, 0x3, 0xff, 0x70, 0x0, 0xff, 0x0,

    /* U+89E3 "解" */
    0x0, 0x0, 0x0, 0x3, 0x0, 0x0, 0x0, 0x80,
    0x7f, 0xf8, 0x7f, 0x1, 0x86, 0x18, 0xc0, 0x61,
    0x8c, 0x20, 0x18, 0x63, 0x18, 0xc, 0x19, 0x86,
    0x7, 0x6, 0x7f, 0xf3, 0x81, 0xbc, 0xcf, 0xc3,
    0xc3, 0x33, 0x60, 0x0, 0xcc, 0xc4, 0x60, 0x33,
    0x31, 0x98, 0xf, 0xfc, 0x66, 0x3, 0x33, 0x3f,
    0xfc, 0xcc, 0xcf, 0xff, 0x33, 0x36, 0x18, 0xf,
    0xfd, 0x86, 0x3, 0xff, 0x1, 0x80, 0xc0, 0xdf,
    0xff, 0x30, 0x37, 0xff, 0xcc, 0xc, 0x6, 0x6,
    0x3, 0x1, 0x81, 0x80, 0xc0, 0x60, 0x60, 0x30,
    0x18, 0x30, 0x7c, 0x6, 0x0,

    /* U+8A00 "言" */
    0xf, 0xff, 0xf0, 0x0, 0x0, 0x0, 0x0, 0x0,
    0x0, 0x0, 0x0, 0x0, 0xf, 0xff, 0xff, 0xff,
    0xff, 0xff, 0xfc, 0x0, 0x0, 0x0, 0x0, 0x0,
    0x0, 0xf, 0xff, 0xf0, 0x0, 0x0, 0x0, 0x0,
    0x0, 0x0, 0x1, 0xff, 0xfe, 0x0, 0xff, 0xff,
    0x0, 0x0, 0x0, 0x0, 0x0, 0x0, 0x0, 0x1f,
    0xff, 0xf0, 0xf, 0xff, 0xf8, 0x6, 0x0, 0x1c,
    0x3, 0x0, 0xe, 0x1, 0x80, 0x7, 0x0, 0xc0,
    0x3, 0x80, 0x7f, 0xff, 0xc0, 0x3f, 0xff, 0xe0,
    0x18, 0x0, 0x70,

    /* U+8A2D "設" */
    0x7f, 0xc7, 0xfc, 0x1f, 0xf1, 0xff, 0x0, 0x0,
    0x60, 0xc0, 0x0, 0x18, 0x30, 0xff, 0xe6, 0xc,
    0x3f, 0xf9, 0x83, 0x20, 0x0, 0xe0, 0xcc, 0x0,
    0x30, 0x33, 0x7f, 0xdc, 0xf, 0xc0, 0xe, 0x0,
    0x0, 0x1, 0x0, 0x0, 0x0, 0x0, 0x0, 0x7f,
    0xdf, 0xff, 0x1f, 0xf7, 0xff, 0xc0, 0x0, 0x60,
    0x61, 0xff, 0x18, 0x18, 0x7f, 0xc3, 0xe, 0x18,
    0x30, 0xe7, 0x6, 0xc, 0x1f, 0x81, 0x83, 0x3,
    0xc0, 0x60, 0xc0, 0xf0, 0x18, 0x30, 0xff, 0x7,
    0xfd, 0xf9, 0xf9, 0x80, 0xf8, 0x3f, 0x60, 0x18,
    0x3, 0x80,

    /* U+8A3C "証" */
    0x7f, 0x80, 0x0, 0x1f, 0xe7, 0xff, 0xf0, 0x1,
    0xff, 0xfc, 0x0, 0x0, 0xc0, 0x0, 0x0, 0x30,
    0x3f, 0xf0, 0xc, 0x0, 0x0, 0x3, 0x0, 0x0,
    0x0, 0xc0, 0x7f, 0x8c, 0x30, 0x0, 0x3, 0xc,
    0x0, 0x0, 0xc3, 0x0, 0x0, 0x30, 0xff, 0x7f,
    0x8c, 0x3f, 0xc0, 0x3, 0xc, 0x0, 0x0, 0xc3,
    0x0, 0x0, 0x30, 0xc0, 0x7f, 0x8c, 0x30, 0x18,
    0x63, 0xc, 0x6, 0x18, 0xc3, 0x1, 0x86, 0x30,
    0xc0, 0x61, 0x8c, 0x30, 0x18, 0x63, 0xc, 0x6,
    0x18, 0xc3, 0x1, 0xfe, 0xff, 0xff, 0x60, 0x0,
    0x0, 0x0,

    /* U+8A66 "試" */
    0x0, 0x0, 0x1e, 0x1f, 0xe0, 0x6, 0xc0, 0x0,
    0x1, 0x98, 0x0, 0x0, 0x62, 0xff, 0xc0, 0x18,
    0x3f, 0xff, 0xff, 0xe0, 0x3, 0xff, 0xf8, 0x0,
    0x0, 0x60, 0x7f, 0x80, 0x18, 0x0, 0x0, 0x6,
    0x0, 0x0, 0x1, 0x80, 0x0, 0x7f, 0xe0, 0x7f,
    0x9f, 0xf8, 0x0, 0x0, 0xc6, 0x0, 0x0, 0x31,
    0x81, 0xfe, 0xc, 0x60, 0x7f, 0x83, 0x18, 0x18,
    0x60, 0xc6, 0x6, 0x18, 0x30, 0x81, 0x86, 0xc,
    0x32, 0x61, 0x83, 0xec, 0xd8, 0x6f, 0xfb, 0x37,
    0xf9, 0x80, 0x69, 0x80, 0x0, 0x1e, 0x60, 0x0,
    0x3, 0x0,

    /* U+8A8D "認" */
    0x7f, 0x9f, 0xff, 0x9f, 0xe7, 0xff, 0xe0, 0x0,
    0xc, 0x18, 0x0, 0x3, 0x6, 0xff, 0xdd, 0xc1,
    0xbf, 0xf3, 0xe0, 0x60, 0x0, 0x1c, 0x18, 0x0,
    0xd, 0xc6, 0x7f, 0x83, 0x11, 0x80, 0x1, 0x80,
    0x40, 0x0, 0xc3, 0xf0, 0x0, 0xe0, 0x7c, 0x7f,
    0x91, 0x80, 0x0, 0x0, 0x70, 0x0, 0x0, 0x7,
    0x0, 0x0, 0x0, 0xe0, 0x7f, 0x93, 0x1, 0x18,
    0x66, 0xc0, 0xc6, 0x19, 0xb0, 0x19, 0x86, 0x6c,
    0x6, 0x61, 0x93, 0x4, 0xd8, 0x6c, 0xc1, 0xb7,
    0xfa, 0x30, 0x6d, 0x80, 0xf, 0xf8, 0x60, 0x1,
    0xfc, 0x0,

    /* U+8A9E "語" */
    0x7f, 0x9f, 0xff, 0x9f, 0xe7, 0xff, 0xe0, 0x0,
    0x18, 0x0, 0x0, 0x6, 0x0, 0x0, 0x1, 0x80,
    0x3f, 0xf0, 0x60, 0x0, 0x0, 0xff, 0xe0, 0x0,
    0x6, 0x18, 0x7f, 0x81, 0x86, 0x0, 0x0, 0xc1,
    0x80, 0x0, 0x30, 0x60, 0x0, 0xff, 0xff, 0x7f,
    0xbf, 0xff, 0xc0, 0x0, 0x0, 0x0, 0x0, 0x0,
    0x0, 0x0, 0x3f, 0xfc, 0x7f, 0x8f, 0xff, 0x18,
    0x63, 0x0, 0xc6, 0x18, 0xc0, 0x31, 0x86, 0x30,
    0xc, 0x61, 0x8c, 0x3, 0x18, 0x63, 0x0, 0xc7,
    0xf8, 0xff, 0xf1, 0xfe, 0x3f, 0xfc, 0x60, 0xc,
    0x3, 0x0,

    /* U+8B66 "警" */
    0xc, 0x60, 0xc0, 0x3f, 0xfe, 0x60, 0x3, 0x18,
    0x7f, 0xe6, 0x0, 0x70, 0xc3, 0xff, 0xf8, 0x67,
    0x0, 0xf6, 0x63, 0xfe, 0x61, 0xe0, 0x63, 0x20,
    0xe0, 0x3f, 0xb1, 0xfc, 0x1f, 0xfb, 0xe7, 0xc0,
    0x18, 0x80, 0xe0, 0xff, 0xff, 0x0, 0x0, 0x0,
    0x7, 0xff, 0xff, 0xfc, 0x0, 0x0, 0x0, 0x0,
    0x0, 0x0, 0x7, 0xff, 0xf8, 0x0, 0x0, 0x0,
    0x1, 0xff, 0xfe, 0x0, 0x0, 0x0, 0x0, 0xff,
    0xff, 0xc0, 0x60, 0x0, 0x60, 0x30, 0x0, 0x30,
    0x18, 0x0, 0x18, 0xf, 0xff, 0xfc, 0x0,

    /* U+8CA1 "財" */
    0x0, 0x0, 0x6, 0x0, 0x0, 0x0, 0xc0, 0xff,
    0xc0, 0x18, 0x18, 0x18, 0x3, 0x3, 0x3, 0x0,
    0x60, 0x60, 0x60, 0xc, 0xc, 0xc, 0x1, 0x81,
    0xff, 0xbf, 0xff, 0x30, 0x37, 0xff, 0xe6, 0x6,
    0x1, 0xc0, 0xc0, 0xc0, 0x38, 0x18, 0x18, 0xf,
    0x3, 0xff, 0x3, 0xe0, 0x60, 0x60, 0x6c, 0xc,
    0xc, 0x1d, 0x81, 0x81, 0x83, 0x30, 0x30, 0x30,
    0xc6, 0x6, 0x6, 0x38, 0xc0, 0xff, 0xce, 0x18,
    0x0, 0x3, 0x83, 0x0, 0xce, 0x60, 0x60, 0x30,
    0xc0, 0xc, 0xe, 0xc, 0x1, 0x81, 0x81, 0xc0,
    0x30, 0x70, 0x10, 0x7e, 0x4, 0x0, 0x7, 0x80,

    /* U+8CAC "責" */
    0x0, 0x18, 0x0, 0x0, 0x18, 0x0, 0x7f, 0xff,
    0xfe, 0x0, 0x18, 0x0, 0x0, 0x18, 0x0, 0x1f,
    0xff, 0xfc, 0x0, 0x18, 0x0, 0x0, 0x18, 0x0,
    0xff, 0xff, 0xff, 0xff, 0xff, 0xff, 0x0, 0x0,
    0x0, 0x0, 0x0, 0x0, 0x1f, 0xff, 0xf8, 0x18,
    0x0, 0x18, 0x18, 0x0, 0x18, 0x1f, 0xff, 0xf8,
    0x18, 0x0, 0x18, 0x18, 0x0, 0x18, 0x1f, 0xff,
    0xf8, 0x18, 0x0, 0x18, 0x18, 0x0, 0x18, 0x1f,
    0xff, 0xf8, 0x1, 0x81, 0x80, 0xf, 0x81, 0xf0,
    0xfc, 0x0, 0x3e, 0x60, 0x0, 0x7,

    /* U+8CC7 "資" */
    0x0, 0x0, 0x0, 0xc, 0x3, 0x0, 0x3, 0xe1,
    0xff, 0xf8, 0x3c, 0x7f, 0xfe, 0x1, 0x31, 0xc3,
    0x0, 0x38, 0x71, 0xc0, 0x0, 0x3e, 0x60, 0x1c,
    0x1d, 0xc0, 0x7f, 0x1e, 0x3c, 0x1e, 0x1f, 0x3,
    0xf4, 0x6, 0x0, 0x3c, 0x3f, 0xff, 0xf0, 0xc,
    0x0, 0xc, 0x3, 0x0, 0x3, 0x0, 0xff, 0xff,
    0xc0, 0x30, 0x0, 0x30, 0xc, 0x0, 0xc, 0x3,
    0xff, 0xff, 0x0, 0xc0, 0x0, 0xc0, 0x30, 0x0,
    0x30, 0xc, 0x0, 0xc, 0x3, 0xff, 0xff, 0x0,
    0x8, 0x0, 0x0, 0xf, 0x7, 0xe0, 0x1f, 0x0,
    0x3f, 0x1e, 0x0, 0x1, 0xf0, 0x0, 0x0, 0x0,

    /* U+8D85 "超" */
    0x3, 0x0, 0x0, 0x0, 0x60, 0xff, 0xf8, 0xc,
    0x1f, 0xff, 0x1f, 0xf8, 0x30, 0x43, 0xff, 0x6,
    0x18, 0x6, 0x1, 0x83, 0x0, 0xc0, 0x30, 0x60,
    0x18, 0xc, 0xc, 0x7f, 0xfb, 0x9f, 0x8f, 0xff,
    0xe1, 0xe0, 0xc, 0x10, 0x0, 0x1, 0x81, 0xff,
    0xc3, 0x30, 0x3f, 0xf8, 0x66, 0x6, 0x3, 0xc,
    0xfc, 0xc0, 0x61, 0x9f, 0x98, 0xc, 0x33, 0x3,
    0x1, 0x86, 0x60, 0x60, 0x30, 0xec, 0xf, 0xfe,
    0x1d, 0x81, 0xff, 0xc2, 0xf0, 0x0, 0x0, 0x5e,
    0x0, 0x0, 0x19, 0xf0, 0x0, 0x3, 0xf, 0xff,
    0xfe, 0xc0, 0x7f, 0xff, 0xc0, 0x0, 0x0, 0x0,

    /* U+8EE2 "転" */
    0x6, 0x0, 0x0, 0x3, 0x0, 0x0, 0x1, 0x81,
    0xff, 0xdf, 0xfe, 0xff, 0xef, 0xff, 0x0, 0x0,
    0x30, 0x0, 0x0, 0x18, 0x0, 0x1, 0xff, 0xc0,
    0x0, 0xff, 0xe0, 0x0, 0x7f, 0xf0, 0x0, 0x31,
    0x98, 0x0, 0x18, 0xcd, 0xff, 0xff, 0xfe, 0xff,
    0xfe, 0x33, 0x6, 0x3, 0x19, 0x87, 0x1, 0x8c,
    0xc3, 0x0, 0xff, 0xe1, 0x80, 0x3, 0x0, 0xc6,
    0x1, 0x80, 0x61, 0x9f, 0xfe, 0x60, 0xcf, 0xff,
    0x30, 0x70, 0x30, 0x18, 0x18, 0x18, 0x1c, 0xfc,
    0xc, 0x3f, 0xff, 0x6, 0x1f, 0xe1, 0x83, 0x0,
    0x0, 0x80,

    /* U+8FFD "追" */
    0x0, 0x1, 0x80, 0x18, 0x0, 0xe0, 0x7, 0x0,
    0x30, 0x0, 0xe1, 0xff, 0xf8, 0x1c, 0x7f, 0xfe,
    0x3, 0x98, 0x1, 0x80, 0x46, 0x0, 0x60, 0x1,
    0x80, 0x18, 0x0, 0x60, 0x6, 0x0, 0x1f, 0xff,
    0x80, 0x7, 0xff, 0xe0, 0x1, 0x80, 0x0, 0xfc,
    0x60, 0x0, 0x3, 0x1f, 0xff, 0xc0, 0xc7, 0xff,
    0xf0, 0x31, 0x80, 0xc, 0xc, 0x60, 0x3, 0x3,
    0x18, 0x0, 0xc0, 0xc6, 0x0, 0x30, 0x31, 0xff,
    0xfc, 0xc, 0x7f, 0xff, 0x7, 0x80, 0x0, 0x3,
    0xf0, 0x0, 0x1, 0xcf, 0x0, 0x0, 0xe1, 0xff,
    0xff, 0xf0, 0x1f, 0xff, 0xf0,

    /* U+9001 "送" */
    0x0, 0x30, 0xe, 0x18, 0xc, 0x3, 0x7, 0x81,
    0x81, 0x80, 0x70, 0x70, 0x60, 0xe, 0xc, 0x30,
    0x1, 0x3f, 0xff, 0xc0, 0xf, 0xff, 0xf0, 0x0,
    0x6, 0x0, 0x0, 0x1, 0x80, 0x0, 0x0, 0x60,
    0x0, 0x0, 0x18, 0x3, 0xf7, 0xff, 0xfe, 0xfd,
    0xff, 0xff, 0x83, 0x0, 0xf0, 0x0, 0xc0, 0x3e,
    0x0, 0x30, 0x1d, 0x80, 0xc, 0xe, 0x30, 0x3,
    0x7, 0xf, 0x0, 0xc7, 0x81, 0xf0, 0x33, 0xc0,
    0x3e, 0x1e, 0x40, 0x3, 0xf, 0xc0, 0x0, 0x7,
    0x3c, 0x0, 0x3, 0x87, 0xff, 0xfe, 0xc0, 0x7f,
    0xff, 0x80,

    /* U+901A "通" */
    0x0, 0x0, 0x0, 0x18, 0x1f, 0xff, 0xe3, 0x80,
    0x0, 0xf0, 0x70, 0x38, 0x70, 0xe, 0x7, 0xf8,
    0x1, 0x0, 0x78, 0x0, 0x7, 0xff, 0xf8, 0x1,
    0xff, 0xfe, 0x0, 0x60, 0xc3, 0x80, 0x18, 0x30,
    0xe0, 0x6, 0xc, 0x3b, 0xf1, 0xff, 0xfe, 0xc,
    0x60, 0xc3, 0x83, 0x18, 0x30, 0xe0, 0xc6, 0xc,
    0x38, 0x31, 0xff, 0xfe, 0xc, 0x60, 0xc3, 0x83,
    0x18, 0x30, 0xe0, 0xc6, 0xc, 0x38, 0x31, 0x83,
    0xe, 0xc, 0x60, 0xcf, 0xf, 0x80, 0x0, 0x7,
    0x38, 0x0, 0x3, 0x87, 0xff, 0xff, 0xc0, 0x7f,
    0xff, 0xc0,

    /* U+9054 "達" */
    0x0, 0x1, 0x80, 0x1c, 0x0, 0x60, 0x3, 0x87,
    0xff, 0xe0, 0x70, 0x6, 0x0, 0xe, 0x1, 0x80,
    0x0, 0x7f, 0xff, 0xe0, 0x1f, 0xff, 0xf8, 0x0,
    0x60, 0x60, 0x0, 0x18, 0x18, 0x0, 0x3, 0xc,
    0x0, 0xf, 0xff, 0xfb, 0xf3, 0xff, 0xfe, 0xfc,
    0x1, 0x80, 0x3, 0x0, 0x60, 0x0, 0xc7, 0xff,
    0xf0, 0x30, 0x6, 0x0, 0xc, 0x1, 0x80, 0x3,
    0x7f, 0xff, 0xe0, 0xc0, 0x18, 0x0, 0x30, 0x6,
    0x0, 0xc, 0x1, 0x80, 0xc, 0x80, 0x0, 0x7,
    0x38, 0x0, 0x3, 0x83, 0xff, 0xfe, 0x40, 0x3f,
    0xff, 0x80,

    /* U+91CD "重" */
    0x0, 0x0, 0x18, 0x1f, 0xff, 0xfe, 0xf, 0xff,
    0xf0, 0x0, 0x3, 0x0, 0x0, 0x1, 0x80, 0x7,
    0xff, 0xff, 0xfc, 0x0, 0x60, 0x0, 0x0, 0x30,
    0x0, 0x1f, 0xff, 0xfc, 0xc, 0xc, 0x6, 0x6,
    0x6, 0x3, 0x3, 0x3, 0x1, 0x81, 0xff, 0xff,
    0xc0, 0xc0, 0xc0, 0x60, 0x60, 0x60, 0x30, 0x3f,
    0xff, 0xf8, 0x0, 0x18, 0x0, 0x0, 0xc, 0x0,
    0x0, 0x6, 0x0, 0x7, 0xff, 0xff, 0xc0, 0x1,
    0x80, 0x0, 0x0, 0xc0, 0x0, 0x0, 0x60, 0x1,
    0xff, 0xff, 0xff, 0xff, 0xff, 0xff, 0x80,

    /* U+9375 "鍵" */
    0x7, 0x0, 0xc, 0x0, 0xf9, 0xe0, 0xc0, 0xd,
    0xdf, 0x7f, 0xc1, 0x8e, 0x20, 0xdc, 0x38, 0x62,
    0xd, 0xc7, 0x0, 0x6f, 0xfe, 0xff, 0xc6, 0xff,
    0xe7, 0xfc, 0x40, 0xdc, 0x6, 0xc, 0xd, 0xc0,
    0x60, 0xf7, 0xfc, 0x6, 0x1f, 0x7f, 0xc7, 0xfd,
    0x90, 0xc0, 0x7f, 0xc1, 0xc, 0x0, 0x60, 0x10,
    0xc0, 0x6, 0x1b, 0x7f, 0xc2, 0x65, 0xb0, 0xc0,
    0x36, 0xca, 0xc, 0x1, 0x6c, 0xef, 0xfe, 0x16,
    0x8e, 0xff, 0xe1, 0x68, 0x60, 0xc0, 0x6, 0xe,
    0xc, 0x0, 0x7e, 0xb0, 0xc0, 0x3f, 0xfb, 0xc0,
    0x7, 0xe7, 0xf, 0xfe, 0x40, 0x60, 0x3f, 0xe0,
    0x0, 0x0, 0x0,

    /* U+958B "開" */
    0xff, 0xcf, 0xff, 0x81, 0x98, 0xf, 0x3, 0x30,
    0x1e, 0x6, 0x60, 0x3f, 0xfc, 0xff, 0xf8, 0x19,
    0x80, 0xf0, 0x33, 0x1, 0xe0, 0x66, 0x3, 0xff,
    0xcf, 0xff, 0x80, 0x0, 0xf, 0x0, 0x0, 0x1e,
    0x7f, 0xfe, 0x3c, 0xff, 0xfc, 0x78, 0x30, 0xc0,
    0xf0, 0x61, 0x81, 0xe0, 0xc3, 0x3, 0xdf, 0xff,
    0xe7, 0xbf, 0xff, 0xcf, 0x6, 0x18, 0x1e, 0x1c,
    0x30, 0x3c, 0x30, 0x60, 0x78, 0xe0, 0xc0, 0xf3,
    0x81, 0x9f, 0xe6, 0x3, 0x3f,

    /* U+95A2 "関" */
    0xff, 0xc7, 0xff, 0x81, 0x8c, 0xf, 0x3, 0x18,
    0x1e, 0x6, 0x30, 0x3f, 0xfc, 0x7f, 0xf8, 0x18,
    0xc0, 0xf0, 0x31, 0x81, 0xff, 0xe3, 0xff, 0xc0,
    0x0, 0x7, 0x86, 0x6, 0xf, 0x6, 0xc, 0x1e,
    0xc, 0x10, 0x3c, 0xff, 0xfc, 0x79, 0xff, 0xf8,
    0xf0, 0xc, 0x1, 0xe0, 0x18, 0x3, 0xcf, 0xff,
    0xc7, 0x80, 0x70, 0xf, 0x1, 0xf0, 0x1e, 0x7,
    0x70, 0x3c, 0x3c, 0x78, 0x79, 0xe0, 0x38, 0xf0,
    0x0, 0xf, 0xe0, 0x0, 0x1f,

    /* U+9650 "限" */
    0xff, 0x3f, 0xfe, 0x7f, 0x9f, 0xff, 0x31, 0xcc,
    0x1, 0x98, 0xc6, 0x0, 0xcc, 0x63, 0x0, 0x66,
    0x61, 0xff, 0xf3, 0x30, 0xff, 0xf9, 0x90, 0x60,
    0xc, 0xcc, 0x30, 0x6, 0x63, 0x18, 0x3, 0x31,
    0x8f, 0xff, 0x98, 0x67, 0xff, 0xcc, 0x33, 0x18,
    0x6, 0x19, 0x86, 0x1b, 0xc, 0xc3, 0x1d, 0x86,
    0x61, 0x9c, 0xdf, 0x30, 0x78, 0x6f, 0x18, 0x38,
    0x30, 0xc, 0xc, 0x18, 0x6, 0x7, 0xc, 0x3,
    0x3d, 0xc6, 0x7, 0xfe, 0x73, 0x7, 0xe0, 0x1f,
    0x82, 0x0, 0x2,

    /* U+9664 "除" */
    0x0, 0x1, 0x80, 0x0, 0x1, 0xe0, 0x3f, 0xc1,
    0xf8, 0x1f, 0xe1, 0xce, 0xc, 0x70, 0xc3, 0x86,
    0x30, 0xc0, 0xe3, 0x19, 0xc0, 0x39, 0x99, 0xc0,
    0xf, 0xcd, 0xdf, 0xff, 0xee, 0x4f, 0xfe, 0x33,
    0x0, 0x60, 0x18, 0xc0, 0x30, 0xc, 0x60, 0x18,
    0x6, 0x18, 0xc, 0x3, 0xd, 0xff, 0xfd, 0x86,
    0xff, 0xfe, 0xc3, 0x1, 0x80, 0x61, 0x80, 0xc4,
    0x37, 0xcc, 0x67, 0x1b, 0xc6, 0x31, 0x8c, 0x6,
    0x18, 0x66, 0x7, 0xc, 0x3b, 0x3, 0x6, 0xd,
    0x83, 0x3, 0x2, 0xc0, 0xf, 0x80, 0x60, 0x7,
    0x80, 0x0,

    /* U+96FB "電" */
    0x3f, 0xff, 0xfc, 0x1f, 0xff, 0xfe, 0x0, 0x6,
    0x0, 0x0, 0x3, 0x0, 0xf, 0xff, 0xff, 0xf6,
    0x0, 0xc0, 0x1b, 0x0, 0x60, 0xd, 0xbf, 0x37,
    0xe6, 0xc0, 0x18, 0x3, 0x0, 0xc, 0x0, 0x7,
    0xe6, 0xfe, 0x0, 0x0, 0x0, 0x0, 0x0, 0x0,
    0x0, 0xff, 0xff, 0xe0, 0x7f, 0xff, 0xf0, 0x20,
    0x30, 0x38, 0x10, 0x18, 0x1c, 0xf, 0xff, 0xfe,
    0x4, 0x6, 0x7, 0x2, 0x3, 0x3, 0x81, 0xff,
    0xff, 0xd0, 0x80, 0xc0, 0xc, 0x0, 0x60, 0x6,
    0x0, 0x30, 0x3, 0x0, 0xf, 0xff, 0x0,

    /* U+9762 "面" */
    0xff, 0xff, 0xff, 0xff, 0xff, 0xff, 0xc0, 0xe,
    0x0, 0x0, 0x6, 0x0, 0x0, 0x3, 0x0, 0x0,
    0x1, 0x80, 0x1, 0xff, 0xff, 0xf8, 0xff, 0xff,
    0xfc, 0x61, 0x81, 0x86, 0x30, 0xc0, 0xc3, 0x18,
    0x60, 0x61, 0x8c, 0x3f, 0xf0, 0xc6, 0x18, 0x18,
    0x63, 0xc, 0xc, 0x31, 0x86, 0x6, 0x18, 0xc3,
    0x3, 0xc, 0x61, 0xff, 0x86, 0x30, 0xc0, 0xc3,
    0x18, 0x60, 0x61, 0x8c, 0x30, 0x30, 0xc6, 0x18,
    0x18, 0x63, 0xff, 0xff, 0xf1, 0xff, 0xff, 0xf8,
    0xc0, 0x0, 0xc,

    /* U+9805 "項" */
    0x0, 0x3f, 0xff, 0xc0, 0xf, 0xff, 0xff, 0xfc,
    0x6, 0x3, 0xff, 0x3, 0x80, 0xc, 0x0, 0xc0,
    0x3, 0x7, 0xff, 0xe0, 0xc1, 0x80, 0x18, 0x30,
    0x60, 0x6, 0xc, 0x18, 0x1, 0x83, 0x7, 0xff,
    0xe0, 0xc1, 0x80, 0x18, 0x30, 0x60, 0x6, 0xc,
    0x18, 0x1, 0x83, 0x7, 0xff, 0xe0, 0xdd, 0x80,
    0x18, 0x3f, 0x60, 0x6, 0x7e, 0x18, 0x1, 0xbc,
    0x6, 0x0, 0x6c, 0x1, 0xff, 0xf8, 0x0, 0x8,
    0x0, 0x0, 0x7, 0x1e, 0x0, 0x7, 0x81, 0xc0,
    0x7, 0x80, 0x3c, 0x3, 0x80, 0x3,

    /* U+FF01 "！" */
    0x66, 0x66, 0x66, 0x66, 0x66, 0x66, 0x66, 0x0,
    0x0, 0x6f, 0x60,

    /* U+FF06 "＆" */
    0x7, 0xc0, 0x3, 0xf8, 0x1, 0xc7, 0x0, 0xe0,
    0xc0, 0x38, 0x30, 0xe, 0xc, 0x1, 0x86, 0x0,
    0x63, 0x80, 0x1d, 0x80, 0x3, 0xc0, 0x1, 0xf0,
    0x18, 0xee, 0x6, 0x73, 0xc3, 0xb8, 0x78, 0xcc,
    0x7, 0x73, 0x0, 0xf8, 0xc0, 0x1e, 0x38, 0x7,
    0xc7, 0x7, 0xf8, 0xff, 0xcf, 0xf, 0xc0, 0x80,

    /* U+FF1F "？" */
    0xf, 0xc0, 0xff, 0xc7, 0x83, 0x98, 0x7, 0x0,
    0xc, 0x0, 0x30, 0x0, 0xc0, 0x6, 0x0, 0x30,
    0x3, 0x80, 0x1c, 0x0, 0xe0, 0x3, 0x0, 0xc,
    0x0, 0x0, 0x0, 0x0, 0x0, 0x0, 0x0, 0x0,
    0x70, 0x1, 0xe0, 0x7, 0x80
};


/*---------------------
 *  GLYPH DESCRIPTION
 *--------------------*/

static const lv_font_fmt_txt_glyph_dsc_t glyph_dsc[] = {
    {.bitmap_index = 0, .adv_w = 0, .box_w = 0, .box_h = 0, .ofs_x = 0, .ofs_y = 0} /* id = 0 reserved */,
    {.bitmap_index = 0, .adv_w = 100, .box_w = 1, .box_h = 1, .ofs_x = 0, .ofs_y = 0},
    {.bitmap_index = 1, .adv_w = 145, .box_w = 3, .box_h = 21, .ofs_x = 3, .ofs_y = 0},
    {.bitmap_index = 9, .adv_w = 249, .box_w = 14, .box_h = 21, .ofs_x = 1, .ofs_y = 0},
    {.bitmap_index = 46, .adv_w = 249, .box_w = 12, .box_h = 28, .ofs_x = 1, .ofs_y = -3},
    {.bitmap_index = 88, .adv_w = 413, .box_w = 24, .box_h = 21, .ofs_x = 1, .ofs_y = 0},
    {.bitmap_index = 151, .adv_w = 305, .box_w = 17, .box_h = 21, .ofs_x = 1, .ofs_y = 0},
    {.bitmap_index = 196, .adv_w = 125, .box_w = 3, .box_h = 8, .ofs_x = 3, .ofs_y = 15},
    {.bitmap_index = 199, .adv_w = 151, .box_w = 6, .box_h = 30, .ofs_x = 3, .ofs_y = -6},
    {.bitmap_index = 222, .adv_w = 151, .box_w = 6, .box_h = 30, .ofs_x = 1, .ofs_y = -6},
    {.bitmap_index = 245, .adv_w = 209, .box_w = 9, .box_h = 9, .ofs_x = 2, .ofs_y = 14},
    {.bitmap_index = 256, .adv_w = 249, .box_w = 13, .box_h = 14, .ofs_x = 1, .ofs_y = 3},
    {.bitmap_index = 279, .adv_w = 125, .box_w = 5, .box_h = 8, .ofs_x = 1, .ofs_y = -5},
    {.bitmap_index = 284, .adv_w = 155, .box_w = 7, .box_h = 2, .ofs_x = 1, .ofs_y = 7},
    {.bitmap_index = 286, .adv_w = 125, .box_w = 3, .box_h = 4, .ofs_x = 2, .ofs_y = 0},
    {.bitmap_index = 288, .adv_w = 176, .box_w = 11, .box_h = 28, .ofs_x = 0, .ofs_y = -5},
    {.bitmap_index = 327, .adv_w = 249, .box_w = 13, .box_h = 21, .ofs_x = 1, .ofs_y = 0},
    {.bitmap_index = 362, .adv_w = 249, .box_w = 11, .box_h = 21, .ofs_x = 2, .ofs_y = 0},
    {.bitmap_index = 391, .adv_w = 249, .box_w = 13, .box_h = 21, .ofs_x = 1, .ofs_y = 0},
    {.bitmap_index = 426, .adv_w = 249, .box_w = 13, .box_h = 21, .ofs_x = 0, .ofs_y = 0},
    {.bitmap_index = 461, .adv_w = 249, .box_w = 14, .box_h = 21, .ofs_x = 1, .ofs_y = 0},
    {.bitmap_index = 498, .adv_w = 249, .box_w = 13, .box_h = 21, .ofs_x = 1, .ofs_y = 0},
    {.bitmap_index = 533, .adv_w = 249, .box_w = 13, .box_h = 21, .ofs_x = 2, .ofs_y = 0},
    {.bitmap_index = 568, .adv_w = 249, .box_w = 13, .box_h = 21, .ofs_x = 1, .ofs_y = 0},
    {.bitmap_index = 603, .adv_w = 249, .box_w = 13, .box_h = 21, .ofs_x = 1, .ofs_y = 0},
    {.bitmap_index = 638, .adv_w = 249, .box_w = 13, .box_h = 21, .ofs_x = 1, .ofs_y = 0},
    {.bitmap_index = 673, .adv_w = 125, .box_w = 3, .box_h = 16, .ofs_x = 2, .ofs_y = 0},
    {.bitmap_index = 679, .adv_w = 125, .box_w = 5, .box_h = 21, .ofs_x = 1, .ofs_y = -5},
    {.bitmap_index = 693, .adv_w = 249, .box_w = 14, .box_h = 13, .ofs_x = 1, .ofs_y = 4},
    {.bitmap_index = 716, .adv_w = 249, .box_w = 13, .box_h = 9, .ofs_x = 1, .ofs_y = 6},
    {.bitmap_index = 731, .adv_w = 249, .box_w = 14, .box_h = 13, .ofs_x = 1, .ofs_y = 4},
    {.bitmap_index = 754, .adv_w = 212, .box_w = 11, .box_h = 21, .ofs_x = 1, .ofs_y = 0},
    {.bitmap_index = 783, .adv_w = 424, .box_w = 23, .box_h = 26, .ofs_x = 2, .ofs_y = -5},
    {.bitmap_index = 858, .adv_w = 272, .box_w = 17, .box_h = 21, .ofs_x = 0, .ofs_y = 0},
    {.bitmap_index = 903, .adv_w = 294, .box_w = 15, .box_h = 21, .ofs_x = 3, .ofs_y = 0},
    {.bitmap_index = 943, .adv_w = 286, .box_w = 16, .box_h = 21, .ofs_x = 2, .ofs_y = 0},
    {.bitmap_index = 985, .adv_w = 308, .box_w = 15, .box_h = 21, .ofs_x = 3, .ofs_y = 0},
    {.bitmap_index = 1025, .adv_w = 264, .box_w = 12, .box_h = 21, .ofs_x = 3, .ofs_y = 0},
    {.bitmap_index = 1057, .adv_w = 247, .box_w = 12, .box_h = 21, .ofs_x = 3, .ofs_y = 0},
    {.bitmap_index = 1089, .adv_w = 309, .box_w = 16, .box_h = 21, .ofs_x = 2, .ofs_y = 0},
    {.bitmap_index = 1131, .adv_w = 326, .box_w = 15, .box_h = 21, .ofs_x = 3, .ofs_y = 0},
    {.bitmap_index = 1171, .adv_w = 131, .box_w = 3, .box_h = 21, .ofs_x = 3, .ofs_y = 0},
    {.bitmap_index = 1179, .adv_w = 240, .box_w = 12, .box_h = 21, .ofs_x = 1, .ofs_y = 0},
    {.bitmap_index = 1211, .adv_w = 289, .box_w = 16, .box_h = 21, .ofs_x = 3, .ofs_y = 0},
    {.bitmap_index = 1253, .adv_w = 243, .box_w = 12, .box_h = 21, .ofs_x = 3, .ofs_y = 0},
    {.bitmap_index = 1285, .adv_w = 364, .box_w = 17, .box_h = 21, .ofs_x = 3, .ofs_y = 0},
    {.bitmap_index = 1330, .adv_w = 324, .box_w = 15, .box_h = 21, .ofs_x = 3, .ofs_y = 0},
    {.bitmap_index = 1370, .adv_w = 332, .box_w = 18, .box_h = 21, .ofs_x = 2, .ofs_y = 0},
    {.bitmap_index = 1418, .adv_w = 284, .box_w = 14, .box_h = 21, .ofs_x = 3, .ofs_y = 0},
    {.bitmap_index = 1455, .adv_w = 332, .box_w = 18, .box_h = 26, .ofs_x = 2, .ofs_y = -5},
    {.bitmap_index = 1514, .adv_w = 284, .box_w = 15, .box_h = 21, .ofs_x = 3, .ofs_y = 0},
    {.bitmap_index = 1554, .adv_w = 267, .box_w = 14, .box_h = 21, .ofs_x = 1, .ofs_y = 0},
    {.bitmap_index = 1591, .adv_w = 268, .box_w = 15, .box_h = 21, .ofs_x = 1, .ofs_y = 0},
    {.bitmap_index = 1631, .adv_w = 323, .box_w = 15, .box_h = 21, .ofs_x = 3, .ofs_y = 0},
    {.bitmap_index = 1671, .adv_w = 258, .box_w = 16, .box_h = 21, .ofs_x = 0, .ofs_y = 0},
    {.bitmap_index = 1713, .adv_w = 393, .box_w = 23, .box_h = 21, .ofs_x = 1, .ofs_y = 0},
    {.bitmap_index = 1774, .adv_w = 257, .box_w = 16, .box_h = 21, .ofs_x = 0, .ofs_y = 0},
    {.bitmap_index = 1816, .adv_w = 238, .box_w = 15, .box_h = 21, .ofs_x = 0, .ofs_y = 0},
    {.bitmap_index = 1856, .adv_w = 270, .box_w = 14, .box_h = 21, .ofs_x = 1, .ofs_y = 0},
    {.bitmap_index = 1893, .adv_w = 151, .box_w = 6, .box_h = 28, .ofs_x = 3, .ofs_y = -5},
    {.bitmap_index = 1914, .adv_w = 176, .box_w = 11, .box_h = 28, .ofs_x = 0, .ofs_y = -5},
    {.bitmap_index = 1953, .adv_w = 151, .box_w = 6, .box_h = 28, .ofs_x = 0, .ofs_y = -5},
    {.bitmap_index = 1974, .adv_w = 249, .box_w = 12, .box_h = 13, .ofs_x = 2, .ofs_y = 9},
    {.bitmap_index = 1994, .adv_w = 250, .box_w = 15, .box_h = 2, .ofs_x = 1, .ofs_y = -4},
    {.bitmap_index = 1998, .adv_w = 271, .box_w = 6, .box_h = 7, .ofs_x = 4, .ofs_y = 18},
    {.bitmap_index = 2004, .adv_w = 252, .box_w = 12, .box_h = 16, .ofs_x = 2, .ofs_y = 0},
    {.bitmap_index = 2028, .adv_w = 277, .box_w = 13, .box_h = 23, .ofs_x = 3, .ofs_y = 0},
    {.bitmap_index = 2066, .adv_w = 228, .box_w = 12, .box_h = 16, .ofs_x = 1, .ofs_y = 0},
    {.bitmap_index = 2090, .adv_w = 278, .box_w = 14, .box_h = 23, .ofs_x = 1, .ofs_y = 0},
    {.bitmap_index = 2131, .adv_w = 248, .box_w = 13, .box_h = 16, .ofs_x = 1, .ofs_y = 0},
    {.bitmap_index = 2157, .adv_w = 146, .box_w = 9, .box_h = 23, .ofs_x = 1, .ofs_y = 0},
    {.bitmap_index = 2183, .adv_w = 253, .box_w = 14, .box_h = 23, .ofs_x = 1, .ofs_y = -7},
    {.bitmap_index = 2224, .adv_w = 272, .box_w = 12, .box_h = 23, .ofs_x = 3, .ofs_y = 0},
    {.bitmap_index = 2259, .adv_w = 123, .box_w = 3, .box_h = 23, .ofs_x = 2, .ofs_y = 0},
    {.bitmap_index = 2268, .adv_w = 123, .box_w = 6, .box_h = 30, .ofs_x = -1, .ofs_y = -7},
    {.bitmap_index = 2291, .adv_w = 247, .box_w = 13, .box_h = 23, .ofs_x = 3, .ofs_y = 0},
    {.bitmap_index = 2329, .adv_w = 127, .box_w = 5, .box_h = 23, .ofs_x = 3, .ofs_y = 0},
    {.bitmap_index = 2344, .adv_w = 415, .box_w = 21, .box_h = 16, .ofs_x = 3, .ofs_y = 0},
    {.bitmap_index = 2386, .adv_w = 273, .box_w = 12, .box_h = 16, .ofs_x = 3, .ofs_y = 0},
    {.bitmap_index = 2410, .adv_w = 271, .box_w = 14, .box_h = 16, .ofs_x = 1, .ofs_y = 0},
    {.bitmap_index = 2438, .adv_w = 278, .box_w = 13, .box_h = 23, .ofs_x = 3, .ofs_y = -7},
    {.bitmap_index = 2476, .adv_w = 278, .box_w = 14, .box_h = 23, .ofs_x = 1, .ofs_y = -7},
    {.bitmap_index = 2517, .adv_w = 174, .box_w = 9, .box_h = 16, .ofs_x = 3, .ofs_y = 0},
    {.bitmap_index = 2535, .adv_w = 210, .box_w = 12, .box_h = 16, .ofs_x = 1, .ofs_y = 0},
    {.bitmap_index = 2559, .adv_w = 169, .box_w = 9, .box_h = 21, .ofs_x = 1, .ofs_y = 0},
    {.bitmap_index = 2583, .adv_w = 272, .box_w = 12, .box_h = 16, .ofs_x = 2, .ofs_y = 0},
    {.bitmap_index = 2607, .adv_w = 233, .box_w = 14, .box_h = 16, .ofs_x = 0, .ofs_y = 0},
    {.bitmap_index = 2635, .adv_w = 359, .box_w = 21, .box_h = 16, .ofs_x = 1, .ofs_y = 0},
    {.bitmap_index = 2677, .adv_w = 223, .box_w = 14, .box_h = 16, .ofs_x = 0, .ofs_y = 0},
    {.bitmap_index = 2705, .adv_w = 233, .box_w = 14, .box_h = 23, .ofs_x = 0, .ofs_y = -7},
    {.bitmap_index = 2746, .adv_w = 213, .box_w = 12, .box_h = 16, .ofs_x = 1, .ofs_y = 0},
    {.bitmap_index = 2770, .adv_w = 151, .box_w = 8, .box_h = 28, .ofs_x = 1, .ofs_y = -5},
    {.bitmap_index = 2798, .adv_w = 121, .box_w = 2, .box_h = 32, .ofs_x = 3, .ofs_y = -8},
    {.bitmap_index = 2806, .adv_w = 151, .box_w = 8, .box_h = 28, .ofs_x = 1, .ofs_y = -5},
    {.bitmap_index = 2834, .adv_w = 249, .box_w = 13, .box_h = 5, .ofs_x = 1, .ofs_y = 8},
    {.bitmap_index = 2843, .adv_w = 249, .box_w = 12, .box_h = 21, .ofs_x = 2, .ofs_y = 0},
    {.bitmap_index = 2875, .adv_w = 249, .box_w = 15, .box_h = 21, .ofs_x = 0, .ofs_y = 0},
    {.bitmap_index = 2915, .adv_w = 251, .box_w = 3, .box_h = 4, .ofs_x = 6, .ofs_y = 8},
    {.bitmap_index = 2917, .adv_w = 249, .box_w = 15, .box_h = 21, .ofs_x = 1, .ofs_y = 0},
    {.bitmap_index = 2957, .adv_w = 448, .box_w = 9, .box_h = 8, .ofs_x = 1, .ofs_y = -2},
    {.bitmap_index = 2966, .adv_w = 448, .box_w = 9, .box_h = 18, .ofs_x = 18, .ofs_y = 6},
    {.bitmap_index = 2987, .adv_w = 448, .box_w = 9, .box_h = 18, .ofs_x = 1, .ofs_y = -2},
    {.bitmap_index = 3008, .adv_w = 448, .box_w = 22, .box_h = 19, .ofs_x = 4, .ofs_y = 0},
    {.bitmap_index = 3061, .adv_w = 448, .box_w = 22, .box_h = 23, .ofs_x = 3, .ofs_y = -1},
    {.bitmap_index = 3125, .adv_w = 448, .box_w = 23, .box_h = 23, .ofs_x = 3, .ofs_y = -1},
    {.bitmap_index = 3192, .adv_w = 448, .box_w = 25, .box_h = 23, .ofs_x = 2, .ofs_y = -1},
    {.bitmap_index = 3264, .adv_w = 448, .box_w = 26, .box_h = 24, .ofs_x = 1, .ofs_y = -1},
    {.bitmap_index = 3342, .adv_w = 448, .box_w = 20, .box_h = 24, .ofs_x = 4, .ofs_y = -1},
    {.bitmap_index = 3402, .adv_w = 448, .box_w = 14, .box_h = 25, .ofs_x = 6, .ofs_y = -2},
    {.bitmap_index = 3446, .adv_w = 448, .box_w = 23, .box_h = 23, .ofs_x = 3, .ofs_y = -1},
    {.bitmap_index = 3513, .adv_w = 448, .box_w = 18, .box_h = 20, .ofs_x = 5, .ofs_y = -1},
    {.bitmap_index = 3558, .adv_w = 448, .box_w = 20, .box_h = 23, .ofs_x = 4, .ofs_y = -1},
    {.bitmap_index = 3616, .adv_w = 448, .box_w = 18, .box_h = 23, .ofs_x = 7, .ofs_y = -1},
    {.bitmap_index = 3668, .adv_w = 448, .box_w = 23, .box_h = 24, .ofs_x = 4, .ofs_y = -2},
    {.bitmap_index = 3737, .adv_w = 448, .box_w = 24, .box_h = 22, .ofs_x = 1, .ofs_y = 0},
    {.bitmap_index = 3803, .adv_w = 448, .box_w = 22, .box_h = 22, .ofs_x = 3, .ofs_y = 0},
    {.bitmap_index = 3864, .adv_w = 448, .box_w = 25, .box_h = 23, .ofs_x = 2, .ofs_y = -1},
    {.bitmap_index = 3936, .adv_w = 448, .box_w = 23, .box_h = 17, .ofs_x = 2, .ofs_y = 1},
    {.bitmap_index = 3985, .adv_w = 448, .box_w = 22, .box_h = 21, .ofs_x = 3, .ofs_y = -1},
    {.bitmap_index = 4043, .adv_w = 448, .box_w = 23, .box_h = 21, .ofs_x = 2, .ofs_y = -1},
    {.bitmap_index = 4104, .adv_w = 448, .box_w = 18, .box_h = 22, .ofs_x = 6, .ofs_y = -1},
    {.bitmap_index = 4154, .adv_w = 448, .box_w = 23, .box_h = 23, .ofs_x = 3, .ofs_y = -1},
    {.bitmap_index = 4221, .adv_w = 448, .box_w = 22, .box_h = 23, .ofs_x = 3, .ofs_y = -1},
    {.bitmap_index = 4285, .adv_w = 448, .box_w = 23, .box_h = 20, .ofs_x = 3, .ofs_y = 0},
    {.bitmap_index = 4343, .adv_w = 448, .box_w = 24, .box_h = 22, .ofs_x = 3, .ofs_y = -1},
    {.bitmap_index = 4409, .adv_w = 448, .box_w = 19, .box_h = 23, .ofs_x = 5, .ofs_y = -1},
    {.bitmap_index = 4464, .adv_w = 448, .box_w = 25, .box_h = 23, .ofs_x = 2, .ofs_y = -2},
    {.bitmap_index = 4536, .adv_w = 448, .box_w = 19, .box_h = 24, .ofs_x = 5, .ofs_y = -2},
    {.bitmap_index = 4593, .adv_w = 448, .box_w = 16, .box_h = 23, .ofs_x = 6, .ofs_y = -1},
    {.bitmap_index = 4639, .adv_w = 448, .box_w = 21, .box_h = 22, .ofs_x = 3, .ofs_y = -1},
    {.bitmap_index = 4697, .adv_w = 448, .box_w = 26, .box_h = 23, .ofs_x = 2, .ofs_y = -1},
    {.bitmap_index = 4772, .adv_w = 448, .box_w = 24, .box_h = 23, .ofs_x = 2, .ofs_y = -1},
    {.bitmap_index = 4841, .adv_w = 448, .box_w = 23, .box_h = 23, .ofs_x = 2, .ofs_y = -1},
    {.bitmap_index = 4908, .adv_w = 448, .box_w = 24, .box_h = 23, .ofs_x = 3, .ofs_y = -1},
    {.bitmap_index = 4977, .adv_w = 448, .box_w = 19, .box_h = 17, .ofs_x = 5, .ofs_y = -2},
    {.bitmap_index = 5018, .adv_w = 448, .box_w = 22, .box_h = 21, .ofs_x = 4, .ofs_y = -1},
    {.bitmap_index = 5076, .adv_w = 448, .box_w = 18, .box_h = 19, .ofs_x = 3, .ofs_y = -2},
    {.bitmap_index = 5119, .adv_w = 448, .box_w = 22, .box_h = 23, .ofs_x = 2, .ofs_y = -1},
    {.bitmap_index = 5183, .adv_w = 448, .box_w = 21, .box_h = 24, .ofs_x = 4, .ofs_y = -1},
    {.bitmap_index = 5246, .adv_w = 448, .box_w = 19, .box_h = 14, .ofs_x = 5, .ofs_y = 0},
    {.bitmap_index = 5280, .adv_w = 448, .box_w = 23, .box_h = 17, .ofs_x = 3, .ofs_y = 1},
    {.bitmap_index = 5329, .adv_w = 448, .box_w = 19, .box_h = 20, .ofs_x = 5, .ofs_y = -2},
    {.bitmap_index = 5377, .adv_w = 448, .box_w = 21, .box_h = 22, .ofs_x = 3, .ofs_y = 0},
    {.bitmap_index = 5435, .adv_w = 448, .box_w = 22, .box_h = 23, .ofs_x = 3, .ofs_y = -1},
    {.bitmap_index = 5499, .adv_w = 448, .box_w = 21, .box_h = 24, .ofs_x = 3, .ofs_y = -2},
    {.bitmap_index = 5562, .adv_w = 448, .box_w = 25, .box_h = 26, .ofs_x = 2, .ofs_y = -2},
    {.bitmap_index = 5644, .adv_w = 448, .box_w = 19, .box_h = 20, .ofs_x = 4, .ofs_y = -1},
    {.bitmap_index = 5692, .adv_w = 448, .box_w = 24, .box_h = 23, .ofs_x = 2, .ofs_y = -1},
    {.bitmap_index = 5761, .adv_w = 448, .box_w = 25, .box_h = 24, .ofs_x = 1, .ofs_y = -2},
    {.bitmap_index = 5836, .adv_w = 448, .box_w = 23, .box_h = 23, .ofs_x = 3, .ofs_y = -1},
    {.bitmap_index = 5903, .adv_w = 448, .box_w = 23, .box_h = 23, .ofs_x = 3, .ofs_y = -1},
    {.bitmap_index = 5970, .adv_w = 448, .box_w = 22, .box_h = 20, .ofs_x = 3, .ofs_y = -1},
    {.bitmap_index = 6025, .adv_w = 448, .box_w = 25, .box_h = 25, .ofs_x = 2, .ofs_y = -1},
    {.bitmap_index = 6104, .adv_w = 448, .box_w = 23, .box_h = 22, .ofs_x = 2, .ofs_y = 0},
    {.bitmap_index = 6168, .adv_w = 448, .box_w = 21, .box_h = 24, .ofs_x = 3, .ofs_y = -1},
    {.bitmap_index = 6231, .adv_w = 448, .box_w = 25, .box_h = 26, .ofs_x = 2, .ofs_y = -2},
    {.bitmap_index = 6313, .adv_w = 448, .box_w = 23, .box_h = 23, .ofs_x = 2, .ofs_y = -1},
    {.bitmap_index = 6380, .adv_w = 448, .box_w = 19, .box_h = 18, .ofs_x = 5, .ofs_y = -2},
    {.bitmap_index = 6423, .adv_w = 448, .box_w = 22, .box_h = 22, .ofs_x = 3, .ofs_y = -1},
    {.bitmap_index = 6484, .adv_w = 448, .box_w = 23, .box_h = 23, .ofs_x = 3, .ofs_y = -2},
    {.bitmap_index = 6551, .adv_w = 448, .box_w = 25, .box_h = 26, .ofs_x = 2, .ofs_y = -2},
    {.bitmap_index = 6633, .adv_w = 448, .box_w = 15, .box_h = 22, .ofs_x = 9, .ofs_y = -1},
    {.bitmap_index = 6675, .adv_w = 448, .box_w = 16, .box_h = 22, .ofs_x = 8, .ofs_y = -1},
    {.bitmap_index = 6719, .adv_w = 448, .box_w = 24, .box_h = 23, .ofs_x = 2, .ofs_y = -1},
    {.bitmap_index = 6788, .adv_w = 448, .box_w = 25, .box_h = 23, .ofs_x = 2, .ofs_y = 0},
    {.bitmap_index = 6860, .adv_w = 448, .box_w = 25, .box_h = 23, .ofs_x = 2, .ofs_y = 0},
    {.bitmap_index = 6932, .adv_w = 448, .box_w = 20, .box_h = 23, .ofs_x = 6, .ofs_y = 0},
    {.bitmap_index = 6990, .adv_w = 448, .box_w = 20, .box_h = 20, .ofs_x = 4, .ofs_y = -1},
    {.bitmap_index = 7040, .adv_w = 448, .box_w = 23, .box_h = 25, .ofs_x = 4, .ofs_y = -1},
    {.bitmap_index = 7112, .adv_w = 448, .box_w = 24, .box_h = 24, .ofs_x = 3, .ofs_y = -1},
    {.bitmap_index = 7184, .adv_w = 448, .box_w = 25, .box_h = 19, .ofs_x = 1, .ofs_y = 1},
    {.bitmap_index = 7244, .adv_w = 448, .box_w = 24, .box_h = 23, .ofs_x = 2, .ofs_y = -1},
    {.bitmap_index = 7313, .adv_w = 448, .box_w = 24, .box_h = 25, .ofs_x = 2, .ofs_y = -1},
    {.bitmap_index = 7388, .adv_w = 448, .box_w = 23, .box_h = 20, .ofs_x = 3, .ofs_y = -1},
    {.bitmap_index = 7446, .adv_w = 448, .box_w = 19, .box_h = 22, .ofs_x = 4, .ofs_y = -1},
    {.bitmap_index = 7499, .adv_w = 448, .box_w = 24, .box_h = 22, .ofs_x = 2, .ofs_y = -1},
    {.bitmap_index = 7565, .adv_w = 448, .box_w = 21, .box_h = 22, .ofs_x = 3, .ofs_y = -1},
    {.bitmap_index = 7623, .adv_w = 448, .box_w = 22, .box_h = 20, .ofs_x = 3, .ofs_y = 0},
    {.bitmap_index = 7678, .adv_w = 448, .box_w = 20, .box_h = 20, .ofs_x = 4, .ofs_y = -3},
    {.bitmap_index = 7728, .adv_w = 448, .box_w = 20, .box_h = 13, .ofs_x = 4, .ofs_y = 1},
    {.bitmap_index = 7761, .adv_w = 448, .box_w = 16, .box_h = 17, .ofs_x = 6, .ofs_y = -2},
    {.bitmap_index = 7795, .adv_w = 448, .box_w = 21, .box_h = 22, .ofs_x = 3, .ofs_y = -1},
    {.bitmap_index = 7853, .adv_w = 448, .box_w = 15, .box_h = 22, .ofs_x = 6, .ofs_y = -1},
    {.bitmap_index = 7895, .adv_w = 448, .box_w = 24, .box_h = 22, .ofs_x = 2, .ofs_y = -1},
    {.bitmap_index = 7961, .adv_w = 448, .box_w = 19, .box_h = 22, .ofs_x = 7, .ofs_y = -1},
    {.bitmap_index = 8014, .adv_w = 448, .box_w = 19, .box_h = 19, .ofs_x = 4, .ofs_y = 0},
    {.bitmap_index = 8060, .adv_w = 448, .box_w = 20, .box_h = 20, .ofs_x = 4, .ofs_y = 0},
    {.bitmap_index = 8110, .adv_w = 448, .box_w = 22, .box_h = 22, .ofs_x = 4, .ofs_y = -1},
    {.bitmap_index = 8171, .adv_w = 448, .box_w = 22, .box_h = 2, .ofs_x = 3, .ofs_y = 10},
    {.bitmap_index = 8177, .adv_w = 448, .box_w = 26, .box_h = 2, .ofs_x = 1, .ofs_y = 10},
    {.bitmap_index = 8184, .adv_w = 448, .box_w = 25, .box_h = 24, .ofs_x = 1, .ofs_y = -1},
    {.bitmap_index = 8259, .adv_w = 448, .box_w = 26, .box_h = 23, .ofs_x = 1, .ofs_y = -2},
    {.bitmap_index = 8334, .adv_w = 448, .box_w = 22, .box_h = 25, .ofs_x = 3, .ofs_y = -2},
    {.bitmap_index = 8403, .adv_w = 448, .box_w = 22, .box_h = 23, .ofs_x = 3, .ofs_y = -2},
    {.bitmap_index = 8467, .adv_w = 448, .box_w = 26, .box_h = 25, .ofs_x = 1, .ofs_y = -2},
    {.bitmap_index = 8549, .adv_w = 448, .box_w = 26, .box_h = 26, .ofs_x = 1, .ofs_y = -2},
    {.bitmap_index = 8634, .adv_w = 448, .box_w = 26, .box_h = 26, .ofs_x = 1, .ofs_y = -2},
    {.bitmap_index = 8719, .adv_w = 448, .box_w = 27, .box_h = 26, .ofs_x = 0, .ofs_y = -2},
    {.bitmap_index = 8807, .adv_w = 448, .box_w = 26, .box_h = 25, .ofs_x = 1, .ofs_y = -2},
    {.bitmap_index = 8889, .adv_w = 448, .box_w = 26, .box_h = 25, .ofs_x = 1, .ofs_y = -2},
    {.bitmap_index = 8971, .adv_w = 448, .box_w = 26, .box_h = 25, .ofs_x = 1, .ofs_y = -2},
    {.bitmap_index = 9053, .adv_w = 448, .box_w = 27, .box_h = 25, .ofs_x = 0, .ofs_y = -2},
    {.bitmap_index = 9138, .adv_w = 448, .box_w = 27, .box_h = 25, .ofs_x = 0, .ofs_y = -2},
    {.bitmap_index = 9223, .adv_w = 448, .box_w = 25, .box_h = 25, .ofs_x = 1, .ofs_y = -2},
    {.bitmap_index = 9302, .adv_w = 448, .box_w = 26, .box_h = 24, .ofs_x = 1, .ofs_y = -2},
    {.bitmap_index = 9380, .adv_w = 448, .box_w = 26, .box_h = 25, .ofs_x = 1, .ofs_y = -2},
    {.bitmap_index = 9462, .adv_w = 448, .box_w = 26, .box_h = 26, .ofs_x = 1, .ofs_y = -2},
    {.bitmap_index = 9547, .adv_w = 448, .box_w = 22, .box_h = 25, .ofs_x = 3, .ofs_y = -2},
    {.bitmap_index = 9616, .adv_w = 448, .box_w = 25, .box_h = 26, .ofs_x = 1, .ofs_y = -2},
    {.bitmap_index = 9698, .adv_w = 448, .box_w = 25, .box_h = 25, .ofs_x = 0, .ofs_y = -2},
    {.bitmap_index = 9777, .adv_w = 448, .box_w = 24, .box_h = 25, .ofs_x = 1, .ofs_y = -2},
    {.bitmap_index = 9852, .adv_w = 448, .box_w = 24, .box_h = 26, .ofs_x = 1, .ofs_y = -2},
    {.bitmap_index = 9930, .adv_w = 448, .box_w = 24, .box_h = 25, .ofs_x = 2, .ofs_y = -2},
    {.bitmap_index = 10005, .adv_w = 448, .box_w = 26, .box_h = 25, .ofs_x = 1, .ofs_y = -2},
    {.bitmap_index = 10087, .adv_w = 448, .box_w = 25, .box_h = 25, .ofs_x = 0, .ofs_y = -2},
    {.bitmap_index = 10166, .adv_w = 448, .box_w = 26, .box_h = 26, .ofs_x = 0, .ofs_y = -2},
    {.bitmap_index = 10251, .adv_w = 448, .box_w = 26, .box_h = 25, .ofs_x = 1, .ofs_y = -2},
    {.bitmap_index = 10333, .adv_w = 448, .box_w = 25, .box_h = 26, .ofs_x = 2, .ofs_y = -2},
    {.bitmap_index = 10415, .adv_w = 448, .box_w = 27, .box_h = 24, .ofs_x = 1, .ofs_y = -2},
    {.bitmap_index = 10496, .adv_w = 448, .box_w = 26, .box_h = 27, .ofs_x = 1, .ofs_y = -3},
    {.bitmap_index = 10584, .adv_w = 448, .box_w = 24, .box_h = 24, .ofs_x = 2, .ofs_y = -2},
    {.bitmap_index = 10656, .adv_w = 448, .box_w = 26, .box_h = 25, .ofs_x = 2, .ofs_y = -2},
    {.bitmap_index = 10738, .adv_w = 448, .box_w = 24, .box_h = 26, .ofs_x = 1, .ofs_y = -2},
    {.bitmap_index = 10816, .adv_w = 448, .box_w = 25, .box_h = 26, .ofs_x = 1, .ofs_y = -2},
    {.bitmap_index = 10898, .adv_w = 448, .box_w = 23, .box_h = 24, .ofs_x = 1, .ofs_y = -2},
    {.bitmap_index = 10967, .adv_w = 448, .box_w = 23, .box_h = 24, .ofs_x = 3, .ofs_y = -2},
    {.bitmap_index = 11036, .adv_w = 448, .box_w = 23, .box_h = 24, .ofs_x = 2, .ofs_y = -2},
    {.bitmap_index = 11105, .adv_w = 448, .box_w = 26, .box_h = 25, .ofs_x = 1, .ofs_y = -2},
    {.bitmap_index = 11187, .adv_w = 448, .box_w = 26, .box_h = 26, .ofs_x = 1, .ofs_y = -2},
    {.bitmap_index = 11272, .adv_w = 448, .box_w = 26, .box_h = 26, .ofs_x = 1, .ofs_y = -2},
    {.bitmap_index = 11357, .adv_w = 448, .box_w = 26, .box_h = 26, .ofs_x = 1, .ofs_y = -3},
    {.bitmap_index = 11442, .adv_w = 448, .box_w = 26, .box_h = 26, .ofs_x = 2, .ofs_y = -2},
    {.bitmap_index = 11527, .adv_w = 448, .box_w = 26, .box_h = 25, .ofs_x = 1, .ofs_y = -2},
    {.bitmap_index = 11609, .adv_w = 448, .box_w = 26, .box_h = 26, .ofs_x = 1, .ofs_y = -2},
    {.bitmap_index = 11694, .adv_w = 448, .box_w = 26, .box_h = 26, .ofs_x = 1, .ofs_y = -3},
    {.bitmap_index = 11779, .adv_w = 448, .box_w = 25, .box_h = 26, .ofs_x = 1, .ofs_y = -3},
    {.bitmap_index = 11861, .adv_w = 448, .box_w = 26, .box_h = 25, .ofs_x = 1, .ofs_y = -2},
    {.bitmap_index = 11943, .adv_w = 448, .box_w = 26, .box_h = 25, .ofs_x = 1, .ofs_y = -2},
    {.bitmap_index = 12025, .adv_w = 448, .box_w = 22, .box_h = 25, .ofs_x = 2, .ofs_y = -2},
    {.bitmap_index = 12094, .adv_w = 448, .box_w = 24, .box_h = 24, .ofs_x = 2, .ofs_y = -2},
    {.bitmap_index = 12166, .adv_w = 448, .box_w = 27, .box_h = 26, .ofs_x = 1, .ofs_y = -2},
    {.bitmap_index = 12254, .adv_w = 448, .box_w = 26, .box_h = 25, .ofs_x = 1, .ofs_y = -2},
    {.bitmap_index = 12336, .adv_w = 448, .box_w = 26, .box_h = 26, .ofs_x = 1, .ofs_y = -2},
    {.bitmap_index = 12421, .adv_w = 448, .box_w = 26, .box_h = 25, .ofs_x = 0, .ofs_y = -2},
    {.bitmap_index = 12503, .adv_w = 448, .box_w = 26, .box_h = 26, .ofs_x = 1, .ofs_y = -2},
    {.bitmap_index = 12588, .adv_w = 448, .box_w = 26, .box_h = 26, .ofs_x = 1, .ofs_y = -2},
    {.bitmap_index = 12673, .adv_w = 448, .box_w = 26, .box_h = 25, .ofs_x = 1, .ofs_y = -2},
    {.bitmap_index = 12755, .adv_w = 448, .box_w = 26, .box_h = 26, .ofs_x = 1, .ofs_y = -2},
    {.bitmap_index = 12840, .adv_w = 448, .box_w = 26, .box_h = 26, .ofs_x = 1, .ofs_y = -2},
    {.bitmap_index = 12925, .adv_w = 448, .box_w = 26, .box_h = 26, .ofs_x = 1, .ofs_y = -2},
    {.bitmap_index = 13010, .adv_w = 448, .box_w = 26, .box_h = 25, .ofs_x = 0, .ofs_y = -2},
    {.bitmap_index = 13092, .adv_w = 448, .box_w = 26, .box_h = 25, .ofs_x = 1, .ofs_y = -2},
    {.bitmap_index = 13174, .adv_w = 448, .box_w = 26, .box_h = 26, .ofs_x = 1, .ofs_y = -2},
    {.bitmap_index = 13259, .adv_w = 448, .box_w = 26, .box_h = 26, .ofs_x = 1, .ofs_y = -2},
    {.bitmap_index = 13344, .adv_w = 448, .box_w = 26, .box_h = 25, .ofs_x = 1, .ofs_y = -2},
    {.bitmap_index = 13426, .adv_w = 448, .box_w = 23, .box_h = 25, .ofs_x = 2, .ofs_y = -2},
    {.bitmap_index = 13498, .adv_w = 448, .box_w = 26, .box_h = 24, .ofs_x = 1, .ofs_y = -2},
    {.bitmap_index = 13576, .adv_w = 448, .box_w = 26, .box_h = 24, .ofs_x = 1, .ofs_y = -2},
    {.bitmap_index = 13654, .adv_w = 448, .box_w = 26, .box_h = 26, .ofs_x = 1, .ofs_y = -2},
    {.bitmap_index = 13739, .adv_w = 448, .box_w = 25, .box_h = 25, .ofs_x = 1, .ofs_y = -2},
    {.bitmap_index = 13818, .adv_w = 448, .box_w = 26, .box_h = 26, .ofs_x = 1, .ofs_y = -2},
    {.bitmap_index = 13903, .adv_w = 448, .box_w = 27, .box_h = 26, .ofs_x = 1, .ofs_y = -2},
    {.bitmap_index = 13991, .adv_w = 448, .box_w = 27, .box_h = 26, .ofs_x = 0, .ofs_y = -2},
    {.bitmap_index = 14079, .adv_w = 448, .box_w = 27, .box_h = 25, .ofs_x = 0, .ofs_y = -2},
    {.bitmap_index = 14164, .adv_w = 448, .box_w = 27, .box_h = 26, .ofs_x = 0, .ofs_y = -2},
    {.bitmap_index = 14252, .adv_w = 448, .box_w = 25, .box_h = 24, .ofs_x = 1, .ofs_y = -1},
    {.bitmap_index = 14327, .adv_w = 448, .box_w = 25, .box_h = 23, .ofs_x = 1, .ofs_y = -1},
    {.bitmap_index = 14399, .adv_w = 448, .box_w = 25, .box_h = 26, .ofs_x = 2, .ofs_y = -2},
    {.bitmap_index = 14481, .adv_w = 448, .box_w = 26, .box_h = 26, .ofs_x = 1, .ofs_y = -2},
    {.bitmap_index = 14566, .adv_w = 448, .box_w = 26, .box_h = 26, .ofs_x = 1, .ofs_y = -2},
    {.bitmap_index = 14651, .adv_w = 448, .box_w = 26, .box_h = 26, .ofs_x = 0, .ofs_y = -2},
    {.bitmap_index = 14736, .adv_w = 448, .box_w = 26, .box_h = 25, .ofs_x = 1, .ofs_y = -2},
    {.bitmap_index = 14818, .adv_w = 448, .box_w = 26, .box_h = 26, .ofs_x = 1, .ofs_y = -2},
    {.bitmap_index = 14903, .adv_w = 448, .box_w = 25, .box_h = 26, .ofs_x = 1, .ofs_y = -2},
    {.bitmap_index = 14985, .adv_w = 448, .box_w = 25, .box_h = 26, .ofs_x = 1, .ofs_y = -2},
    {.bitmap_index = 15067, .adv_w = 448, .box_w = 27, .box_h = 25, .ofs_x = 1, .ofs_y = -2},
    {.bitmap_index = 15152, .adv_w = 448, .box_w = 24, .box_h = 24, .ofs_x = 2, .ofs_y = -1},
    {.bitmap_index = 15224, .adv_w = 448, .box_w = 24, .box_h = 24, .ofs_x = 0, .ofs_y = -2},
    {.bitmap_index = 15296, .adv_w = 448, .box_w = 21, .box_h = 25, .ofs_x = 3, .ofs_y = -2},
    {.bitmap_index = 15362, .adv_w = 448, .box_w = 24, .box_h = 24, .ofs_x = 2, .ofs_y = -2},
    {.bitmap_index = 15434, .adv_w = 448, .box_w = 18, .box_h = 24, .ofs_x = 5, .ofs_y = -2},
    {.bitmap_index = 15488, .adv_w = 448, .box_w = 24, .box_h = 26, .ofs_x = 1, .ofs_y = -2},
    {.bitmap_index = 15566, .adv_w = 448, .box_w = 26, .box_h = 26, .ofs_x = 0, .ofs_y = -2},
    {.bitmap_index = 15651, .adv_w = 448, .box_w = 26, .box_h = 26, .ofs_x = 1, .ofs_y = -2},
    {.bitmap_index = 15736, .adv_w = 448, .box_w = 26, .box_h = 26, .ofs_x = 1, .ofs_y = -2},
    {.bitmap_index = 15821, .adv_w = 448, .box_w = 25, .box_h = 25, .ofs_x = 1, .ofs_y = -2},
    {.bitmap_index = 15900, .adv_w = 448, .box_w = 26, .box_h = 25, .ofs_x = 1, .ofs_y = -2},
    {.bitmap_index = 15982, .adv_w = 448, .box_w = 27, .box_h = 26, .ofs_x = 0, .ofs_y = -2},
    {.bitmap_index = 16070, .adv_w = 448, .box_w = 27, .box_h = 25, .ofs_x = 0, .ofs_y = -2},
    {.bitmap_index = 16155, .adv_w = 448, .box_w = 27, .box_h = 26, .ofs_x = 0, .ofs_y = -2},
    {.bitmap_index = 16243, .adv_w = 448, .box_w = 25, .box_h = 24, .ofs_x = 1, .ofs_y = -2},
    {.bitmap_index = 16318, .adv_w = 448, .box_w = 26, .box_h = 26, .ofs_x = 1, .ofs_y = -2},
    {.bitmap_index = 16403, .adv_w = 448, .box_w = 26, .box_h = 26, .ofs_x = 0, .ofs_y = -2},
    {.bitmap_index = 16488, .adv_w = 448, .box_w = 26, .box_h = 26, .ofs_x = 1, .ofs_y = -2},
    {.bitmap_index = 16573, .adv_w = 448, .box_w = 27, .box_h = 26, .ofs_x = 0, .ofs_y = -2},
    {.bitmap_index = 16661, .adv_w = 448, .box_w = 27, .box_h = 26, .ofs_x = 1, .ofs_y = -2},
    {.bitmap_index = 16749, .adv_w = 448, .box_w = 25, .box_h = 26, .ofs_x = 1, .ofs_y = -3},
    {.bitmap_index = 16831, .adv_w = 448, .box_w = 27, .box_h = 25, .ofs_x = 1, .ofs_y = -2},
    {.bitmap_index = 16916, .adv_w = 448, .box_w = 25, .box_h = 25, .ofs_x = 1, .ofs_y = -2},
    {.bitmap_index = 16995, .adv_w = 448, .box_w = 26, .box_h = 26, .ofs_x = 1, .ofs_y = -2},
    {.bitmap_index = 17080, .adv_w = 448, .box_w = 25, .box_h = 24, .ofs_x = 2, .ofs_y = -2},
    {.bitmap_index = 17155, .adv_w = 448, .box_w = 26, .box_h = 25, .ofs_x = 1, .ofs_y = -2},
    {.bitmap_index = 17237, .adv_w = 448, .box_w = 26, .box_h = 25, .ofs_x = 1, .ofs_y = -2},
    {.bitmap_index = 17319, .adv_w = 448, .box_w = 26, .box_h = 25, .ofs_x = 1, .ofs_y = -2},
    {.bitmap_index = 17401, .adv_w = 448, .box_w = 26, .box_h = 25, .ofs_x = 1, .ofs_y = -2},
    {.bitmap_index = 17483, .adv_w = 448, .box_w = 26, .box_h = 25, .ofs_x = 1, .ofs_y = -2},
    {.bitmap_index = 17565, .adv_w = 448, .box_w = 25, .box_h = 25, .ofs_x = 1, .ofs_y = -2},
    {.bitmap_index = 17644, .adv_w = 448, .box_w = 27, .box_h = 26, .ofs_x = 0, .ofs_y = -2},
    {.bitmap_index = 17732, .adv_w = 448, .box_w = 24, .box_h = 26, .ofs_x = 2, .ofs_y = -2},
    {.bitmap_index = 17810, .adv_w = 448, .box_w = 26, .box_h = 27, .ofs_x = 1, .ofs_y = -3},
    {.bitmap_index = 17898, .adv_w = 448, .box_w = 27, .box_h = 26, .ofs_x = 1, .ofs_y = -3},
    {.bitmap_index = 17986, .adv_w = 448, .box_w = 25, .box_h = 26, .ofs_x = 2, .ofs_y = -2},
    {.bitmap_index = 18068, .adv_w = 448, .box_w = 26, .box_h = 26, .ofs_x = 1, .ofs_y = -2},
    {.bitmap_index = 18153, .adv_w = 448, .box_w = 26, .box_h = 25, .ofs_x = 1, .ofs_y = -2},
    {.bitmap_index = 18235, .adv_w = 448, .box_w = 26, .box_h = 25, .ofs_x = 1, .ofs_y = -2},
    {.bitmap_index = 18317, .adv_w = 448, .box_w = 26, .box_h = 25, .ofs_x = 1, .ofs_y = -2},
    {.bitmap_index = 18399, .adv_w = 448, .box_w = 25, .box_h = 25, .ofs_x = 1, .ofs_y = -2},
    {.bitmap_index = 18478, .adv_w = 448, .box_w = 28, .box_h = 26, .ofs_x = 0, .ofs_y = -3},
    {.bitmap_index = 18569, .adv_w = 448, .box_w = 23, .box_h = 24, .ofs_x = 3, .ofs_y = -2},
    {.bitmap_index = 18638, .adv_w = 448, .box_w = 23, .box_h = 24, .ofs_x = 3, .ofs_y = -2},
    {.bitmap_index = 18707, .adv_w = 448, .box_w = 25, .box_h = 24, .ofs_x = 2, .ofs_y = -2},
    {.bitmap_index = 18782, .adv_w = 448, .box_w = 25, .box_h = 26, .ofs_x = 2, .ofs_y = -2},
    {.bitmap_index = 18864, .adv_w = 448, .box_w = 25, .box_h = 25, .ofs_x = 2, .ofs_y = -2},
    {.bitmap_index = 18943, .adv_w = 448, .box_w = 25, .box_h = 24, .ofs_x = 2, .ofs_y = -2},
    {.bitmap_index = 19018, .adv_w = 448, .box_w = 26, .box_h = 24, .ofs_x = 1, .ofs_y = -2},
    {.bitmap_index = 19096, .adv_w = 448, .box_w = 4, .box_h = 21, .ofs_x = 12, .ofs_y = 0},
    {.bitmap_index = 19107, .adv_w = 448, .box_w = 18, .box_h = 21, .ofs_x = 6, .ofs_y = 0},
    {.bitmap_index = 19155, .adv_w = 448, .box_w = 14, .box_h = 21, .ofs_x = 7, .ofs_y = 0}
};

/*---------------------
 *  CHARACTER MAPPING
 *--------------------*/

static const uint16_t unicode_list_2[] = {
    0x0, 0x2, 0x14, 0x2009, 0x2f5e, 0x2f69, 0x2f6a, 0x2fa1,
    0x2fa5, 0x2fa7, 0x2fa8, 0x2fa9, 0x2faa, 0x2fac, 0x2fae, 0x2fb0,
    0x2fb2, 0x2fb4, 0x2fb6, 0x2fb8, 0x2fbc, 0x2fbd, 0x2fc1, 0x2fc3,
    0x2fc4, 0x2fc5, 0x2fc7, 0x2fc8, 0x2fcb, 0x2fcc, 0x2fdb, 0x2fdc,
    0x2fe6, 0x2fe7, 0x2fe8, 0x2fe9, 0x2fec, 0x2fef, 0x2ff0, 0x2ffe,
    0x2fff, 0x3000, 0x3001, 0x3003, 0x3004, 0x3005, 0x3006, 0x3008,
    0x300a, 0x300c, 0x300d, 0x3010, 0x3012, 0x3013, 0x3014, 0x3015,
    0x3016, 0x3017, 0x3018, 0x301c, 0x301d, 0x301e, 0x3020, 0x3021,
    0x3023, 0x3024, 0x3025, 0x3026, 0x302a, 0x302d, 0x302e, 0x3030,
    0x3032, 0x3033, 0x3034, 0x3036, 0x3038, 0x303a, 0x303b, 0x303c,
    0x303d, 0x303e, 0x303f, 0x3040, 0x3042, 0x3044, 0x3046, 0x3047,
    0x3048, 0x3049, 0x304a, 0x304c, 0x3050, 0x3059, 0x4d5d, 0x4d67,
    0x4d6a, 0x4d8a, 0x4de3, 0x4de8, 0x4e28, 0x4e53, 0x4eab, 0x4eac,
    0x4eb9, 0x4edc, 0x4f12, 0x4ff6, 0x50aa, 0x50c2, 0x50c9, 0x50ce,
    0x5157, 0x517a, 0x5186, 0x5193, 0x51a7, 0x51f8, 0x51fc, 0x51fd,
    0x5216, 0x5273, 0x52b5, 0x5333, 0x5334, 0x534c, 0x5365, 0x536a,
    0x53a7, 0x53c5, 0x54ac, 0x563b, 0x5685, 0x578e, 0x5866, 0x5884,
    0x588e, 0x58c5, 0x5ab5, 0x5ae9, 0x5af7, 0x5b23, 0x5d60, 0x5e72,
    0x5e8e, 0x5f06, 0x5f22, 0x5f35, 0x6022, 0x606c, 0x616d, 0x619d,
    0x6264, 0x6302, 0x6305, 0x64b4, 0x64cd, 0x650d, 0x6516, 0x653f,
    0x656b, 0x6651, 0x665d, 0x6666, 0x667c, 0x6687, 0x6799, 0x6879,
    0x6976, 0x6986, 0x6abf, 0x6ac0, 0x6c32, 0x6c45, 0x6c9b, 0x6d65,
    0x6ded, 0x6df3, 0x7017, 0x707e, 0x71a5, 0x747c, 0x7485, 0x748e,
    0x7498, 0x764b, 0x7742, 0x7817, 0x78de, 0x7935, 0x7c61, 0x7c68,
    0x7c9f, 0x7ca9, 0x7cf7, 0x7ecf, 0x805a, 0x8063, 0x8151, 0x87a9,
    0x8864, 0x88de, 0x88ec, 0x88f7, 0x8940, 0x895d, 0x898a, 0x8999,
    0x89c3, 0x89ea, 0x89fb, 0x8ac3, 0x8bfe, 0x8c09, 0x8c24, 0x8ce2,
    0x8e3f, 0x8f5a, 0x8f5e, 0x8f77, 0x8fb1, 0x912a, 0x92d2, 0x94e8,
    0x94ff, 0x95ad, 0x95c1, 0x9658, 0x96bf, 0x9762, 0xfe5e, 0xfe63,
    0xfe7c
};

/*Collect the unicode lists and glyph_id offsets*/
static const lv_font_fmt_txt_cmap_t cmaps[] =
{
    {
        .range_start = 32, .range_length = 2, .glyph_id_start = 1,
        .unicode_list = NULL, .glyph_id_ofs_list = NULL, .list_length = 0, .type = LV_FONT_FMT_TXT_CMAP_FORMAT0_TINY
    },
    {
        .range_start = 35, .range_length = 92, .glyph_id_start = 3,
        .unicode_list = NULL, .glyph_id_ofs_list = NULL, .list_length = 0, .type = LV_FONT_FMT_TXT_CMAP_FORMAT0_TINY
    },
    {
        .range_start = 163, .range_length = 65149, .glyph_id_start = 95,
        .unicode_list = unicode_list_2, .glyph_id_ofs_list = NULL, .list_length = 233, .type = LV_FONT_FMT_TXT_CMAP_SPARSE_TINY
    }
};

/*-----------------
 *    KERNING
 *----------------*/


/*Pair left and right glyphs for kerning*/
static const uint16_t kern_pair_glyph_ids[] =
{
    7, 12,
    7, 14,
    7, 33,
    7, 42,
    7, 51,
    7, 56,
    7, 67,
    7, 68,
    7, 69,
    7, 79,
    7, 81,
    7, 83,
    8, 42,
    8, 74,
    12, 7,
    12, 10,
    12, 52,
    12, 53,
    12, 54,
    12, 55,
    12, 57,
    12, 67,
    12, 68,
    12, 69,
    12, 74,
    12, 79,
    12, 81,
    12, 84,
    12, 86,
    12, 87,
    12, 89,
    13, 42,
    13, 51,
    13, 52,
    13, 54,
    13, 55,
    13, 56,
    13, 57,
    13, 58,
    13, 84,
    13, 86,
    13, 88,
    14, 7,
    14, 10,
    14, 52,
    14, 53,
    14, 54,
    14, 55,
    14, 57,
    14, 67,
    14, 68,
    14, 69,
    14, 74,
    14, 79,
    14, 81,
    14, 84,
    14, 86,
    14, 87,
    14, 89,
    15, 33,
    15, 35,
    15, 39,
    15, 42,
    15, 47,
    15, 49,
    15, 65,
    15, 67,
    15, 68,
    15, 69,
    15, 71,
    15, 73,
    15, 74,
    15, 79,
    15, 81,
    15, 84,
    15, 85,
    26, 10,
    26, 57,
    26, 74,
    27, 10,
    27, 57,
    27, 74,
    33, 7,
    33, 10,
    33, 31,
    33, 33,
    33, 35,
    33, 39,
    33, 47,
    33, 49,
    33, 52,
    33, 53,
    33, 54,
    33, 56,
    33, 57,
    33, 58,
    33, 60,
    33, 65,
    33, 70,
    33, 83,
    33, 84,
    33, 85,
    33, 86,
    33, 87,
    33, 88,
    33, 89,
    33, 97,
    34, 10,
    34, 42,
    34, 51,
    34, 52,
    34, 54,
    34, 55,
    34, 56,
    34, 57,
    34, 58,
    34, 84,
    34, 86,
    34, 87,
    34, 88,
    34, 89,
    34, 97,
    35, 13,
    35, 35,
    35, 39,
    35, 42,
    35, 47,
    35, 49,
    35, 51,
    35, 52,
    35, 53,
    35, 54,
    35, 55,
    35, 56,
    35, 57,
    35, 58,
    35, 71,
    35, 84,
    35, 85,
    35, 86,
    35, 87,
    35, 89,
    35, 97,
    36, 10,
    36, 15,
    36, 33,
    36, 42,
    36, 52,
    36, 54,
    36, 55,
    36, 56,
    36, 57,
    36, 58,
    36, 88,
    36, 90,
    37, 67,
    37, 68,
    37, 69,
    37, 79,
    37, 81,
    37, 84,
    37, 86,
    37, 88,
    37, 89,
    38, 12,
    38, 14,
    38, 15,
    38, 33,
    38, 35,
    38, 39,
    38, 42,
    38, 47,
    38, 49,
    38, 51,
    38, 54,
    38, 55,
    38, 56,
    38, 57,
    38, 58,
    38, 65,
    38, 67,
    38, 68,
    38, 69,
    38, 71,
    38, 77,
    38, 78,
    38, 79,
    38, 80,
    38, 81,
    38, 82,
    38, 83,
    38, 84,
    38, 85,
    38, 86,
    38, 87,
    38, 88,
    38, 89,
    38, 90,
    38, 97,
    39, 10,
    39, 33,
    39, 52,
    39, 54,
    39, 55,
    42, 12,
    42, 14,
    42, 42,
    43, 7,
    43, 10,
    43, 13,
    43, 31,
    43, 33,
    43, 35,
    43, 39,
    43, 47,
    43, 49,
    43, 51,
    43, 52,
    43, 53,
    43, 54,
    43, 55,
    43, 57,
    43, 67,
    43, 68,
    43, 69,
    43, 74,
    43, 79,
    43, 81,
    43, 84,
    43, 85,
    43, 86,
    43, 87,
    43, 88,
    43, 89,
    43, 90,
    43, 97,
    44, 7,
    44, 10,
    44, 13,
    44, 31,
    44, 35,
    44, 39,
    44, 47,
    44, 49,
    44, 51,
    44, 52,
    44, 53,
    44, 54,
    44, 55,
    44, 57,
    44, 60,
    44, 67,
    44, 68,
    44, 69,
    44, 70,
    44, 71,
    44, 79,
    44, 81,
    44, 84,
    44, 85,
    44, 86,
    44, 87,
    44, 89,
    44, 97,
    47, 10,
    47, 15,
    47, 33,
    47, 42,
    47, 52,
    47, 54,
    47, 55,
    47, 56,
    47, 57,
    47, 58,
    47, 88,
    47, 90,
    48, 12,
    48, 13,
    48, 14,
    48, 15,
    48, 33,
    48, 42,
    48, 51,
    48, 52,
    48, 56,
    48, 57,
    48, 58,
    48, 65,
    48, 67,
    48, 68,
    48, 69,
    48, 71,
    48, 79,
    48, 81,
    48, 83,
    48, 88,
    48, 90,
    48, 97,
    49, 10,
    49, 15,
    49, 33,
    49, 42,
    49, 52,
    49, 54,
    49, 55,
    49, 56,
    49, 57,
    49, 58,
    49, 88,
    49, 90,
    50, 10,
    50, 13,
    50, 33,
    50, 42,
    50, 51,
    50, 52,
    50, 54,
    50, 55,
    50, 56,
    50, 57,
    50, 58,
    50, 65,
    50, 67,
    50, 68,
    50, 69,
    50, 71,
    50, 79,
    50, 81,
    50, 88,
    50, 90,
    50, 97,
    51, 10,
    51, 13,
    51, 42,
    51, 51,
    51, 52,
    51, 57,
    51, 84,
    51, 90,
    51, 97,
    52, 12,
    52, 13,
    52, 14,
    52, 15,
    52, 26,
    52, 27,
    52, 33,
    52, 35,
    52, 39,
    52, 42,
    52, 47,
    52, 49,
    52, 51,
    52, 56,
    52, 57,
    52, 58,
    52, 65,
    52, 67,
    52, 68,
    52, 69,
    52, 70,
    52, 71,
    52, 77,
    52, 78,
    52, 79,
    52, 80,
    52, 81,
    52, 82,
    52, 83,
    52, 84,
    52, 85,
    52, 86,
    52, 87,
    52, 88,
    52, 89,
    52, 90,
    52, 97,
    53, 12,
    53, 14,
    53, 15,
    53, 33,
    53, 42,
    53, 51,
    53, 54,
    53, 56,
    53, 57,
    53, 65,
    53, 71,
    53, 83,
    53, 88,
    54, 12,
    54, 13,
    54, 14,
    54, 15,
    54, 33,
    54, 35,
    54, 39,
    54, 42,
    54, 47,
    54, 49,
    54, 51,
    54, 53,
    54, 54,
    54, 58,
    54, 65,
    54, 67,
    54, 68,
    54, 69,
    54, 71,
    54, 77,
    54, 78,
    54, 79,
    54, 80,
    54, 81,
    54, 82,
    54, 83,
    54, 85,
    54, 86,
    54, 87,
    54, 88,
    54, 89,
    54, 90,
    54, 97,
    55, 12,
    55, 13,
    55, 14,
    55, 15,
    55, 35,
    55, 39,
    55, 42,
    55, 47,
    55, 49,
    55, 51,
    55, 58,
    55, 65,
    55, 71,
    55, 90,
    56, 7,
    56, 10,
    56, 13,
    56, 35,
    56, 39,
    56, 42,
    56, 47,
    56, 49,
    56, 51,
    56, 52,
    56, 53,
    56, 65,
    56, 67,
    56, 68,
    56, 69,
    56, 70,
    56, 79,
    56, 81,
    56, 84,
    56, 85,
    56, 86,
    56, 87,
    56, 88,
    56, 89,
    56, 90,
    56, 97,
    57, 12,
    57, 13,
    57, 14,
    57, 15,
    57, 26,
    57, 27,
    57, 31,
    57, 33,
    57, 35,
    57, 39,
    57, 42,
    57, 47,
    57, 49,
    57, 51,
    57, 52,
    57, 53,
    57, 58,
    57, 65,
    57, 67,
    57, 68,
    57, 69,
    57, 71,
    57, 77,
    57, 78,
    57, 79,
    57, 80,
    57, 81,
    57, 82,
    57, 83,
    57, 84,
    57, 85,
    57, 86,
    57, 87,
    57, 88,
    57, 89,
    57, 90,
    57, 97,
    58, 13,
    58, 33,
    58, 35,
    58, 39,
    58, 42,
    58, 47,
    58, 49,
    58, 51,
    58, 53,
    58, 54,
    58, 55,
    58, 57,
    58, 58,
    58, 65,
    58, 67,
    58, 68,
    58, 69,
    58, 70,
    58, 71,
    58, 79,
    58, 81,
    58, 84,
    58, 85,
    58, 86,
    58, 87,
    58, 88,
    58, 89,
    58, 97,
    59, 42,
    59, 74,
    60, 52,
    60, 53,
    60, 54,
    60, 55,
    60, 57,
    60, 71,
    60, 74,
    60, 86,
    60, 87,
    60, 89,
    65, 10,
    65, 31,
    65, 52,
    65, 54,
    65, 55,
    65, 57,
    65, 84,
    66, 7,
    66, 10,
    66, 12,
    66, 13,
    66, 14,
    66, 31,
    66, 52,
    66, 54,
    66, 56,
    66, 57,
    66, 60,
    66, 65,
    66, 70,
    66, 83,
    66, 84,
    66, 86,
    66, 87,
    66, 88,
    66, 89,
    66, 90,
    67, 13,
    67, 52,
    67, 54,
    67, 57,
    67, 65,
    67, 67,
    67, 68,
    67, 69,
    67, 71,
    67, 79,
    67, 81,
    67, 84,
    67, 86,
    67, 87,
    67, 88,
    67, 89,
    67, 97,
    69, 10,
    69, 13,
    69, 31,
    69, 42,
    69, 51,
    69, 52,
    69, 54,
    69, 55,
    69, 57,
    69, 60,
    69, 65,
    69, 70,
    69, 71,
    69, 84,
    69, 86,
    69, 87,
    69, 88,
    69, 89,
    69, 90,
    69, 97,
    70, 2,
    70, 7,
    70, 9,
    70, 12,
    70, 13,
    70, 14,
    70, 15,
    70, 31,
    70, 52,
    70, 54,
    70, 55,
    70, 56,
    70, 57,
    70, 60,
    70, 61,
    70, 65,
    70, 67,
    70, 68,
    70, 69,
    70, 71,
    70, 74,
    70, 79,
    70, 81,
    70, 83,
    70, 86,
    70, 88,
    70, 90,
    70, 93,
    70, 97,
    71, 9,
    71, 10,
    71, 15,
    71, 31,
    71, 52,
    71, 57,
    71, 61,
    71, 65,
    71, 67,
    71, 68,
    71, 69,
    71, 74,
    71, 79,
    71, 81,
    71, 86,
    71, 87,
    71, 89,
    71, 90,
    71, 93,
    71, 97,
    72, 10,
    72, 31,
    72, 52,
    72, 54,
    72, 57,
    75, 10,
    75, 12,
    75, 13,
    75, 14,
    75, 26,
    75, 27,
    75, 31,
    75, 52,
    75, 57,
    75, 65,
    75, 67,
    75, 68,
    75, 69,
    75, 71,
    75, 74,
    75, 79,
    75, 81,
    75, 84,
    75, 85,
    75, 88,
    75, 90,
    75, 97,
    76, 74,
    77, 10,
    77, 31,
    77, 52,
    77, 54,
    77, 57,
    78, 10,
    78, 31,
    78, 52,
    78, 54,
    78, 57,
    79, 7,
    79, 10,
    79, 12,
    79, 13,
    79, 14,
    79, 31,
    79, 52,
    79, 54,
    79, 56,
    79, 57,
    79, 60,
    79, 65,
    79, 70,
    79, 83,
    79, 84,
    79, 86,
    79, 87,
    79, 88,
    79, 89,
    79, 90,
    80, 7,
    80, 10,
    80, 12,
    80, 13,
    80, 14,
    80, 31,
    80, 52,
    80, 54,
    80, 56,
    80, 57,
    80, 60,
    80, 65,
    80, 70,
    80, 83,
    80, 84,
    80, 86,
    80, 87,
    80, 88,
    80, 89,
    80, 90,
    81, 10,
    81, 52,
    81, 54,
    81, 57,
    82, 12,
    82, 13,
    82, 14,
    82, 15,
    82, 26,
    82, 27,
    82, 33,
    82, 42,
    82, 58,
    82, 60,
    82, 65,
    82, 67,
    82, 68,
    82, 69,
    82, 71,
    82, 79,
    82, 81,
    82, 83,
    82, 86,
    82, 87,
    82, 89,
    82, 90,
    82, 97,
    83, 10,
    83, 13,
    83, 31,
    83, 52,
    83, 54,
    83, 57,
    83, 84,
    84, 12,
    84, 13,
    84, 14,
    84, 15,
    84, 26,
    84, 27,
    84, 31,
    84, 52,
    84, 57,
    84, 65,
    84, 67,
    84, 68,
    84, 69,
    84, 71,
    84, 79,
    84, 81,
    84, 83,
    84, 84,
    84, 88,
    84, 97,
    85, 10,
    85, 52,
    85, 54,
    85, 57,
    86, 10,
    86, 12,
    86, 13,
    86, 14,
    86, 15,
    86, 33,
    86, 42,
    86, 52,
    86, 54,
    86, 57,
    86, 58,
    86, 65,
    86, 67,
    86, 68,
    86, 69,
    86, 74,
    86, 79,
    86, 81,
    86, 90,
    87, 10,
    87, 12,
    87, 14,
    87, 15,
    87, 33,
    87, 42,
    87, 52,
    87, 54,
    87, 56,
    87, 57,
    87, 65,
    87, 67,
    87, 68,
    87, 69,
    87, 74,
    87, 79,
    87, 81,
    87, 90,
    88, 2,
    88, 10,
    88, 12,
    88, 13,
    88, 14,
    88, 27,
    88, 35,
    88, 39,
    88, 47,
    88, 49,
    88, 51,
    88, 52,
    88, 54,
    88, 56,
    88, 57,
    88, 65,
    88, 67,
    88, 68,
    88, 69,
    88, 79,
    88, 81,
    88, 84,
    88, 89,
    88, 97,
    89, 12,
    89, 14,
    89, 15,
    89, 42,
    89, 52,
    89, 54,
    89, 56,
    89, 57,
    89, 65,
    89, 67,
    89, 68,
    89, 69,
    89, 74,
    89, 79,
    89, 81,
    89, 88,
    89, 90,
    90, 13,
    90, 52,
    90, 57,
    90, 65,
    90, 67,
    90, 68,
    90, 69,
    90, 71,
    90, 79,
    90, 81,
    90, 85,
    90, 86,
    90, 89,
    90, 97,
    91, 42,
    91, 74,
    97, 33,
    97, 51,
    97, 52,
    97, 54,
    97, 56,
    97, 57,
    97, 58,
    97, 88,
    102, 118,
    102, 119,
    103, 107,
    103, 108,
    103, 117,
    103, 118,
    103, 119,
    103, 129,
    103, 147,
    103, 167,
    103, 168,
    103, 170,
    105, 99,
    105, 124,
    106, 99,
    107, 99,
    107, 129,
    108, 118,
    108, 119,
    108, 126,
    108, 129,
    109, 99,
    110, 99,
    110, 113,
    112, 113,
    112, 117,
    112, 118,
    112, 119,
    112, 147,
    113, 99,
    113, 118,
    113, 119,
    113, 144,
    113, 170,
    115, 125,
    116, 99,
    116, 125,
    117, 99,
    118, 99,
    118, 104,
    118, 107,
    118, 108,
    118, 117,
    118, 124,
    118, 125,
    118, 132,
    119, 99,
    120, 99,
    120, 108,
    120, 113,
    120, 117,
    120, 118,
    120, 119,
    120, 121,
    120, 123,
    122, 99,
    122, 106,
    122, 108,
    122, 110,
    122, 111,
    122, 113,
    123, 107,
    124, 115,
    124, 116,
    125, 99,
    125, 114,
    127, 113,
    127, 114,
    127, 118,
    127, 119,
    128, 99,
    128, 117,
    129, 117,
    129, 158,
    129, 173,
    130, 99,
    130, 117,
    130, 118,
    130, 119,
    131, 130,
    133, 113,
    133, 118,
    133, 119,
    134, 99,
    135, 99,
    135, 120,
    135, 137,
    135, 144,
    135, 145,
    135, 149,
    135, 150,
    135, 153,
    135, 156,
    135, 164,
    135, 165,
    135, 170,
    135, 174,
    135, 175,
    135, 176,
    135, 183,
    135, 187,
    135, 188,
    137, 99,
    137, 140,
    137, 144,
    137, 145,
    137, 151,
    137, 152,
    137, 154,
    137, 155,
    137, 159,
    137, 164,
    137, 165,
    137, 175,
    138, 99,
    141, 99,
    142, 99,
    143, 99,
    143, 151,
    143, 187,
    144, 99,
    144, 139,
    144, 144,
    144, 145,
    144, 151,
    144, 152,
    144, 154,
    144, 155,
    144, 164,
    144, 165,
    144, 175,
    144, 176,
    144, 183,
    145, 99,
    145, 144,
    145, 145,
    145, 175,
    146, 138,
    147, 99,
    147, 151,
    147, 164,
    147, 165,
    147, 175,
    148, 99,
    148, 151,
    148, 175,
    149, 99,
    149, 164,
    149, 165,
    150, 99,
    150, 154,
    150, 155,
    150, 164,
    150, 165,
    150, 178,
    150, 179,
    151, 170,
    151, 173,
    153, 176,
    154, 99,
    154, 176,
    155, 99,
    155, 149,
    155, 150,
    155, 176,
    156, 99,
    156, 175,
    156, 178,
    157, 99,
    158, 99,
    158, 175,
    159, 99,
    159, 136,
    159, 175,
    160, 99,
    160, 136,
    160, 175,
    161, 99,
    162, 99,
    163, 146,
    164, 161,
    164, 162,
    164, 187,
    165, 161,
    165, 162,
    165, 187,
    166, 136,
    167, 99,
    167, 136,
    167, 175,
    167, 187,
    168, 99,
    168, 136,
    169, 99,
    169, 136,
    169, 179,
    170, 151,
    170, 152,
    173, 99,
    175, 167,
    175, 168,
    175, 169,
    175, 181,
    178, 99,
    179, 99,
    179, 135,
    179, 184,
    181, 99,
    181, 149,
    181, 150,
    181, 151,
    181, 152,
    181, 164,
    181, 165,
    181, 175,
    181, 176,
    182, 99,
    183, 142,
    183, 146,
    183, 175,
    183, 187,
    184, 175,
    186, 99,
    186, 136,
    186, 164,
    186, 165,
    187, 99,
    187, 151,
    187, 152,
    187, 163,
    187, 167,
    187, 168,
    187, 169,
    187, 175,
    187, 176,
    188, 99,
    188, 118,
    188, 119,
    188, 135,
    188, 136,
    188, 147,
    188, 148,
    188, 149,
    188, 150,
    188, 151,
    188, 152,
    188, 158,
    188, 164,
    188, 165,
    188, 167,
    188, 168,
    188, 169,
    188, 175,
    188, 176,
    188, 187
};

/* Kerning between the respective left and right glyphs
 * 4.4 format which needs to scaled with `kern_scale`*/
static const int8_t kern_pair_values[] =
{
    -59, -59, -28, -48, -6, -6, -17, -17,
    -17, -17, -17, -11, -11, 39, -48, -69,
    -51, -11, -34, -18, -47, -7, -7, -7,
    12, -7, -7, -24, -18, -12, -11, -11,
    -10, -25, -11, -6, -15, -34, -11, -14,
    -5, -8, -48, -69, -51, -11, -34, -18,
    -47, -7, -7, -7, 12, -7, -7, -24,
    -18, -12, -11, -22, -6, -6, -41, -6,
    -6, -13, -17, -17, -17, -6, 12, 12,
    -17, -17, 3, -11, -26, -14, 0, -26,
    -14, 0, -28, -48, -14, -4, -6, -6,
    -6, -6, -28, -9, -8, 1, -8, -5,
    -22, 10, -6, 10, -8, -4, -5, -3,
    -3, -5, -13, -17, -9, -8, -13, -4,
    -3, -3, -8, -3, -6, -8, -6, -6,
    -8, -11, -14, -15, -15, -6, -15, -15,
    -13, -10, -8, -3, -3, -3, -5, -6,
    -11, -15, -6, -8, -6, -8, -27, -18,
    -10, -6, -21, -13, -6, -4, -10, -11,
    -11, -8, -5, -6, -6, -6, -6, -6,
    -13, -6, -17, -6, -37, -37, -37, -20,
    -6, -6, -71, -6, -6, -11, 1, 1,
    -13, 0, -17, -18, -8, -8, -8, -13,
    -11, -11, -8, -11, -8, -11, -11, -6,
    -9, -11, -9, -14, -9, -16, -8, -15,
    -3, -11, -8, -3, -13, -13, -22, -12,
    -22, -16, -5, -6, -11, -11, -11, -11,
    -5, -10, -8, -7, -6, -9, -5, -5,
    -5, -6, -5, -5, -18, -9, -11, -9,
    -9, -11, -8, -24, -44, -77, -28, -17,
    -14, -14, -14, -14, -13, -61, -15, -39,
    -29, -39, -41, -7, -7, -7, -8, -3,
    -7, -7, -11, -6, -19, -18, -19, -47,
    -18, -10, -6, -21, -13, -6, -4, -10,
    -11, -11, -8, -5, -57, -18, -57, -40,
    -26, -75, -6, -13, -13, -6, -42, -23,
    -13, -13, -13, -17, -13, -13, -6, -8,
    -11, -5, -18, -10, -6, -21, -13, -6,
    -4, -10, -11, -11, -8, -5, -6, -16,
    -3, -10, -8, -8, 1, 2, -3, -2,
    -6, -3, -6, -6, -6, -3, -6, -6,
    -5, -5, -6, -9, 6, -8, -8, -11,
    -8, -13, -1, -7, -54, -38, -54, -47,
    -11, -11, -22, -13, -13, -65, -13, -13,
    -22, -11, -8, -28, -38, -34, -34, -34,
    -10, -38, -25, -25, -34, -25, -34, -25,
    -30, -10, -25, -18, -18, -22, -18, -39,
    -33, -9, -9, -17, -9, -25, -6, -3,
    -6, -8, -3, -6, -3, -5, -34, -11,
    -34, -25, -8, -6, -6, -38, -6, -6,
    -6, -6, 4, -11, -12, -9, -9, -9,
    -12, -11, -11, -9, -11, -9, -11, -7,
    -17, -6, -6, -9, -6, -14, -7, -18,
    -6, -18, -17, -4, -4, -34, -4, -4,
    -4, -4, -9, -8, -6, -6, -6, -15,
    -10, -10, -2, -10, -10, -8, -11, -6,
    -6, -5, -5, -5, -9, -5, -5, -9,
    -6, -9, -8, -6, -9, -8, -22, -46,
    -34, -46, -35, -13, -13, -5, -8, -8,
    -8, -51, -8, -8, -9, -8, -6, -14,
    -35, -22, -22, -22, -31, -22, -22, -22,
    -22, -22, -22, -22, -15, -18, -8, -13,
    -18, -8, -25, -24, -18, -4, -11, -11,
    -18, -11, -11, -17, -6, -4, -4, -8,
    -9, -9, -12, -12, -12, -11, -9, -12,
    -12, -8, -13, -9, -9, -13, -9, -31,
    -11, 39, -44, -17, -28, -17, -38, 15,
    35, -11, -6, 5, -28, -7, -13, -9,
    -3, -13, -8, -17, -14, -6, 2, -6,
    -7, -30, -11, -3, -24, -14, -9, -2,
    -2, -10, -3, -3, -10, -3, -4, -11,
    -11, -8, -13, -6, -12, -12, -12, -6,
    -12, -12, -6, 2, 2, 3, 2, -8,
    -18, 4, -5, -11, -11, -13, -9, -6,
    -14, -11, -9, -2, -6, -6, 1, 1,
    -5, 1, -1, -3, 6, 19, 24, -26,
    -8, -26, -9, 12, 22, 32, 22, 15,
    29, 30, 24, -11, -6, -6, -6, -9,
    -6, -6, -6, -3, 5, -3, -8, 24,
    -11, 6, -18, 23, -19, -14, -8, 6,
    -9, -8, -8, -8, 17, -8, -8, -3,
    -3, 6, -8, 6, -5, -18, -5, -13,
    -6, -9, -12, 5, -22, 5, 5, 5,
    -7, -18, -7, -6, -10, -10, -10, -6,
    -6, -10, -10, -12, -8, -5, -5, -14,
    3, -18, -5, -13, -6, -9, -18, -5,
    -13, -6, -9, -17, -14, -6, 2, -6,
    -7, -30, -11, -3, -24, -14, -9, -2,
    -2, -10, -3, -3, -10, -3, -4, -17,
    -14, -6, 2, -6, -7, -30, -11, -3,
    -24, -14, -9, -2, -2, -10, -3, -3,
    -10, -3, -4, -13, -11, -8, -17, -29,
    -13, -29, -18, 12, 12, -8, -28, -6,
    5, -13, -6, -6, -6, -6, -6, -6,
    -3, 12, 9, 12, -3, -9, -26, 4,
    -7, -13, -6, -11, -11, 2, -14, 2,
    4, 6, 6, -14, -8, -3, -12, -8,
    -8, -8, -6, -8, -8, -6, -11, -9,
    -11, -13, -11, -8, -17, -7, -18, -5,
    -18, -11, -7, -22, -11, -6, -8, -6,
    -11, -3, -3, -3, -6, -3, -3, -13,
    -7, -20, -20, -5, -3, -17, -13, -6,
    -8, -13, -6, -3, -3, -3, -6, -3,
    -3, -10, -8, -13, 2, -8, -5, 2,
    -6, -6, -6, -6, -3, -18, -9, -6,
    -18, -6, -10, -10, -10, -10, -10, -13,
    -2, -11, -18, -18, -9, -22, -11, -3,
    -3, -5, -11, -3, -3, -3, -6, -3,
    -3, -8, -13, -9, -14, -17, -13, -6,
    -6, -6, -4, -6, -6, -6, -3, -3,
    -7, -11, 39, -13, -13, -33, -14, -14,
    -30, -20, -11, -13, -13, -13, -13, -13,
    -22, -13, -13, -13, -9, -9, -9, -9,
    -18, -9, -31, -9, -13, -13, 18, -9,
    -22, -9, -9, -9, -27, -13, -13, -9,
    -36, 4, 4, -13, -31, -13, -13, -9,
    -18, -22, -13, -13, -13, -9, -9, -22,
    -9, -18, -18, -13, -13, -18, -13, -13,
    -13, -4, -13, -9, -9, -9, -9, 4,
    -13, -9, -9, -18, -13, -9, -9, -13,
    -13, -18, 4, -18, -9, -18, 4, -9,
    -13, -13, -22, -9, -22, -22, -22, -45,
    -9, -22, -22, -22, -18, -18, -9, -9,
    -18, -9, -9, -9, -31, -22, -4, -18,
    -27, -9, -4, -9, -9, -13, -13, -18,
    -18, -9, -9, -9, -9, -13, -22, -9,
    -18, -13, -13, -40, -4, -18, -18, -13,
    -9, -18, -18, -22, -22, -36, -18, -13,
    -31, -9, -9, -9, -18, -40, -9, -18,
    -18, -9, -36, -4, -9, -9, -13, -13,
    -13, -9, -9, -27, -27, -22, -31, -31,
    -13, -9, -13, -13, -22, 9, 9, -13,
    -27, -9, -4, -4, -36, -9, -13, -27,
    -13, -13, -31, -9, -9, -18, -9, 13,
    13, 22, 13, 13, 22, -9, -18, -9,
    -13, 9, -13, -13, -13, -13, -9, 9,
    9, -22, -27, -27, -27, -22, -9, -9,
    -9, -9, -9, -9, -9, -9, -9, -4,
    -4, -13, -13, -27, -13, -9, -9, -9,
    -9, -27, -13, -9, -9, -27, -9, -9,
    -9, -13, -13, -13, -9, -13, -4, -27,
    -27, -18, -18, -9, -9, -9, -9, -22,
    -22, -9, -4, -4, -27, -27, -27, -13,
    -18, -22
};

/*Collect the kern pair's data in one place*/
static const lv_font_fmt_txt_kern_pair_t kern_pairs =
{
    .glyph_ids = kern_pair_glyph_ids,
    .values = kern_pair_values,
    .pair_cnt = 1146,
    .glyph_ids_size = 1
};

/*--------------------
 *  ALL CUSTOM DATA
 *--------------------*/

#if LVGL_VERSION_MAJOR == 8
/*Store all the custom data of the font*/
static  lv_font_fmt_txt_glyph_cache_t cache;
#endif

#if LVGL_VERSION_MAJOR >= 8
static const lv_font_fmt_txt_dsc_t font_dsc = {
#else
static lv_font_fmt_txt_dsc_t font_dsc = {
#endif
    .glyph_bitmap = glyph_bitmap,
    .glyph_dsc = glyph_dsc,
    .cmaps = cmaps,
    .kern_dsc = &kern_pairs,
    .kern_scale = 16,
    .cmap_num = 3,
    .bpp = 1,
    .kern_classes = 0,
    .bitmap_format = 0,
#if LVGL_VERSION_MAJOR == 8
    .cache = &cache
#endif
};



/*-----------------
 *  PUBLIC FONT
 *----------------*/

/*Initialize a public general font descriptor*/
#if LVGL_VERSION_MAJOR >= 8
const lv_font_t jaLittleTitle = {
#else
lv_font_t jaLittleTitle = {
#endif
    .get_glyph_dsc = lv_font_get_glyph_dsc_fmt_txt,    /*Function pointer to get glyph's data*/
    .get_glyph_bitmap = lv_font_get_bitmap_fmt_txt,    /*Function pointer to get glyph's bitmap*/
    .line_height = 40,          /*The maximum line height required by the font*/
    .base_line = 9,             /*Baseline measured from the bottom of the line*/
#if !(LVGL_VERSION_MAJOR == 6 && LVGL_VERSION_MINOR == 0)
    .subpx = LV_FONT_SUBPX_NONE,
#endif
#if LV_VERSION_CHECK(7, 4, 0) || LVGL_VERSION_MAJOR >= 8
    .underline_position = -3,
    .underline_thickness = 1,
#endif
    .dsc = &font_dsc,          /*The custom font data. Will be accessed by `get_glyph_bitmap/dsc` */
#if LV_VERSION_CHECK(8, 2, 0) || LVGL_VERSION_MAJOR >= 9
    .fallback = NULL,
#endif
    .user_data = NULL,
};



#endif /*#if JALITTLETITLE*/

