/*******************************************************************************
 * Size: 36 px
 * Bpp: 1
 * Opts: --bpp 1 --size 36 --no-compress --font NotoSansJP-Regular.ttf --symbols !#$%&'()*+,-./0123456789:;<=>?@ABCDEFGHIJKLMNOPQRSTUVWXYZ[\]^_`abcdefghijklmnopqrstuvwxyz{|}~£¥·€いおくさしすせだてのらるをァアイウェォオキクグコサシジスソチッデトドバパフプポマムョルレロワンー入再制前力加号名子定布所択指新方明暗有検権法番知確種紋言設証認語財追選限  --format lvgl -o ../gui_assets/font/ja/jaTitle.c
 ******************************************************************************/

#ifdef LV_LVGL_H_INCLUDE_SIMPLE
#include "lvgl.h"
#else
#include "lvgl/lvgl.h"
#endif

#ifndef JATITLE
#define JATITLE 1
#endif

#if JATITLE

/*-----------------
 *    BITMAPS
 *----------------*/

/*Store the image of the glyphs*/
static LV_ATTRIBUTE_LARGE_CONST const uint8_t glyph_bitmap[] = {
    /* U+0020 " " */
    0x0,

    /* U+0021 "!" */
    0x73, 0x9c, 0xe7, 0x39, 0xce, 0x73, 0x9c, 0xe7,
    0x39, 0xce, 0x73, 0x9c, 0x0, 0x1, 0xdf, 0xff,
    0xdc,

    /* U+0023 "#" */
    0x3, 0x6, 0x1, 0xc1, 0x80, 0x70, 0x60, 0x18,
    0x18, 0x6, 0x6, 0x1, 0x81, 0x80, 0x60, 0xe1,
    0xff, 0xff, 0x7f, 0xff, 0xc3, 0x83, 0x0, 0xc0,
    0xc0, 0x30, 0x30, 0xc, 0xc, 0x3, 0x3, 0x0,
    0xc1, 0xc0, 0x30, 0x70, 0xff, 0xff, 0xbf, 0xff,
    0xe1, 0xc1, 0x80, 0x60, 0x60, 0x18, 0x18, 0x6,
    0x6, 0x1, 0x83, 0x80, 0x60, 0xe0, 0x18, 0x30,
    0xe, 0xc, 0x0,

    /* U+0024 "$" */
    0x1, 0xc0, 0x3, 0x80, 0x7, 0x0, 0xe, 0x0,
    0x1c, 0x0, 0xfc, 0x7, 0xfe, 0x1e, 0x1e, 0x38,
    0xc, 0xe0, 0x1, 0xc0, 0x3, 0x80, 0x7, 0x0,
    0xf, 0x0, 0x1f, 0x0, 0x1f, 0x80, 0x1f, 0xc0,
    0x1f, 0xc0, 0xf, 0xe0, 0x7, 0xe0, 0x7, 0xc0,
    0x3, 0xc0, 0x7, 0x80, 0x7, 0x0, 0xe, 0x0,
    0x1d, 0x0, 0x3b, 0x0, 0xef, 0x83, 0x8f, 0xfe,
    0x3, 0xf8, 0x0, 0xe0, 0x1, 0xc0, 0x3, 0x80,
    0x7, 0x0,

    /* U+0025 "%" */
    0xf, 0x80, 0x6, 0x0, 0x7f, 0x80, 0xc, 0x1,
    0xe7, 0x80, 0x30, 0x3, 0x87, 0x0, 0xe0, 0xe,
    0x7, 0x1, 0x80, 0x1c, 0xe, 0x6, 0x0, 0x38,
    0x1c, 0xc, 0x0, 0x70, 0x38, 0x30, 0x0, 0xe0,
    0x70, 0x60, 0x1, 0xc0, 0xe1, 0x87, 0xc3, 0x81,
    0xc7, 0x3f, 0xe3, 0x87, 0xc, 0x71, 0xc7, 0x9e,
    0x31, 0xc1, 0xc7, 0xf8, 0x63, 0x83, 0x87, 0xe1,
    0x8e, 0x3, 0x80, 0x3, 0x1c, 0x7, 0x0, 0xc,
    0x38, 0xe, 0x0, 0x38, 0x70, 0x1c, 0x0, 0x60,
    0xe0, 0x38, 0x1, 0x81, 0xc0, 0x70, 0x3, 0x3,
    0x80, 0xe0, 0xc, 0x3, 0x83, 0x80, 0x18, 0x7,
    0x7, 0x0, 0x60, 0x7, 0x1c, 0x1, 0x80, 0xf,
    0xf8, 0x3, 0x0, 0x7, 0xc0,

    /* U+0026 "&" */
    0x1, 0xf0, 0x0, 0xf, 0xf8, 0x0, 0x3c, 0x70,
    0x0, 0xf0, 0x70, 0x1, 0xc0, 0xe0, 0x3, 0x81,
    0xc0, 0x7, 0x3, 0x80, 0xe, 0xe, 0x0, 0x1e,
    0x3c, 0x0, 0x1c, 0xf0, 0x0, 0x3f, 0xc0, 0x0,
    0x3e, 0x0, 0x0, 0xf8, 0x1, 0xc3, 0xf0, 0x3,
    0x8f, 0x70, 0x7, 0x3c, 0xf0, 0x1c, 0xf0, 0xf0,
    0x39, 0xc0, 0xf0, 0xe3, 0x80, 0xf1, 0xc7, 0x0,
    0xff, 0xe, 0x0, 0xfc, 0x1e, 0x0, 0xfc, 0x1c,
    0x1, 0xfe, 0x1e, 0xf, 0x7f, 0x1f, 0xfc, 0x3c,
    0xf, 0xe0, 0x18,

    /* U+0027 "'" */
    0xff, 0xff, 0xff, 0xe8,

    /* U+0028 "(" */
    0x7, 0xe, 0xc, 0x1c, 0x1c, 0x38, 0x38, 0x30,
    0x70, 0x70, 0x70, 0x70, 0xe0, 0xe0, 0xe0, 0xe0,
    0xe0, 0xe0, 0xe0, 0xe0, 0xe0, 0xe0, 0xe0, 0xe0,
    0x70, 0x70, 0x70, 0x70, 0x38, 0x38, 0x18, 0x1c,
    0x1c, 0xe, 0x6, 0x6,

    /* U+0029 ")" */
    0xe0, 0x70, 0x70, 0x38, 0x38, 0x1c, 0x1c, 0x1c,
    0xe, 0xe, 0xe, 0xe, 0x7, 0x7, 0x7, 0x7,
    0x7, 0x7, 0x7, 0x7, 0x7, 0x7, 0x7, 0x7,
    0xe, 0xe, 0xe, 0xe, 0x1c, 0x1c, 0x18, 0x38,
    0x38, 0x70, 0x60, 0x60,

    /* U+002A "*" */
    0x6, 0x0, 0x60, 0x7, 0x4, 0x71, 0x7f, 0xf7,
    0xff, 0xf, 0x80, 0xf8, 0x1d, 0xc1, 0x9c, 0x38,
    0xe1, 0x0,

    /* U+002B "+" */
    0x1, 0xc0, 0x0, 0xe0, 0x0, 0x70, 0x0, 0x38,
    0x0, 0x1c, 0x0, 0xe, 0x0, 0x7, 0x0, 0x3,
    0x80, 0xff, 0xff, 0xff, 0xff, 0xc0, 0x70, 0x0,
    0x38, 0x0, 0x1c, 0x0, 0xe, 0x0, 0x7, 0x0,
    0x3, 0x80, 0x1, 0xc0, 0x0, 0xe0, 0x0,

    /* U+002C "," */
    0x3c, 0xfd, 0xf9, 0xf0, 0xe1, 0xc7, 0x1e, 0x78,
    0xe1, 0x0,

    /* U+002D "-" */
    0xff, 0xff, 0xc0,

    /* U+002E "." */
    0x77, 0xff, 0xf7, 0x0,

    /* U+002F "/" */
    0x0, 0x18, 0x0, 0x60, 0x3, 0x80, 0xe, 0x0,
    0x30, 0x1, 0xc0, 0x7, 0x0, 0x18, 0x0, 0x60,
    0x3, 0x80, 0xc, 0x0, 0x30, 0x1, 0xc0, 0x6,
    0x0, 0x18, 0x0, 0xe0, 0x3, 0x80, 0xc, 0x0,
    0x70, 0x1, 0xc0, 0x6, 0x0, 0x18, 0x0, 0xe0,
    0x3, 0x0, 0xc, 0x0, 0x70, 0x1, 0x80, 0x6,
    0x0, 0x38, 0x0, 0xe0, 0x3, 0x0, 0x1c, 0x0,
    0x70, 0x1, 0x80, 0x6, 0x0, 0x0,

    /* U+0030 "0" */
    0x7, 0xe0, 0xf, 0xf0, 0x1c, 0x38, 0x38, 0x1c,
    0x70, 0xe, 0x70, 0xe, 0x70, 0xe, 0xe0, 0x6,
    0xe0, 0x7, 0xe0, 0x7, 0xe0, 0x7, 0xe0, 0x7,
    0xe0, 0x7, 0xe0, 0x7, 0xe0, 0x7, 0xe0, 0x7,
    0xe0, 0x7, 0xe0, 0x7, 0x70, 0x6, 0x70, 0xe,
    0x70, 0xe, 0x70, 0xe, 0x38, 0x1c, 0x1c, 0x38,
    0xf, 0xf0, 0x7, 0xe0,

    /* U+0031 "1" */
    0x3, 0x80, 0x7e, 0x7, 0xf8, 0x1f, 0xe0, 0x3,
    0x80, 0xe, 0x0, 0x38, 0x0, 0xe0, 0x3, 0x80,
    0xe, 0x0, 0x38, 0x0, 0xe0, 0x3, 0x80, 0xe,
    0x0, 0x38, 0x0, 0xe0, 0x3, 0x80, 0xe, 0x0,
    0x38, 0x0, 0xe0, 0x3, 0x80, 0xe, 0x0, 0x38,
    0x0, 0xe0, 0xff, 0xff, 0xff, 0xf0,

    /* U+0032 "2" */
    0xf, 0xc0, 0x1f, 0xf8, 0x1e, 0xe, 0x1c, 0x3,
    0x84, 0x1, 0xc0, 0x0, 0x70, 0x0, 0x38, 0x0,
    0x1c, 0x0, 0xe, 0x0, 0x7, 0x0, 0x7, 0x80,
    0x3, 0x80, 0x1, 0xc0, 0x1, 0xc0, 0x1, 0xe0,
    0x0, 0xe0, 0x0, 0xf0, 0x0, 0xf0, 0x0, 0xf0,
    0x0, 0xf0, 0x0, 0xf0, 0x0, 0xf0, 0x0, 0xf0,
    0x0, 0xf0, 0x0, 0xff, 0xff, 0xff, 0xff, 0xc0,

    /* U+0033 "3" */
    0x7, 0xf0, 0xf, 0xfe, 0x1f, 0x7, 0x86, 0x1,
    0xc0, 0x0, 0x70, 0x0, 0x38, 0x0, 0x1c, 0x0,
    0xe, 0x0, 0xf, 0x0, 0xf, 0x0, 0x1f, 0x0,
    0xfe, 0x0, 0x7f, 0x80, 0x1, 0xf0, 0x0, 0x3c,
    0x0, 0xe, 0x0, 0x3, 0x80, 0x1, 0xc0, 0x0,
    0xe0, 0x0, 0x70, 0x0, 0x3b, 0x0, 0x39, 0xc0,
    0x1c, 0xf8, 0x3c, 0x3f, 0xfc, 0x3, 0xf8, 0x0,

    /* U+0034 "4" */
    0x0, 0x1e, 0x0, 0x7, 0xc0, 0x0, 0xf8, 0x0,
    0x3f, 0x0, 0xe, 0xe0, 0x1, 0xdc, 0x0, 0x73,
    0x80, 0x1e, 0x70, 0x3, 0x8e, 0x0, 0xe1, 0xc0,
    0x3c, 0x38, 0x7, 0x7, 0x1, 0xc0, 0xe0, 0x78,
    0x1c, 0xe, 0x3, 0x83, 0x80, 0x70, 0xff, 0xff,
    0xff, 0xff, 0xfc, 0x0, 0x38, 0x0, 0x7, 0x0,
    0x0, 0xe0, 0x0, 0x1c, 0x0, 0x3, 0x80, 0x0,
    0x70, 0x0, 0xe, 0x0, 0x1, 0xc0,

    /* U+0035 "5" */
    0x1f, 0xff, 0xf, 0xff, 0x87, 0x0, 0x3, 0x80,
    0x1, 0xc0, 0x0, 0xe0, 0x0, 0x70, 0x0, 0x38,
    0x0, 0x1c, 0x0, 0xf, 0xf8, 0x7, 0xff, 0x3,
    0x83, 0xc0, 0x80, 0xf0, 0x0, 0x38, 0x0, 0xe,
    0x0, 0x7, 0x0, 0x3, 0x80, 0x1, 0xc0, 0x0,
    0xe0, 0x0, 0x70, 0x0, 0x71, 0x0, 0x39, 0xc0,
    0x38, 0xf8, 0x3c, 0x3f, 0xf8, 0x3, 0xf8, 0x0,

    /* U+0036 "6" */
    0x1, 0xf8, 0x7, 0xfe, 0x1e, 0xe, 0x1c, 0x4,
    0x38, 0x0, 0x70, 0x0, 0x70, 0x0, 0x70, 0x0,
    0xe0, 0x0, 0xe3, 0xf0, 0xe7, 0xf8, 0xfc, 0x3c,
    0xf8, 0xe, 0xf0, 0xe, 0xe0, 0x7, 0xe0, 0x7,
    0xe0, 0x7, 0xe0, 0x7, 0xf0, 0x7, 0x70, 0x7,
    0x70, 0x7, 0x38, 0xe, 0x38, 0x1e, 0x1e, 0x3c,
    0xf, 0xf8, 0x3, 0xe0,

    /* U+0037 "7" */
    0xff, 0xff, 0xff, 0xff, 0xc0, 0x1, 0xc0, 0x1,
    0xc0, 0x1, 0xe0, 0x0, 0xe0, 0x0, 0xe0, 0x0,
    0x70, 0x0, 0x70, 0x0, 0x38, 0x0, 0x18, 0x0,
    0x1c, 0x0, 0xe, 0x0, 0x6, 0x0, 0x7, 0x0,
    0x3, 0x80, 0x1, 0xc0, 0x0, 0xe0, 0x0, 0xe0,
    0x0, 0x70, 0x0, 0x38, 0x0, 0x1c, 0x0, 0xe,
    0x0, 0x7, 0x0, 0x3, 0x80, 0x1, 0xc0, 0x0,

    /* U+0038 "8" */
    0x7, 0xf0, 0xf, 0xfe, 0xf, 0x7, 0x87, 0x1,
    0xc7, 0x0, 0x73, 0x80, 0x39, 0xc0, 0x1c, 0xe0,
    0xe, 0x78, 0x7, 0x1e, 0x7, 0x7, 0x83, 0x81,
    0xf3, 0x80, 0xff, 0x80, 0xef, 0xc0, 0xe1, 0xf8,
    0xe0, 0x3e, 0x70, 0x7, 0x70, 0x3, 0xf8, 0x0,
    0xfc, 0x0, 0x7e, 0x0, 0x3f, 0x80, 0x1d, 0xc0,
    0x1c, 0x78, 0x3c, 0x1f, 0xfc, 0x3, 0xf8, 0x0,

    /* U+0039 "9" */
    0x7, 0xc0, 0x1f, 0xf0, 0x3c, 0x78, 0x70, 0x1c,
    0x70, 0xc, 0xe0, 0xe, 0xe0, 0xe, 0xe0, 0x7,
    0xe0, 0x7, 0xe0, 0x7, 0xf0, 0xf, 0x70, 0x1f,
    0x78, 0x3f, 0x3f, 0xe7, 0xf, 0xc7, 0x0, 0x7,
    0x0, 0x7, 0x0, 0xe, 0x0, 0xe, 0x0, 0xe,
    0x0, 0xc, 0x0, 0x1c, 0x20, 0x38, 0x78, 0x70,
    0x7f, 0xe0, 0x1f, 0xc0,

    /* U+003A ":" */
    0x77, 0xff, 0xf7, 0x0, 0x0, 0x0, 0x0, 0x0,
    0x0, 0xe, 0xff, 0xfe, 0xe0,

    /* U+003B ";" */
    0x38, 0xf9, 0xf3, 0xe3, 0x80, 0x0, 0x0, 0x0,
    0x0, 0x0, 0x0, 0x0, 0x0, 0x0, 0x3c, 0xfd,
    0xf9, 0xf0, 0xe1, 0xc7, 0x1e, 0x78, 0xe1, 0x0,

    /* U+003C "<" */
    0x0, 0x1, 0xc0, 0x1, 0xf0, 0x3, 0xf8, 0x7,
    0xf8, 0x7, 0xf0, 0xf, 0xe0, 0xf, 0xc0, 0x3,
    0xc0, 0x0, 0xf8, 0x0, 0x1f, 0xc0, 0x0, 0xfe,
    0x0, 0xf, 0xf0, 0x0, 0x7f, 0x0, 0x3, 0xf0,
    0x0, 0x3c, 0x0, 0x1,

    /* U+003D "=" */
    0xff, 0xff, 0xff, 0xff, 0xc0, 0x0, 0x0, 0x0,
    0x0, 0x0, 0x0, 0x0, 0x0, 0x0, 0x0, 0x0,
    0x0, 0x0, 0x0, 0x7f, 0xff, 0xff, 0xff, 0xe0,

    /* U+003E ">" */
    0xc0, 0x0, 0x3e, 0x0, 0xf, 0xf0, 0x0, 0x7f,
    0x0, 0x3, 0xf8, 0x0, 0x3f, 0x80, 0x1, 0xfc,
    0x0, 0xf, 0x0, 0xf, 0xc0, 0x1f, 0xc0, 0x1f,
    0xc0, 0x3f, 0x80, 0x7f, 0x0, 0x3f, 0x0, 0xe,
    0x0, 0x2, 0x0, 0x0,

    /* U+003F "?" */
    0x1f, 0x83, 0xff, 0x3c, 0x3c, 0xc0, 0xf0, 0x3,
    0x80, 0x1c, 0x0, 0xe0, 0x7, 0x0, 0x78, 0x3,
    0x80, 0x3c, 0x3, 0xc0, 0x3c, 0x1, 0xc0, 0x1e,
    0x0, 0xe0, 0x7, 0x0, 0x38, 0x1, 0xc0, 0x0,
    0x0, 0x0, 0x0, 0x0, 0x1c, 0x1, 0xf0, 0xf,
    0x80, 0x7c, 0x1, 0xc0,

    /* U+0040 "@" */
    0x0, 0x7, 0xf8, 0x0, 0x0, 0xff, 0xfc, 0x0,
    0xf, 0x80, 0xf8, 0x0, 0x78, 0x0, 0xf0, 0x7,
    0x80, 0x0, 0xe0, 0x3c, 0x0, 0x3, 0xc0, 0xe0,
    0x0, 0x7, 0x7, 0x0, 0x0, 0xe, 0x38, 0x0,
    0x0, 0x38, 0xe0, 0x1f, 0x60, 0xf7, 0x1, 0xff,
    0x81, 0xdc, 0xf, 0x1e, 0x7, 0x70, 0x38, 0x38,
    0x1f, 0x81, 0xc0, 0xc0, 0x7e, 0x7, 0x3, 0x1,
    0xf8, 0x38, 0xc, 0x7, 0xe0, 0xe0, 0x30, 0x1f,
    0x83, 0x81, 0xc0, 0xee, 0xe, 0x6, 0x3, 0xb8,
    0x38, 0x38, 0x1e, 0xe0, 0x71, 0xf0, 0x73, 0x81,
    0xfe, 0xc3, 0x87, 0x1, 0xe3, 0xfc, 0x1c, 0x0,
    0x3, 0xc0, 0x78, 0x0, 0x0, 0x0, 0xe0, 0x0,
    0x0, 0x3, 0xc0, 0x0, 0x0, 0x7, 0x80, 0x0,
    0x0, 0xf, 0x80, 0x8, 0x0, 0x1f, 0x80, 0xe0,
    0x0, 0x1f, 0xff, 0x80, 0x0, 0xf, 0xf0, 0x0,

    /* U+0041 "A" */
    0x0, 0x78, 0x0, 0x1, 0xe0, 0x0, 0xf, 0xc0,
    0x0, 0x3f, 0x0, 0x0, 0xcc, 0x0, 0x7, 0x38,
    0x0, 0x1c, 0xe0, 0x0, 0x73, 0x80, 0x3, 0x87,
    0x0, 0xe, 0x1c, 0x0, 0x38, 0x70, 0x1, 0xc0,
    0xe0, 0x7, 0x3, 0x80, 0x1c, 0xf, 0x0, 0xe0,
    0x1c, 0x3, 0x80, 0x70, 0xf, 0xff, 0xe0, 0x7f,
    0xff, 0x81, 0xc0, 0xe, 0x7, 0x0, 0x3c, 0x38,
    0x0, 0x70, 0xe0, 0x1, 0xc3, 0x80, 0x7, 0x9e,
    0x0, 0x1e, 0x70, 0x0, 0x39, 0xc0, 0x0, 0xf0,

    /* U+0042 "B" */
    0xff, 0xf0, 0x3f, 0xff, 0x8e, 0x1, 0xf3, 0x80,
    0x1c, 0xe0, 0x3, 0xb8, 0x0, 0xee, 0x0, 0x3b,
    0x80, 0xe, 0xe0, 0x7, 0xb8, 0x1, 0xce, 0x1,
    0xe3, 0xff, 0xf0, 0xff, 0xfe, 0x38, 0x7, 0xce,
    0x0, 0x7b, 0x80, 0xf, 0xe0, 0x1, 0xf8, 0x0,
    0x7e, 0x0, 0x1f, 0x80, 0x7, 0xe0, 0x1, 0xf8,
    0x0, 0xee, 0x0, 0x7b, 0x80, 0x7c, 0xff, 0xfe,
    0x3f, 0xfc, 0x0,

    /* U+0043 "C" */
    0x0, 0xfe, 0x0, 0x7f, 0xf0, 0x3e, 0xf, 0xf,
    0x0, 0x63, 0xc0, 0x0, 0x70, 0x0, 0x1c, 0x0,
    0x3, 0x80, 0x0, 0x70, 0x0, 0x1c, 0x0, 0x3,
    0x80, 0x0, 0x70, 0x0, 0xe, 0x0, 0x1, 0xc0,
    0x0, 0x38, 0x0, 0x7, 0x0, 0x0, 0xe0, 0x0,
    0xe, 0x0, 0x1, 0xc0, 0x0, 0x38, 0x0, 0x3,
    0x80, 0x0, 0x78, 0x0, 0x87, 0x80, 0x38, 0x78,
    0x1f, 0x3, 0xff, 0x80, 0x1f, 0xc0,

    /* U+0044 "D" */
    0xff, 0xe0, 0x1f, 0xff, 0x3, 0x80, 0xf8, 0x70,
    0x7, 0x8e, 0x0, 0x79, 0xc0, 0x7, 0x38, 0x0,
    0x77, 0x0, 0xe, 0xe0, 0x1, 0xfc, 0x0, 0x1f,
    0x80, 0x3, 0xf0, 0x0, 0x7e, 0x0, 0xf, 0xc0,
    0x1, 0xf8, 0x0, 0x3f, 0x0, 0x7, 0xe0, 0x0,
    0xfc, 0x0, 0x3b, 0x80, 0x7, 0x70, 0x0, 0xee,
    0x0, 0x39, 0xc0, 0xf, 0x38, 0x3, 0xc7, 0x1,
    0xf0, 0xff, 0xf8, 0x1f, 0xfc, 0x0,

    /* U+0045 "E" */
    0xff, 0xfe, 0xff, 0xfe, 0xe0, 0x0, 0xe0, 0x0,
    0xe0, 0x0, 0xe0, 0x0, 0xe0, 0x0, 0xe0, 0x0,
    0xe0, 0x0, 0xe0, 0x0, 0xe0, 0x0, 0xff, 0xfc,
    0xff, 0xfc, 0xe0, 0x0, 0xe0, 0x0, 0xe0, 0x0,
    0xe0, 0x0, 0xe0, 0x0, 0xe0, 0x0, 0xe0, 0x0,
    0xe0, 0x0, 0xe0, 0x0, 0xe0, 0x0, 0xe0, 0x0,
    0xff, 0xff, 0xff, 0xff,

    /* U+0046 "F" */
    0xff, 0xff, 0xff, 0xff, 0x80, 0x7, 0x0, 0xe,
    0x0, 0x1c, 0x0, 0x38, 0x0, 0x70, 0x0, 0xe0,
    0x1, 0xc0, 0x3, 0x80, 0x7, 0x0, 0xf, 0xff,
    0xdf, 0xff, 0xb8, 0x0, 0x70, 0x0, 0xe0, 0x1,
    0xc0, 0x3, 0x80, 0x7, 0x0, 0xe, 0x0, 0x1c,
    0x0, 0x38, 0x0, 0x70, 0x0, 0xe0, 0x1, 0xc0,
    0x0,

    /* U+0047 "G" */
    0x0, 0xff, 0x0, 0x3f, 0xfc, 0xf, 0x81, 0xe1,
    0xe0, 0x6, 0x1c, 0x0, 0x3, 0x80, 0x0, 0x70,
    0x0, 0x7, 0x0, 0x0, 0x70, 0x0, 0xe, 0x0,
    0x0, 0xe0, 0x0, 0xe, 0x0, 0x0, 0xe0, 0x1f,
    0xfe, 0x1, 0xff, 0xe0, 0x0, 0x7e, 0x0, 0x7,
    0xe0, 0x0, 0x77, 0x0, 0x7, 0x70, 0x0, 0x77,
    0x0, 0x7, 0x38, 0x0, 0x73, 0xc0, 0x7, 0x1e,
    0x0, 0x70, 0xf8, 0x1f, 0x3, 0xff, 0xe0, 0xf,
    0xf0,

    /* U+0048 "H" */
    0xe0, 0x0, 0xfc, 0x0, 0x1f, 0x80, 0x3, 0xf0,
    0x0, 0x7e, 0x0, 0xf, 0xc0, 0x1, 0xf8, 0x0,
    0x3f, 0x0, 0x7, 0xe0, 0x0, 0xfc, 0x0, 0x1f,
    0x80, 0x3, 0xff, 0xff, 0xff, 0xff, 0xff, 0xc0,
    0x1, 0xf8, 0x0, 0x3f, 0x0, 0x7, 0xe0, 0x0,
    0xfc, 0x0, 0x1f, 0x80, 0x3, 0xf0, 0x0, 0x7e,
    0x0, 0xf, 0xc0, 0x1, 0xf8, 0x0, 0x3f, 0x0,
    0x7, 0xe0, 0x0, 0xfc, 0x0, 0x1c,

    /* U+0049 "I" */
    0xff, 0xff, 0xff, 0xff, 0xff, 0xff, 0xff, 0xff,
    0xff, 0xfc,

    /* U+004A "J" */
    0x0, 0x1c, 0x0, 0x70, 0x1, 0xc0, 0x7, 0x0,
    0x1c, 0x0, 0x70, 0x1, 0xc0, 0x7, 0x0, 0x1c,
    0x0, 0x70, 0x1, 0xc0, 0x7, 0x0, 0x1c, 0x0,
    0x70, 0x1, 0xc0, 0x7, 0x0, 0x1c, 0x0, 0x70,
    0x1, 0xc0, 0x7, 0x0, 0x1d, 0x0, 0x6e, 0x3,
    0xbe, 0x1c, 0x3f, 0xf0, 0x7f, 0x0,

    /* U+004B "K" */
    0xe0, 0x3, 0x9c, 0x0, 0xf3, 0x80, 0x3c, 0x70,
    0xf, 0xe, 0x3, 0xc1, 0xc0, 0xf0, 0x38, 0x1c,
    0x7, 0x7, 0x80, 0xe1, 0xe0, 0x1c, 0x78, 0x3,
    0x9f, 0x0, 0x77, 0xf0, 0xe, 0xee, 0x1, 0xfd,
    0xe0, 0x3f, 0x1c, 0x7, 0xc3, 0xc0, 0xf0, 0x3c,
    0x1c, 0x7, 0x83, 0x80, 0x78, 0x70, 0x7, 0xe,
    0x0, 0xf1, 0xc0, 0xf, 0x38, 0x1, 0xe7, 0x0,
    0x1e, 0xe0, 0x1, 0xdc, 0x0, 0x3c,

    /* U+004C "L" */
    0xe0, 0x1, 0xc0, 0x3, 0x80, 0x7, 0x0, 0xe,
    0x0, 0x1c, 0x0, 0x38, 0x0, 0x70, 0x0, 0xe0,
    0x1, 0xc0, 0x3, 0x80, 0x7, 0x0, 0xe, 0x0,
    0x1c, 0x0, 0x38, 0x0, 0x70, 0x0, 0xe0, 0x1,
    0xc0, 0x3, 0x80, 0x7, 0x0, 0xe, 0x0, 0x1c,
    0x0, 0x38, 0x0, 0x70, 0x0, 0xff, 0xff, 0xff,
    0xfc,

    /* U+004D "M" */
    0xf0, 0x0, 0x3f, 0xe0, 0x1, 0xff, 0x80, 0x7,
    0xfe, 0x0, 0x1f, 0xfc, 0x0, 0xff, 0xb0, 0x3,
    0xfe, 0xe0, 0xd, 0xfb, 0x80, 0x77, 0xe6, 0x1,
    0xdf, 0x9c, 0x6, 0x7e, 0x70, 0x39, 0xf8, 0xc0,
    0xc7, 0xe3, 0x83, 0x1f, 0x8e, 0x1c, 0x7e, 0x18,
    0x61, 0xf8, 0x71, 0x87, 0xe1, 0xce, 0x1f, 0x83,
    0x30, 0x7e, 0xe, 0xc1, 0xf8, 0x1f, 0x7, 0xe0,
    0x78, 0x1f, 0x81, 0xe0, 0x7e, 0x3, 0x81, 0xf8,
    0x0, 0x7, 0xe0, 0x0, 0x1f, 0x80, 0x0, 0x70,

    /* U+004E "N" */
    0xf0, 0x0, 0xfe, 0x0, 0x1f, 0xe0, 0x3, 0xfe,
    0x0, 0x7f, 0xc0, 0xf, 0xdc, 0x1, 0xfb, 0x80,
    0x3f, 0x38, 0x7, 0xe7, 0x80, 0xfc, 0x70, 0x1f,
    0x8f, 0x3, 0xf0, 0xe0, 0x7e, 0xe, 0xf, 0xc1,
    0xc1, 0xf8, 0x1c, 0x3f, 0x3, 0xc7, 0xe0, 0x38,
    0xfc, 0x3, 0x9f, 0x80, 0x73, 0xf0, 0x7, 0x7e,
    0x0, 0xef, 0xc0, 0xf, 0xf8, 0x1, 0xff, 0x0,
    0x1f, 0xe0, 0x1, 0xfc, 0x0, 0x3c,

    /* U+004F "O" */
    0x0, 0xfc, 0x0, 0x1f, 0xfe, 0x0, 0xf0, 0x3c,
    0x7, 0x80, 0x78, 0x3c, 0x0, 0xf0, 0xe0, 0x1,
    0xc7, 0x0, 0x3, 0x9c, 0x0, 0xe, 0xf0, 0x0,
    0x3b, 0x80, 0x0, 0x7e, 0x0, 0x1, 0xf8, 0x0,
    0x7, 0xe0, 0x0, 0x1f, 0x80, 0x0, 0x7e, 0x0,
    0x1, 0xf8, 0x0, 0x7, 0xe0, 0x0, 0x1d, 0xc0,
    0x0, 0xe7, 0x0, 0x3, 0x9c, 0x0, 0xe, 0x38,
    0x0, 0x70, 0xf0, 0x3, 0xc1, 0xe0, 0x1e, 0x3,
    0xc0, 0xf0, 0x7, 0xff, 0x80, 0x3, 0xf0, 0x0,

    /* U+0050 "P" */
    0xff, 0xf0, 0x7f, 0xfe, 0x38, 0x7, 0x9c, 0x0,
    0xee, 0x0, 0x7f, 0x0, 0x1f, 0x80, 0xf, 0xc0,
    0x7, 0xe0, 0x3, 0xf0, 0x1, 0xf8, 0x1, 0xdc,
    0x1, 0xee, 0x1, 0xe7, 0xff, 0xe3, 0xff, 0x81,
    0xc0, 0x0, 0xe0, 0x0, 0x70, 0x0, 0x38, 0x0,
    0x1c, 0x0, 0xe, 0x0, 0x7, 0x0, 0x3, 0x80,
    0x1, 0xc0, 0x0, 0xe0, 0x0, 0x70, 0x0, 0x0,

    /* U+0051 "Q" */
    0x0, 0xfc, 0x0, 0xf, 0xff, 0x0, 0x3c, 0xf,
    0x0, 0xf0, 0xf, 0x3, 0x80, 0xf, 0x7, 0x0,
    0xe, 0x1c, 0x0, 0xe, 0x38, 0x0, 0x1c, 0xf0,
    0x0, 0x39, 0xc0, 0x0, 0x3b, 0x80, 0x0, 0x77,
    0x0, 0x0, 0xee, 0x0, 0x1, 0xdc, 0x0, 0x3,
    0xb8, 0x0, 0x7, 0x70, 0x0, 0xe, 0xe0, 0x0,
    0x1c, 0xe0, 0x0, 0x71, 0xc0, 0x0, 0xe3, 0x80,
    0x1, 0xc3, 0x80, 0x7, 0x7, 0x80, 0x1e, 0x7,
    0x80, 0x78, 0x7, 0x81, 0xe0, 0x7, 0xff, 0x80,
    0x1, 0xf8, 0x0, 0x0, 0xe0, 0x0, 0x1, 0xe0,
    0x0, 0x1, 0xe0, 0x0, 0x1, 0xe0, 0x0, 0x1,
    0xff, 0x0, 0x0, 0xff,

    /* U+0052 "R" */
    0xff, 0xf0, 0x3f, 0xff, 0xe, 0x1, 0xf3, 0x80,
    0x1c, 0xe0, 0x3, 0xb8, 0x0, 0xee, 0x0, 0x3b,
    0x80, 0xe, 0xe0, 0x3, 0xb8, 0x1, 0xee, 0x0,
    0x73, 0x80, 0x78, 0xff, 0xfc, 0x3f, 0xfc, 0xe,
    0xe, 0x3, 0x83, 0xc0, 0xe0, 0x70, 0x38, 0xe,
    0xe, 0x3, 0xc3, 0x80, 0x70, 0xe0, 0x1e, 0x38,
    0x3, 0x8e, 0x0, 0xf3, 0x80, 0x1c, 0xe0, 0x7,
    0xb8, 0x0, 0xe0,

    /* U+0053 "S" */
    0x3, 0xf8, 0x3, 0xff, 0xc1, 0xc0, 0xf8, 0xe0,
    0xc, 0x70, 0x0, 0x1c, 0x0, 0x7, 0x0, 0x1,
    0xc0, 0x0, 0x78, 0x0, 0xf, 0x80, 0x3, 0xf8,
    0x0, 0x7f, 0xc0, 0xf, 0xfc, 0x0, 0xff, 0xc0,
    0x7, 0xf8, 0x0, 0x7e, 0x0, 0x7, 0xc0, 0x0,
    0xf0, 0x0, 0x1c, 0x0, 0x7, 0x0, 0x1, 0xd8,
    0x0, 0x6f, 0x0, 0x3b, 0xf0, 0x3c, 0x3f, 0xfe,
    0x1, 0xfe, 0x0,

    /* U+0054 "T" */
    0xff, 0xff, 0xff, 0xff, 0xfc, 0x3, 0x80, 0x0,
    0x70, 0x0, 0xe, 0x0, 0x1, 0xc0, 0x0, 0x38,
    0x0, 0x7, 0x0, 0x0, 0xe0, 0x0, 0x1c, 0x0,
    0x3, 0x80, 0x0, 0x70, 0x0, 0xe, 0x0, 0x1,
    0xc0, 0x0, 0x38, 0x0, 0x7, 0x0, 0x0, 0xe0,
    0x0, 0x1c, 0x0, 0x3, 0x80, 0x0, 0x70, 0x0,
    0xe, 0x0, 0x1, 0xc0, 0x0, 0x38, 0x0, 0x7,
    0x0, 0x0, 0xe0, 0x0, 0x1c, 0x0,

    /* U+0055 "U" */
    0xe0, 0x0, 0xfc, 0x0, 0x1f, 0x80, 0x3, 0xf0,
    0x0, 0x7e, 0x0, 0xf, 0xc0, 0x1, 0xf8, 0x0,
    0x3f, 0x0, 0x7, 0xe0, 0x0, 0xfc, 0x0, 0x1f,
    0x80, 0x3, 0xf0, 0x0, 0x7e, 0x0, 0xf, 0xc0,
    0x1, 0xf8, 0x0, 0x3f, 0x0, 0x7, 0xe0, 0x0,
    0xfc, 0x0, 0x1f, 0x80, 0x3, 0xf0, 0x0, 0x67,
    0x0, 0x1c, 0xe0, 0x3, 0x8e, 0x0, 0xe0, 0xf0,
    0x78, 0xf, 0xfe, 0x0, 0x7f, 0x0,

    /* U+0056 "V" */
    0xf0, 0x0, 0x7b, 0x80, 0x3, 0x9c, 0x0, 0x1c,
    0xf0, 0x1, 0xe7, 0x80, 0xe, 0x1c, 0x0, 0x70,
    0xf0, 0x7, 0x87, 0x80, 0x38, 0x1c, 0x1, 0xc0,
    0xe0, 0x1e, 0x7, 0x80, 0xe0, 0x1c, 0x7, 0x0,
    0xe0, 0x38, 0x7, 0x83, 0x80, 0x1c, 0x1c, 0x0,
    0xe0, 0xe0, 0x7, 0x8e, 0x0, 0x1c, 0x70, 0x0,
    0xe3, 0x80, 0x7, 0x38, 0x0, 0x1d, 0xc0, 0x0,
    0xee, 0x0, 0x7, 0x60, 0x0, 0x1f, 0x0, 0x0,
    0xf8, 0x0, 0x7, 0x80, 0x0,

    /* U+0057 "W" */
    0xe0, 0x7, 0x80, 0x3f, 0xc0, 0x1e, 0x0, 0xef,
    0x0, 0x78, 0x3, 0x9c, 0x3, 0xe0, 0xe, 0x70,
    0xf, 0xc0, 0x39, 0xc0, 0x3f, 0x1, 0xe7, 0x80,
    0xdc, 0x7, 0xe, 0x7, 0x30, 0x1c, 0x38, 0x1c,
    0xe0, 0x70, 0xe0, 0x73, 0x81, 0xc3, 0x81, 0x8e,
    0xe, 0xf, 0xe, 0x38, 0x38, 0x1c, 0x38, 0x70,
    0xe0, 0x70, 0xe1, 0xc3, 0x81, 0xc3, 0x7, 0xe,
    0x7, 0x1c, 0x1c, 0x70, 0x1e, 0x70, 0x39, 0xc0,
    0x39, 0xc0, 0xe7, 0x0, 0xe6, 0x3, 0x9c, 0x3,
    0x98, 0x6, 0x70, 0xe, 0xe0, 0x1d, 0x80, 0x1f,
    0x80, 0x7e, 0x0, 0x7c, 0x1, 0xf8, 0x1, 0xf0,
    0x3, 0xe0, 0x7, 0xc0, 0xf, 0x80, 0x1f, 0x0,
    0x3c, 0x0,

    /* U+0058 "X" */
    0xf0, 0x1, 0xcf, 0x0, 0x78, 0xe0, 0xe, 0x1e,
    0x3, 0xc1, 0xc0, 0x70, 0x3c, 0x1c, 0x3, 0x83,
    0x80, 0x78, 0xe0, 0x7, 0x1c, 0x0, 0x77, 0x0,
    0xf, 0xe0, 0x0, 0xf8, 0x0, 0x1e, 0x0, 0x3,
    0xe0, 0x0, 0xfc, 0x0, 0x1d, 0xc0, 0x7, 0x3c,
    0x1, 0xe3, 0x80, 0x38, 0x78, 0xf, 0x7, 0x1,
    0xc0, 0xf0, 0x78, 0xe, 0xe, 0x1, 0xe3, 0xc0,
    0x1e, 0xf0, 0x1, 0xdc, 0x0, 0x3c,

    /* U+0059 "Y" */
    0xf0, 0x1, 0xee, 0x0, 0x39, 0xe0, 0xf, 0x1c,
    0x1, 0xc3, 0xc0, 0x78, 0x38, 0xe, 0x7, 0x81,
    0xc0, 0x70, 0x70, 0xe, 0xe, 0x0, 0xe3, 0x80,
    0x1c, 0x70, 0x1, 0xdc, 0x0, 0x3b, 0x80, 0x3,
    0xe0, 0x0, 0x7c, 0x0, 0x7, 0x0, 0x0, 0xe0,
    0x0, 0x1c, 0x0, 0x3, 0x80, 0x0, 0x70, 0x0,
    0xe, 0x0, 0x1, 0xc0, 0x0, 0x38, 0x0, 0x7,
    0x0, 0x0, 0xe0, 0x0, 0x1c, 0x0,

    /* U+005A "Z" */
    0x7f, 0xff, 0xdf, 0xff, 0xf0, 0x0, 0x38, 0x0,
    0x1e, 0x0, 0xf, 0x0, 0x3, 0x80, 0x1, 0xe0,
    0x0, 0xf0, 0x0, 0x3c, 0x0, 0x1e, 0x0, 0x7,
    0x0, 0x3, 0xc0, 0x1, 0xe0, 0x0, 0x70, 0x0,
    0x3c, 0x0, 0xe, 0x0, 0x7, 0x80, 0x3, 0xc0,
    0x0, 0xe0, 0x0, 0x78, 0x0, 0x3c, 0x0, 0xe,
    0x0, 0x7, 0x80, 0x1, 0xc0, 0x0, 0xff, 0xff,
    0xff, 0xff, 0xf0,

    /* U+005B "[" */
    0xff, 0xff, 0x87, 0xe, 0x1c, 0x38, 0x70, 0xe1,
    0xc3, 0x87, 0xe, 0x1c, 0x38, 0x70, 0xe1, 0xc3,
    0x87, 0xe, 0x1c, 0x38, 0x70, 0xe1, 0xc3, 0x87,
    0xe, 0x1c, 0x38, 0x70, 0xe1, 0xff, 0xf8,

    /* U+005C "\\" */
    0xc0, 0x6, 0x0, 0x38, 0x0, 0xc0, 0x6, 0x0,
    0x38, 0x0, 0xc0, 0x6, 0x0, 0x38, 0x1, 0xc0,
    0x6, 0x0, 0x30, 0x1, 0xc0, 0x6, 0x0, 0x30,
    0x1, 0xc0, 0x6, 0x0, 0x30, 0x1, 0xc0, 0x6,
    0x0, 0x30, 0x1, 0xc0, 0xe, 0x0, 0x30, 0x1,
    0x80, 0xe, 0x0, 0x30, 0x1, 0x80, 0xe, 0x0,
    0x30, 0x1, 0x80, 0xe, 0x0, 0x30, 0x1, 0x80,
    0xe,

    /* U+005D "]" */
    0xff, 0xff, 0x7, 0x7, 0x7, 0x7, 0x7, 0x7,
    0x7, 0x7, 0x7, 0x7, 0x7, 0x7, 0x7, 0x7,
    0x7, 0x7, 0x7, 0x7, 0x7, 0x7, 0x7, 0x7,
    0x7, 0x7, 0x7, 0x7, 0x7, 0x7, 0x7, 0x7,
    0x7, 0xff, 0xff,

    /* U+005E "^" */
    0x1, 0x80, 0x3, 0xc0, 0x3, 0xc0, 0x7, 0xe0,
    0x7, 0xe0, 0x6, 0x60, 0xe, 0x70, 0xc, 0x30,
    0x1c, 0x38, 0x1c, 0x38, 0x18, 0x18, 0x38, 0x1c,
    0x38, 0x1c, 0x70, 0xe, 0x70, 0xe, 0x60, 0xe,

    /* U+005F "_" */
    0xff, 0xff, 0xff, 0xff, 0xfc,

    /* U+0060 "`" */
    0x20, 0x70, 0x78, 0x3c, 0x1e, 0xe, 0x7, 0x2,

    /* U+0061 "a" */
    0x0, 0x80, 0x3f, 0xe1, 0xff, 0xe3, 0x80, 0xe0,
    0x1, 0xc0, 0x1, 0xc0, 0x3, 0x80, 0x7, 0x0,
    0xfe, 0xf, 0xfc, 0x7f, 0xbb, 0xe0, 0x77, 0x80,
    0xfe, 0x1, 0xf8, 0x3, 0xf0, 0x7, 0xe0, 0xf,
    0xc0, 0x7d, 0xc1, 0xf9, 0xff, 0x71, 0xf8, 0xe0,

    /* U+0062 "b" */
    0xe0, 0x0, 0x70, 0x0, 0x38, 0x0, 0x1c, 0x0,
    0xe, 0x0, 0x7, 0x0, 0x3, 0x80, 0x1, 0xc0,
    0x0, 0xe7, 0xf8, 0x7f, 0xfe, 0x3e, 0x3, 0x9e,
    0x0, 0xee, 0x0, 0x77, 0x0, 0x1f, 0x80, 0xf,
    0xc0, 0x7, 0xe0, 0x3, 0xf0, 0x1, 0xf8, 0x0,
    0xfc, 0x0, 0x7e, 0x0, 0x3f, 0x0, 0x3b, 0x80,
    0x1d, 0xc0, 0x1e, 0xf0, 0xe, 0x7e, 0x1e, 0x3f,
    0xfe, 0x1c, 0xfc, 0x0,

    /* U+0063 "c" */
    0x0, 0x40, 0xf, 0xf8, 0x7f, 0xf1, 0xe0, 0x63,
    0x80, 0xe, 0x0, 0x1c, 0x0, 0x70, 0x0, 0xe0,
    0x1, 0xc0, 0x3, 0x80, 0x7, 0x0, 0xe, 0x0,
    0x1c, 0x0, 0x3c, 0x0, 0x38, 0x0, 0x78, 0x0,
    0x70, 0x8, 0x78, 0x78, 0x7f, 0xf0, 0x3f, 0x0,

    /* U+0064 "d" */
    0x0, 0x3, 0x80, 0x1, 0xc0, 0x0, 0xe0, 0x0,
    0x70, 0x0, 0x38, 0x0, 0x1c, 0x0, 0xe, 0x1,
    0x7, 0x7, 0xfb, 0x8f, 0xff, 0xcf, 0x3, 0xe7,
    0x0, 0x77, 0x0, 0x3b, 0x80, 0x1f, 0x80, 0xf,
    0xc0, 0x7, 0xe0, 0x3, 0xf0, 0x1, 0xf8, 0x0,
    0xfc, 0x0, 0x7e, 0x0, 0x3f, 0x0, 0x1d, 0xc0,
    0xe, 0xe0, 0x7, 0x38, 0x7, 0x9e, 0xf, 0xc7,
    0xfe, 0xe0, 0xfc, 0x70,

    /* U+0065 "e" */
    0x0, 0x0, 0x3, 0xfc, 0x3, 0xff, 0x83, 0x81,
    0xc3, 0x80, 0x73, 0x80, 0x39, 0xc0, 0xf, 0xc0,
    0x7, 0xe0, 0x3, 0xff, 0xff, 0xff, 0xff, 0xfc,
    0x0, 0xe, 0x0, 0x7, 0x0, 0x3, 0xc0, 0x0,
    0xe0, 0x0, 0x78, 0x0, 0x1e, 0x1, 0x7, 0x81,
    0xc1, 0xff, 0xe0, 0x3f, 0x80,

    /* U+0066 "f" */
    0x3, 0xf0, 0x7f, 0xe, 0x1, 0xc0, 0x1c, 0x1,
    0xc0, 0x1c, 0x1, 0xc0, 0x1c, 0xf, 0xfe, 0xff,
    0xe1, 0xc0, 0x1c, 0x1, 0xc0, 0x1c, 0x1, 0xc0,
    0x1c, 0x1, 0xc0, 0x1c, 0x1, 0xc0, 0x1c, 0x1,
    0xc0, 0x1c, 0x1, 0xc0, 0x1c, 0x1, 0xc0, 0x1c,
    0x1, 0xc0, 0x1c, 0x0,

    /* U+0067 "g" */
    0x0, 0x0, 0x3, 0xff, 0xf1, 0xff, 0xfc, 0xe0,
    0x70, 0x38, 0x1e, 0x1c, 0x3, 0x87, 0x0, 0xe1,
    0xc0, 0x38, 0x70, 0xe, 0x1c, 0x3, 0x83, 0x81,
    0xc0, 0xf0, 0xf0, 0x1f, 0xf8, 0xe, 0xf8, 0x3,
    0x0, 0x1, 0xc0, 0x0, 0x70, 0x0, 0x1c, 0x0,
    0x7, 0x80, 0x0, 0xff, 0xf8, 0x1f, 0xff, 0x9c,
    0x0, 0xf6, 0x0, 0x1f, 0x80, 0x7, 0xe0, 0x1,
    0xfc, 0x0, 0xe7, 0x80, 0xf0, 0xff, 0xf8, 0xf,
    0xf0, 0x0,

    /* U+0068 "h" */
    0xe0, 0x1, 0xc0, 0x3, 0x80, 0x7, 0x0, 0xe,
    0x0, 0x1c, 0x0, 0x38, 0x0, 0x70, 0x20, 0xe7,
    0xf9, 0xdf, 0xfb, 0xe0, 0x77, 0x80, 0xfe, 0x0,
    0xfc, 0x1, 0xf8, 0x3, 0xf0, 0x7, 0xe0, 0xf,
    0xc0, 0x1f, 0x80, 0x3f, 0x0, 0x7e, 0x0, 0xfc,
    0x1, 0xf8, 0x3, 0xf0, 0x7, 0xe0, 0xf, 0xc0,
    0x1f, 0x80, 0x3f, 0x0, 0x70,

    /* U+0069 "i" */
    0x6f, 0xf6, 0x0, 0x0, 0x77, 0x77, 0x77, 0x77,
    0x77, 0x77, 0x77, 0x77, 0x77, 0x77,

    /* U+006A "j" */
    0x6, 0xf, 0xf, 0x6, 0x0, 0x0, 0x0, 0x0,
    0x7, 0x7, 0x7, 0x7, 0x7, 0x7, 0x7, 0x7,
    0x7, 0x7, 0x7, 0x7, 0x7, 0x7, 0x7, 0x7,
    0x7, 0x7, 0x7, 0x7, 0x7, 0x7, 0x7, 0x7,
    0x7, 0xe, 0xfe, 0xf8,

    /* U+006B "k" */
    0xe0, 0x0, 0xe0, 0x0, 0xe0, 0x0, 0xe0, 0x0,
    0xe0, 0x0, 0xe0, 0x0, 0xe0, 0x0, 0xe0, 0x0,
    0xe0, 0x1e, 0xe0, 0x3c, 0xe0, 0x78, 0xe0, 0x70,
    0xe0, 0xe0, 0xe1, 0xe0, 0xe3, 0xc0, 0xe3, 0x80,
    0xe7, 0x80, 0xef, 0x80, 0xff, 0xc0, 0xfd, 0xe0,
    0xf8, 0xe0, 0xf0, 0x70, 0xe0, 0x78, 0xe0, 0x38,
    0xe0, 0x3c, 0xe0, 0x1c, 0xe0, 0xe, 0xe0, 0xf,

    /* U+006C "l" */
    0xe7, 0x39, 0xce, 0x73, 0x9c, 0xe7, 0x39, 0xce,
    0x73, 0x9c, 0xe7, 0x39, 0xce, 0x73, 0x9c, 0xe7,
    0x1e, 0xf0,

    /* U+006D "m" */
    0x0, 0x0, 0x0, 0x1c, 0xff, 0xf, 0xf3, 0xff,
    0xf3, 0xff, 0x7c, 0xf, 0xc0, 0xef, 0x1, 0xf0,
    0x1d, 0xc0, 0x1c, 0x1, 0xf8, 0x3, 0x80, 0x3f,
    0x0, 0x70, 0x7, 0xe0, 0xe, 0x0, 0xfc, 0x1,
    0xc0, 0x1f, 0x80, 0x38, 0x3, 0xf0, 0x7, 0x0,
    0x7e, 0x0, 0xe0, 0xf, 0xc0, 0x1c, 0x1, 0xf8,
    0x3, 0x80, 0x3f, 0x0, 0x70, 0x7, 0xe0, 0xe,
    0x0, 0xfc, 0x1, 0xc0, 0x1f, 0x80, 0x38, 0x3,
    0xf0, 0x7, 0x0, 0x7e, 0x0, 0xe0, 0xe,

    /* U+006E "n" */
    0x0, 0x41, 0xcf, 0xf3, 0xff, 0xf7, 0xc0, 0xef,
    0x1, 0xfc, 0x1, 0xf8, 0x3, 0xf0, 0x7, 0xe0,
    0xf, 0xc0, 0x1f, 0x80, 0x3f, 0x0, 0x7e, 0x0,
    0xfc, 0x1, 0xf8, 0x3, 0xf0, 0x7, 0xe0, 0xf,
    0xc0, 0x1f, 0x80, 0x3f, 0x0, 0x7e, 0x0, 0xe0,

    /* U+006F "o" */
    0x0, 0x0, 0x1, 0xfe, 0x1, 0xff, 0xe0, 0xf0,
    0x3c, 0x38, 0x7, 0x1c, 0x0, 0xe7, 0x0, 0x3b,
    0x80, 0x7, 0xe0, 0x1, 0xf8, 0x0, 0x7e, 0x0,
    0x1f, 0x80, 0x7, 0xe0, 0x1, 0xf8, 0x0, 0x7f,
    0x0, 0x39, 0xc0, 0xe, 0x70, 0x7, 0x8e, 0x1,
    0xc1, 0xe1, 0xe0, 0x3f, 0xf0, 0x3, 0xf0, 0x0,

    /* U+0070 "p" */
    0x0, 0x0, 0x73, 0xfc, 0x3f, 0xff, 0x1f, 0x1,
    0xcf, 0x0, 0x77, 0x0, 0x3b, 0x80, 0xf, 0xc0,
    0x7, 0xe0, 0x3, 0xf0, 0x1, 0xf8, 0x0, 0xfc,
    0x0, 0x7e, 0x0, 0x3f, 0x0, 0x1f, 0x80, 0x1d,
    0xc0, 0xe, 0xe0, 0xf, 0x78, 0x7, 0x3f, 0xf,
    0x1f, 0xff, 0xe, 0x7e, 0x7, 0x0, 0x3, 0x80,
    0x1, 0xc0, 0x0, 0xe0, 0x0, 0x70, 0x0, 0x38,
    0x0, 0x1c, 0x0, 0xe, 0x0, 0x0,

    /* U+0071 "q" */
    0x0, 0x0, 0x3, 0xfd, 0xc7, 0xff, 0xe7, 0x81,
    0xf3, 0x80, 0x3b, 0x80, 0x1d, 0xc0, 0xf, 0xc0,
    0x7, 0xe0, 0x3, 0xf0, 0x1, 0xf8, 0x0, 0xfc,
    0x0, 0x7e, 0x0, 0x3f, 0x0, 0x1f, 0x80, 0xe,
    0xe0, 0x7, 0x70, 0x3, 0x9c, 0x3, 0xcf, 0x7,
    0xe3, 0xff, 0x70, 0x7e, 0x38, 0x0, 0x1c, 0x0,
    0xe, 0x0, 0x7, 0x0, 0x3, 0x80, 0x1, 0xc0,
    0x0, 0xe0, 0x0, 0x70, 0x0, 0x38,

    /* U+0072 "r" */
    0x0, 0xb9, 0xfe, 0xff, 0xe0, 0xf0, 0x3c, 0xe,
    0x3, 0x80, 0xe0, 0x38, 0xe, 0x3, 0x80, 0xe0,
    0x38, 0xe, 0x3, 0x80, 0xe0, 0x38, 0xe, 0x3,
    0x80, 0xe0, 0x0,

    /* U+0073 "s" */
    0x0, 0x0, 0x3f, 0xc3, 0xff, 0x8e, 0x6, 0x70,
    0x1, 0xc0, 0x7, 0x0, 0x1e, 0x0, 0x7e, 0x0,
    0xff, 0x1, 0xff, 0x1, 0xfe, 0x0, 0xf8, 0x0,
    0xf0, 0x1, 0xc0, 0x7, 0x40, 0x1d, 0x80, 0x6f,
    0x83, 0x9f, 0xfc, 0xf, 0xc0,

    /* U+0074 "t" */
    0x1c, 0x0, 0xe0, 0x7, 0x0, 0x38, 0x1, 0xc0,
    0xe, 0x3, 0xff, 0xdf, 0xfe, 0x1c, 0x0, 0xe0,
    0x7, 0x0, 0x38, 0x1, 0xc0, 0xe, 0x0, 0x70,
    0x3, 0x80, 0x1c, 0x0, 0xe0, 0x7, 0x0, 0x38,
    0x1, 0xc0, 0xe, 0x0, 0x78, 0x1, 0xc0, 0x7,
    0xf0, 0x1f, 0x80,

    /* U+0075 "u" */
    0xe0, 0xf, 0xc0, 0x1f, 0x80, 0x3f, 0x0, 0x7e,
    0x0, 0xfc, 0x1, 0xf8, 0x3, 0xf0, 0x7, 0xe0,
    0xf, 0xc0, 0x1f, 0x80, 0x3f, 0x0, 0x7e, 0x0,
    0xfc, 0x1, 0xf8, 0x3, 0xf0, 0xf, 0x70, 0x3e,
    0xf0, 0xfc, 0xff, 0xb8, 0xfc, 0x70,

    /* U+0076 "v" */
    0x70, 0x1, 0xdc, 0x0, 0x77, 0x80, 0x38, 0xe0,
    0xe, 0x38, 0x3, 0x8f, 0x1, 0xc1, 0xc0, 0x70,
    0x70, 0x1c, 0x1e, 0xe, 0x3, 0x83, 0x80, 0xe0,
    0xe0, 0x1c, 0x70, 0x7, 0x1c, 0x1, 0xc7, 0x0,
    0x3b, 0x80, 0xe, 0xe0, 0x3, 0xb8, 0x0, 0x7c,
    0x0, 0x1f, 0x0, 0x7, 0xc0,

    /* U+0077 "w" */
    0xe0, 0xe, 0x0, 0xfe, 0x1, 0xe0, 0x3d, 0xc0,
    0x7c, 0x7, 0x38, 0xd, 0x80, 0xe7, 0x1, 0xb0,
    0x1c, 0xf0, 0x77, 0x7, 0x8e, 0xe, 0xe0, 0xe1,
    0xc1, 0x9c, 0x1c, 0x38, 0x31, 0x83, 0x83, 0x8e,
    0x38, 0xe0, 0x71, 0xc7, 0x1c, 0xe, 0x30, 0xe3,
    0x81, 0xc6, 0xc, 0x70, 0x1d, 0xc1, 0xdc, 0x3,
    0xb8, 0x3b, 0x80, 0x76, 0x7, 0x70, 0xe, 0xc0,
    0x6e, 0x0, 0xf8, 0xf, 0x80, 0x1f, 0x1, 0xf0,
    0x3, 0xc0, 0x1e, 0x0,

    /* U+0078 "x" */
    0xf0, 0xf, 0x78, 0xe, 0x38, 0x1c, 0x3c, 0x1c,
    0x1c, 0x38, 0x1e, 0x78, 0xe, 0x70, 0x7, 0xe0,
    0x7, 0xe0, 0x3, 0xc0, 0x7, 0xc0, 0x7, 0xe0,
    0xe, 0xf0, 0xe, 0x70, 0x1c, 0x78, 0x3c, 0x3c,
    0x38, 0x1c, 0x70, 0x1e, 0xf0, 0xe, 0xe0, 0xf,

    /* U+0079 "y" */
    0x70, 0x1, 0xdc, 0x0, 0x77, 0x80, 0x38, 0xe0,
    0xe, 0x38, 0x3, 0x87, 0x1, 0xc1, 0xc0, 0x70,
    0x78, 0x1c, 0xe, 0xe, 0x3, 0x83, 0x80, 0x70,
    0xe0, 0x1c, 0x70, 0x7, 0x1c, 0x0, 0xe7, 0x0,
    0x39, 0x80, 0x6, 0xe0, 0x1, 0xf8, 0x0, 0x7c,
    0x0, 0xf, 0x0, 0x3, 0xc0, 0x0, 0xe0, 0x0,
    0x38, 0x0, 0xc, 0x0, 0x7, 0x0, 0x3, 0x80,
    0x1, 0xe0, 0x3, 0xf0, 0x1, 0xf0, 0x0,

    /* U+007A "z" */
    0x7f, 0xfc, 0xff, 0xf8, 0x0, 0xe0, 0x3, 0xc0,
    0xf, 0x0, 0x1c, 0x0, 0x78, 0x0, 0xe0, 0x3,
    0xc0, 0xf, 0x0, 0x1c, 0x0, 0x78, 0x0, 0xe0,
    0x3, 0xc0, 0xf, 0x0, 0x1c, 0x0, 0x78, 0x0,
    0xe0, 0x3, 0xff, 0xff, 0xff, 0xf0,

    /* U+007B "{" */
    0x7, 0xc3, 0xf1, 0xe0, 0x70, 0x1c, 0x7, 0x1,
    0xc0, 0x70, 0x1c, 0x7, 0x1, 0xc0, 0x70, 0x1c,
    0x7, 0x1, 0xc0, 0xe0, 0xf8, 0x3c, 0x3, 0x80,
    0x70, 0x1c, 0x7, 0x1, 0xc0, 0x70, 0x1c, 0x7,
    0x1, 0xc0, 0x70, 0x1c, 0x7, 0x1, 0xc0, 0x70,
    0x1e, 0x3, 0xf0, 0x7c,

    /* U+007C "|" */
    0xff, 0xff, 0xff, 0xff, 0xff, 0xff, 0xff, 0xff,
    0xff, 0xff, 0xff, 0xff, 0xff, 0xff, 0xff,

    /* U+007D "}" */
    0xf8, 0x3f, 0x1, 0xe0, 0x38, 0xe, 0x3, 0x80,
    0xe0, 0x38, 0xe, 0x3, 0x80, 0xe0, 0x38, 0xe,
    0x3, 0x80, 0xe0, 0x3c, 0x7, 0xc0, 0xf0, 0x70,
    0x38, 0xe, 0x3, 0x80, 0xe0, 0x38, 0xe, 0x3,
    0x80, 0xe0, 0x38, 0xe, 0x3, 0x80, 0xe0, 0x38,
    0x1e, 0x3f, 0xf, 0x80,

    /* U+007E "~" */
    0xe, 0x0, 0xf, 0xe0, 0x67, 0x1c, 0x19, 0x83,
    0x8e, 0x60, 0x7f, 0x0, 0x7, 0x0,

    /* U+00A3 "£" */
    0x1, 0xf8, 0x7, 0xfe, 0xf, 0xf, 0x1c, 0x6,
    0x3c, 0x0, 0x38, 0x0, 0x38, 0x0, 0x38, 0x0,
    0x38, 0x0, 0x38, 0x0, 0x3c, 0x0, 0x1c, 0x0,
    0xff, 0xf8, 0xff, 0xf8, 0xe, 0x0, 0xe, 0x0,
    0xe, 0x0, 0xe, 0x0, 0xe, 0x0, 0xe, 0x0,
    0x1e, 0x0, 0x1c, 0x0, 0x3c, 0x0, 0x78, 0x0,
    0xff, 0xff, 0xff, 0xff,

    /* U+00A5 "¥" */
    0xf0, 0x1, 0xdc, 0x0, 0xe7, 0x80, 0x38, 0xe0,
    0x1c, 0x3c, 0x7, 0x7, 0x1, 0x81, 0xe0, 0xe0,
    0x38, 0x30, 0x7, 0x1c, 0x1, 0xc6, 0x0, 0x3b,
    0x80, 0xe, 0xc0, 0x1, 0xf0, 0x1f, 0xff, 0xe7,
    0xff, 0xf8, 0x3, 0x80, 0x0, 0xe0, 0x0, 0x38,
    0x7, 0xff, 0xf9, 0xff, 0xfe, 0x0, 0xe0, 0x0,
    0x38, 0x0, 0xe, 0x0, 0x3, 0x80, 0x0, 0xe0,
    0x0, 0x38, 0x0,

    /* U+00B7 "·" */
    0x77, 0xff, 0xf7, 0x0,

    /* U+20AC "€" */
    0x0, 0x3f, 0x0, 0xf, 0xfc, 0x1, 0xe1, 0xe0,
    0x38, 0xc, 0x7, 0x0, 0x0, 0x60, 0x0, 0xe,
    0x0, 0x0, 0xe0, 0x0, 0x1c, 0x0, 0x1, 0xc0,
    0x0, 0xff, 0xff, 0x8f, 0xff, 0xf8, 0x1c, 0x0,
    0x1, 0xc0, 0x0, 0xff, 0xfe, 0xf, 0xff, 0xe0,
    0x1c, 0x0, 0x1, 0xc0, 0x0, 0xe, 0x0, 0x0,
    0xe0, 0x0, 0xe, 0x0, 0x0, 0x70, 0x4, 0x3,
    0x80, 0xe0, 0x3c, 0x1e, 0x0, 0xff, 0xc0, 0x3,
    0xf0,

    /* U+3044 "い" */
    0xe0, 0x0, 0x0, 0xe, 0x0, 0x0, 0xc0, 0xe0,
    0x0, 0xe, 0xe, 0x0, 0x0, 0xf0, 0xe0, 0x0,
    0x7, 0xe, 0x0, 0x0, 0x78, 0xe0, 0x0, 0x3,
    0x8e, 0x0, 0x0, 0x3c, 0xe0, 0x0, 0x1, 0xce,
    0x0, 0x0, 0x1c, 0xe0, 0x0, 0x1, 0xee, 0x0,
    0x0, 0xe, 0xe0, 0x0, 0x0, 0xee, 0x0, 0x0,
    0xe, 0xe0, 0x0, 0x0, 0x77, 0x0, 0x80, 0x7,
    0x70, 0xc, 0x0, 0x77, 0x0, 0xe0, 0x7, 0x78,
    0x1c, 0x0, 0x73, 0x81, 0xc0, 0x6, 0x3c, 0x38,
    0x0, 0x1, 0xe7, 0x80, 0x0, 0x1f, 0xf0, 0x0,
    0x0, 0xfe, 0x0, 0x0, 0x3, 0xc0, 0x0, 0x0,

    /* U+304A "お" */
    0x0, 0xe0, 0x0, 0x0, 0x1, 0xc0, 0x0, 0x0,
    0x3, 0x80, 0x0, 0x0, 0x7, 0x0, 0x0, 0x0,
    0xe, 0x0, 0x20, 0x0, 0x1c, 0x8, 0x70, 0x0,
    0x3b, 0xf1, 0xf8, 0x3f, 0xff, 0xe0, 0xfc, 0x7f,
    0xf8, 0x0, 0x7c, 0x1, 0xc0, 0x0, 0x3c, 0x3,
    0x80, 0x0, 0x30, 0x7, 0x0, 0x0, 0x0, 0xe,
    0x0, 0x0, 0x0, 0x1c, 0x0, 0x0, 0x0, 0x38,
    0xff, 0x0, 0x0, 0x7f, 0xff, 0xc0, 0x1, 0xfc,
    0x3, 0xc0, 0xf, 0xc0, 0x3, 0xc0, 0x3f, 0x80,
    0x3, 0x80, 0xe7, 0x0, 0x3, 0x83, 0x8e, 0x0,
    0x7, 0xe, 0x1c, 0x0, 0xe, 0x38, 0x38, 0x0,
    0x1c, 0x70, 0x70, 0x0, 0x78, 0xe0, 0xe0, 0x0,
    0xe1, 0xe1, 0xc0, 0x7, 0xc1, 0xe3, 0x80, 0x3f,
    0x1, 0xff, 0xf, 0xfc, 0x1, 0xfc, 0x1f, 0xe0,
    0x0, 0xf8, 0x1c, 0x0, 0x0,

    /* U+304F "く" */
    0x0, 0x1, 0x0, 0x0, 0x30, 0x0, 0xf, 0x0,
    0x3, 0xc0, 0x1, 0xf0, 0x0, 0x7c, 0x0, 0x1f,
    0x0, 0x7, 0x80, 0x1, 0xe0, 0x0, 0xf8, 0x0,
    0x3e, 0x0, 0xf, 0x0, 0x3, 0xc0, 0x0, 0xf0,
    0x0, 0x3c, 0x0, 0x7, 0x80, 0x0, 0x78, 0x0,
    0xf, 0x80, 0x0, 0x78, 0x0, 0x7, 0x80, 0x0,
    0x7c, 0x0, 0x7, 0xc0, 0x0, 0x7c, 0x0, 0x7,
    0xc0, 0x0, 0x3c, 0x0, 0x3, 0xc0, 0x0, 0x3e,
    0x0, 0x3, 0xe0, 0x0, 0x3e, 0x0, 0x3, 0xc0,
    0x0, 0x20,

    /* U+3055 "さ" */
    0x0, 0x0, 0x0, 0x0, 0x3, 0x80, 0x0, 0x1,
    0xc0, 0x0, 0x0, 0xe0, 0x0, 0x0, 0x30, 0x0,
    0x0, 0x1c, 0xc, 0x0, 0xe, 0xff, 0xff, 0xff,
    0xff, 0xff, 0xff, 0xfe, 0x7f, 0xff, 0xe0, 0x0,
    0x0, 0x38, 0x0, 0x0, 0x1c, 0x0, 0x0, 0x7,
    0x0, 0x0, 0x3, 0x80, 0x0, 0x0, 0xe0, 0x0,
    0x0, 0x70, 0x0, 0x0, 0x1c, 0x0, 0x1, 0x8f,
    0xe, 0x0, 0xff, 0xc7, 0x0, 0x7f, 0xc3, 0x0,
    0x0, 0x43, 0x80, 0x0, 0x1, 0xc0, 0x0, 0x0,
    0xe0, 0x0, 0x0, 0x70, 0x0, 0x0, 0x3c, 0x0,
    0x0, 0xf, 0x0, 0x0, 0x7, 0xe0, 0x1, 0x81,
    0xff, 0xff, 0xc0, 0x3f, 0xff, 0xe0, 0x7, 0xff,
    0xc0,

    /* U+3057 "し" */
    0xe0, 0x0, 0x0, 0xe0, 0x0, 0x0, 0xe0, 0x0,
    0x0, 0xe0, 0x0, 0x0, 0xe0, 0x0, 0x0, 0xe0,
    0x0, 0x0, 0xe0, 0x0, 0x0, 0xe0, 0x0, 0x0,
    0xe0, 0x0, 0x0, 0xe0, 0x0, 0x0, 0xe0, 0x0,
    0x0, 0xe0, 0x0, 0x0, 0xe0, 0x0, 0x0, 0xe0,
    0x0, 0x0, 0xe0, 0x0, 0x0, 0xe0, 0x0, 0x0,
    0xe0, 0x0, 0x0, 0xe0, 0x0, 0x0, 0xe0, 0x0,
    0x0, 0xe0, 0x0, 0x0, 0xe0, 0x0, 0x4, 0xe0,
    0x0, 0xe, 0xe0, 0x0, 0x1e, 0xe0, 0x0, 0x3c,
    0xf0, 0x0, 0x7c, 0x70, 0x1, 0xf8, 0x7c, 0x7,
    0xe0, 0x3f, 0xff, 0xc0, 0x1f, 0xff, 0x0, 0x7,
    0xf8, 0x0,

    /* U+3059 "す" */
    0x0, 0x0, 0xe0, 0x0, 0x0, 0x3, 0x80, 0x0,
    0x0, 0xe, 0x0, 0x0, 0x0, 0x38, 0x0, 0x0,
    0x0, 0xe0, 0x3, 0xff, 0xff, 0xff, 0xff, 0xff,
    0xff, 0xff, 0xc0, 0x0, 0x38, 0x0, 0x0, 0x0,
    0xe0, 0x0, 0x0, 0x3, 0x80, 0x0, 0x1, 0xfe,
    0x0, 0x0, 0x1f, 0xf8, 0x0, 0x0, 0xf1, 0xe0,
    0x0, 0x3, 0x81, 0x80, 0x0, 0x1c, 0x7, 0x0,
    0x0, 0x70, 0x1c, 0x0, 0x1, 0xc0, 0x70, 0x0,
    0x7, 0x1, 0xc0, 0x0, 0x1e, 0xf, 0x0, 0x0,
    0x3c, 0x7c, 0x0, 0x0, 0x7f, 0xf0, 0x0, 0x0,
    0x7f, 0x80, 0x0, 0x0, 0xe, 0x0, 0x0, 0x0,
    0x70, 0x0, 0x0, 0x7, 0xc0, 0x0, 0x0, 0x3e,
    0x0, 0x0, 0x3, 0xf0, 0x0, 0x0, 0x7f, 0x0,
    0x0, 0x0, 0xf8, 0x0, 0x0, 0x1, 0x0, 0x0,
    0x0,

    /* U+305B "せ" */
    0x0, 0x0, 0x3, 0x80, 0x0, 0xe0, 0x3, 0x80,
    0x0, 0xe0, 0x3, 0x80, 0x0, 0xe0, 0x3, 0x80,
    0x0, 0xe0, 0x3, 0x80, 0x0, 0xe0, 0x3, 0x80,
    0x0, 0xe0, 0x3, 0x80, 0x0, 0xe0, 0x1f, 0xff,
    0xf, 0xff, 0xff, 0xff, 0xff, 0xff, 0xe3, 0x80,
    0xff, 0xe0, 0x3, 0x80, 0xe0, 0xe0, 0x3, 0x80,
    0x0, 0xe0, 0x3, 0x80, 0x0, 0xe0, 0x3, 0x80,
    0x0, 0xe0, 0x3, 0x80, 0x0, 0xe0, 0x3, 0x80,
    0x0, 0xe0, 0x3, 0x80, 0x0, 0xe0, 0x7f, 0x80,
    0x0, 0xe0, 0x7f, 0x0, 0x0, 0xe0, 0x0, 0x0,
    0x0, 0xe0, 0x0, 0x0, 0x0, 0xe0, 0x0, 0x0,
    0x0, 0xe0, 0x0, 0x0, 0x0, 0xf0, 0x0, 0x0,
    0x0, 0xf8, 0x0, 0x10, 0x0, 0x7f, 0xff, 0xf0,
    0x0, 0x3f, 0xff, 0xf0, 0x0, 0xf, 0xff, 0xf0,

    /* U+3060 "だ" */
    0x0, 0x70, 0x0, 0x38, 0x0, 0xe0, 0x1, 0x30,
    0x1, 0xc0, 0x6, 0x30, 0x3, 0x80, 0x6, 0x70,
    0xe, 0x4, 0xc, 0x60, 0x1f, 0xf8, 0xc, 0x3f,
    0xff, 0xf0, 0x10, 0x7f, 0xfc, 0x0, 0x0, 0x0,
    0xe0, 0x0, 0x0, 0x3, 0x80, 0x0, 0x0, 0x7,
    0x0, 0x0, 0x0, 0xe, 0x7, 0xff, 0x80, 0x1c,
    0xf, 0xff, 0x0, 0x70, 0x0, 0x0, 0x0, 0xe0,
    0x0, 0x0, 0x1, 0xc0, 0x0, 0x0, 0x7, 0x0,
    0x0, 0x0, 0xe, 0x0, 0x0, 0x0, 0x1c, 0x0,
    0x0, 0x0, 0x78, 0x0, 0x0, 0x0, 0xe0, 0x30,
    0x0, 0x1, 0xc0, 0xe0, 0x0, 0x7, 0x81, 0xc0,
    0x0, 0xe, 0x3, 0x80, 0x0, 0x1c, 0x7, 0x0,
    0x0, 0x70, 0xf, 0x0, 0x0, 0xe0, 0xf, 0x0,
    0x63, 0xc0, 0xf, 0xff, 0xc7, 0x0, 0x7, 0xff,
    0x82, 0x0, 0x0, 0x0, 0x0,

    /* U+3066 "て" */
    0x0, 0x0, 0xf, 0xf8, 0x1, 0xff, 0xff, 0xdf,
    0xff, 0xff, 0xfe, 0xff, 0xff, 0x78, 0x7, 0xf0,
    0xf, 0x0, 0x0, 0x0, 0xf0, 0x0, 0x0, 0xf,
    0x0, 0x0, 0x0, 0xf0, 0x0, 0x0, 0x7, 0x0,
    0x0, 0x0, 0x70, 0x0, 0x0, 0x3, 0x80, 0x0,
    0x0, 0x1c, 0x0, 0x0, 0x1, 0xc0, 0x0, 0x0,
    0xe, 0x0, 0x0, 0x0, 0x70, 0x0, 0x0, 0x3,
    0x80, 0x0, 0x0, 0x1c, 0x0, 0x0, 0x0, 0xe0,
    0x0, 0x0, 0x7, 0x80, 0x0, 0x0, 0x1c, 0x0,
    0x0, 0x0, 0xf0, 0x0, 0x0, 0x3, 0xc0, 0x0,
    0x0, 0xf, 0x80, 0x0, 0x0, 0x3f, 0x80, 0x0,
    0x0, 0xff, 0xc0, 0x0, 0x1, 0xfe, 0x0, 0x0,
    0x1, 0xf0,

    /* U+306E "の" */
    0x0, 0x1f, 0xf8, 0x0, 0x3, 0xff, 0xf8, 0x0,
    0x1f, 0x38, 0xf8, 0x1, 0xf0, 0xe0, 0xf0, 0xf,
    0x3, 0x80, 0xe0, 0x78, 0xe, 0x1, 0xc3, 0xc0,
    0x38, 0x7, 0xe, 0x1, 0xc0, 0xe, 0x70, 0x7,
    0x0, 0x39, 0xc0, 0x1c, 0x0, 0x7f, 0x0, 0x70,
    0x1, 0xf8, 0x3, 0x80, 0x7, 0xe0, 0xe, 0x0,
    0x1f, 0x80, 0x38, 0x0, 0x7e, 0x1, 0xc0, 0x1,
    0xf8, 0x7, 0x0, 0xf, 0xe0, 0x3c, 0x0, 0x3b,
    0xc0, 0xe0, 0x0, 0xe7, 0x7, 0x0, 0x7, 0x9e,
    0x3c, 0x0, 0x3c, 0x3f, 0xe0, 0x1, 0xe0, 0x7f,
    0x0, 0x1f, 0x0, 0xf8, 0x3, 0xf8, 0x0, 0x0,
    0x7f, 0xc0, 0x0, 0x0, 0xf8, 0x0, 0x0, 0x2,
    0x0, 0x0,

    /* U+3089 "ら" */
    0x7, 0x0, 0x0, 0x7, 0xf8, 0x0, 0x7, 0xff,
    0xe0, 0x0, 0x7f, 0xe0, 0x0, 0x3, 0xe0, 0x0,
    0x0, 0x0, 0x38, 0x0, 0x0, 0x70, 0x0, 0x0,
    0x70, 0x0, 0x0, 0x70, 0x0, 0x0, 0x70, 0x0,
    0x0, 0x70, 0x0, 0x0, 0x70, 0x3f, 0xc0, 0x61,
    0xff, 0xf8, 0x67, 0xe0, 0x3c, 0x6f, 0x0, 0x1e,
    0xfc, 0x0, 0xe, 0xf8, 0x0, 0x7, 0xf0, 0x0,
    0x7, 0xe0, 0x0, 0x7, 0x20, 0x0, 0x7, 0x0,
    0x0, 0xf, 0x0, 0x0, 0xe, 0x0, 0x0, 0x1e,
    0x0, 0x0, 0x7c, 0x0, 0x3, 0xf8, 0xf, 0xff,
    0xf0, 0x7, 0xff, 0xc0, 0x7, 0xfc, 0x0,

    /* U+308B "る" */
    0x0, 0x0, 0x0, 0x0, 0x7f, 0xff, 0xe0, 0x7,
    0xff, 0xff, 0x0, 0x0, 0x3, 0xc0, 0x0, 0x0,
    0x78, 0x0, 0x0, 0x1f, 0x0, 0x0, 0x3, 0xc0,
    0x0, 0x0, 0x78, 0x0, 0x0, 0xf, 0x0, 0x0,
    0x1, 0xe0, 0x0, 0x0, 0x3c, 0x0, 0x0, 0xf,
    0x7f, 0x80, 0x1, 0xff, 0xff, 0x0, 0x3f, 0x0,
    0xf8, 0x7, 0xc0, 0x3, 0xc0, 0xf0, 0x0, 0x1e,
    0x3e, 0x0, 0x0, 0xf7, 0x80, 0x0, 0x7, 0x70,
    0x0, 0x0, 0x72, 0x3, 0xf0, 0x7, 0x0, 0xff,
    0x80, 0x70, 0x1e, 0x1c, 0x7, 0x1, 0xc0, 0xe0,
    0xe0, 0x1c, 0xf, 0x1e, 0x1, 0xc0, 0x73, 0xc0,
    0xf, 0x7, 0xf8, 0x0, 0x7f, 0xfe, 0x0, 0x1,
    0xff, 0x0,

    /* U+3092 "を" */
    0x0, 0x38, 0x0, 0x0, 0x1, 0xc0, 0x0, 0x0,
    0xe, 0x0, 0x0, 0x0, 0x60, 0x3c, 0x7, 0xff,
    0xff, 0xe0, 0x3f, 0xff, 0xfe, 0x0, 0x3, 0x80,
    0x0, 0x0, 0x1c, 0x0, 0x0, 0x1, 0xc0, 0x0,
    0x0, 0xe, 0x0, 0x0, 0x0, 0xe0, 0x0, 0xc,
    0xe, 0x7c, 0x1, 0xe0, 0x7f, 0xf8, 0x7f, 0x87,
    0xc1, 0xcf, 0xe0, 0x78, 0x7, 0xf8, 0x7, 0x80,
    0x3f, 0x0, 0x78, 0x7, 0xc0, 0x7, 0x80, 0xfe,
    0x0, 0x8, 0xf, 0x70, 0x0, 0x0, 0xf3, 0x80,
    0x0, 0xe, 0x1c, 0x0, 0x0, 0xf0, 0xe0, 0x0,
    0x7, 0x7, 0x0, 0x0, 0x38, 0x0, 0x0, 0x1,
    0xc0, 0x0, 0x0, 0xe, 0x0, 0x0, 0x0, 0x3c,
    0x0, 0x30, 0x0, 0xff, 0xff, 0x80, 0x1, 0xff,
    0xfc, 0x0,

    /* U+30A1 "ァ" */
    0xff, 0xff, 0xff, 0x7f, 0xff, 0xff, 0xc0, 0x0,
    0x1, 0xc0, 0x0, 0x1, 0xc0, 0x3, 0x81, 0xe0,
    0x1, 0xc1, 0xe0, 0x0, 0xe1, 0xe0, 0x0, 0x71,
    0xe0, 0x0, 0x39, 0xe0, 0x0, 0x1c, 0x60, 0x0,
    0xe, 0x0, 0x0, 0x6, 0x0, 0x0, 0x7, 0x0,
    0x0, 0x3, 0x80, 0x0, 0x3, 0xc0, 0x0, 0x1,
    0xc0, 0x0, 0x1, 0xe0, 0x0, 0x1, 0xe0, 0x0,
    0x3, 0xe0, 0x0, 0x3, 0xe0, 0x0, 0x3, 0xe0,
    0x0, 0x0, 0x40, 0x0, 0x0,

    /* U+30A2 "ア" */
    0xff, 0xff, 0xff, 0xfb, 0xff, 0xff, 0xff, 0xff,
    0xff, 0xff, 0xff, 0x80, 0x0, 0x0, 0x1c, 0x0,
    0x0, 0x0, 0xf0, 0x0, 0x0, 0x7, 0x80, 0x0,
    0xe0, 0x1c, 0x0, 0x3, 0x80, 0xe0, 0x0, 0xe,
    0x7, 0x0, 0x0, 0x38, 0x78, 0x0, 0x0, 0xe3,
    0xe0, 0x0, 0x3, 0x8e, 0x0, 0x0, 0xe, 0x10,
    0x0, 0x0, 0x38, 0x0, 0x0, 0x0, 0xe0, 0x0,
    0x0, 0x7, 0x80, 0x0, 0x0, 0x1c, 0x0, 0x0,
    0x0, 0x70, 0x0, 0x0, 0x3, 0xc0, 0x0, 0x0,
    0xe, 0x0, 0x0, 0x0, 0x78, 0x0, 0x0, 0x3,
    0xc0, 0x0, 0x0, 0x1f, 0x0, 0x0, 0x0, 0xf8,
    0x0, 0x0, 0xf, 0xc0, 0x0, 0x0, 0x7c, 0x0,
    0x0, 0x0, 0xe0, 0x0, 0x0, 0x0,

    /* U+30A4 "イ" */
    0x0, 0x0, 0x0, 0x40, 0x0, 0x0, 0xe, 0x0,
    0x0, 0x1, 0xe0, 0x0, 0x0, 0x3c, 0x0, 0x0,
    0x7, 0x80, 0x0, 0x1, 0xf0, 0x0, 0x0, 0x3e,
    0x0, 0x0, 0x7, 0xc0, 0x0, 0x1, 0xf0, 0x0,
    0x0, 0x7e, 0x0, 0x0, 0xf, 0xc0, 0x0, 0x3,
    0xfc, 0x0, 0x1, 0xfd, 0xc0, 0x0, 0x7f, 0x1c,
    0x0, 0x3f, 0xc1, 0xc0, 0xf, 0xf0, 0x1c, 0x0,
    0x78, 0x1, 0xc0, 0x4, 0x0, 0x1c, 0x0, 0x0,
    0x1, 0xc0, 0x0, 0x0, 0x1c, 0x0, 0x0, 0x1,
    0xc0, 0x0, 0x0, 0x1c, 0x0, 0x0, 0x1, 0xc0,
    0x0, 0x0, 0x1c, 0x0, 0x0, 0x1, 0xc0, 0x0,
    0x0, 0x1c, 0x0, 0x0, 0x1, 0xc0, 0x0, 0x0,
    0x1c, 0x0, 0x0, 0x1, 0xc0, 0x0,

    /* U+30A6 "ウ" */
    0x0, 0x1c, 0x0, 0x0, 0x7, 0x0, 0x0, 0x1,
    0xc0, 0x0, 0x0, 0x70, 0x0, 0x0, 0x1c, 0x0,
    0x0, 0x7, 0x0, 0xf, 0xff, 0xff, 0xff, 0xff,
    0xff, 0xff, 0xe0, 0x0, 0x1, 0xf8, 0x0, 0x0,
    0x7e, 0x0, 0x0, 0x3f, 0x80, 0x0, 0xe, 0xe0,
    0x0, 0x3, 0xb8, 0x0, 0x0, 0xee, 0x0, 0x0,
    0x7b, 0x80, 0x0, 0x1c, 0xe0, 0x0, 0x7, 0x0,
    0x0, 0x3, 0xc0, 0x0, 0x1, 0xe0, 0x0, 0x0,
    0x78, 0x0, 0x0, 0x3c, 0x0, 0x0, 0x1e, 0x0,
    0x0, 0xf, 0x0, 0x0, 0x7, 0xc0, 0x0, 0x7,
    0xc0, 0x0, 0x7, 0xe0, 0x0, 0xf, 0xf0, 0x0,
    0x7, 0xf0, 0x0, 0x1, 0xf0, 0x0, 0x0, 0x20,
    0x0, 0x0,

    /* U+30A7 "ェ" */
    0x3f, 0xff, 0xff, 0x1f, 0xff, 0xff, 0x8f, 0xff,
    0xff, 0xc0, 0x3, 0x80, 0x0, 0x1, 0xc0, 0x0,
    0x0, 0xe0, 0x0, 0x0, 0x70, 0x0, 0x0, 0x38,
    0x0, 0x0, 0x1c, 0x0, 0x0, 0xe, 0x0, 0x0,
    0x7, 0x0, 0x0, 0x3, 0x80, 0x0, 0x1, 0xc0,
    0x0, 0x0, 0xe0, 0x0, 0x0, 0x70, 0x0, 0x0,
    0x38, 0x0, 0x0, 0x1c, 0x0, 0x7f, 0xff, 0xff,
    0xff, 0xff, 0xff, 0xe0,

    /* U+30A9 "ォ" */
    0x0, 0x1, 0xc0, 0x0, 0x0, 0xe0, 0x0, 0x0,
    0x70, 0x0, 0x0, 0x38, 0x0, 0x0, 0x1c, 0x3,
    0xff, 0xff, 0xfd, 0xff, 0xff, 0xfe, 0xff, 0xff,
    0xff, 0x0, 0x7, 0xc0, 0x0, 0x3, 0xe0, 0x0,
    0x3, 0xf0, 0x0, 0x3, 0xf8, 0x0, 0x3, 0xdc,
    0x0, 0x3, 0xce, 0x0, 0x3, 0xc7, 0x0, 0x3,
    0xc3, 0x80, 0x3, 0xc1, 0xc0, 0x7, 0xc0, 0xe0,
    0x7, 0xc0, 0x70, 0xf, 0xc0, 0x38, 0x7, 0xc0,
    0x1c, 0x1, 0x80, 0xe, 0x0, 0x0, 0x7, 0x0,
    0x0, 0x7f, 0x80, 0x0, 0x3f, 0x80, 0x0,

    /* U+30AA "オ" */
    0x0, 0x0, 0x38, 0x0, 0x0, 0x0, 0xe0, 0x0,
    0x0, 0x3, 0x80, 0x0, 0x0, 0xe, 0x0, 0x0,
    0x0, 0x38, 0x0, 0x0, 0x0, 0xe0, 0x0, 0x0,
    0x3, 0x80, 0x1f, 0xff, 0xff, 0xff, 0x7f, 0xff,
    0xff, 0xfd, 0xff, 0xff, 0xff, 0xf0, 0x0, 0xf,
    0x80, 0x0, 0x0, 0x7e, 0x0, 0x0, 0x1, 0xf8,
    0x0, 0x0, 0xf, 0xe0, 0x0, 0x0, 0x7b, 0x80,
    0x0, 0x3, 0xce, 0x0, 0x0, 0x1e, 0x38, 0x0,
    0x0, 0xf8, 0xe0, 0x0, 0x7, 0x83, 0x80, 0x0,
    0x3c, 0xe, 0x0, 0x3, 0xe0, 0x38, 0x0, 0x1f,
    0x0, 0xe0, 0x1, 0xf8, 0x3, 0x80, 0xf, 0xc0,
    0xe, 0x0, 0xfc, 0x0, 0x38, 0x1, 0xe0, 0x0,
    0xe0, 0x2, 0x0, 0x3, 0x80, 0x0, 0x0, 0xe,
    0x0, 0x0, 0xf, 0xf8, 0x0, 0x0, 0x3f, 0xc0,
    0x0,

    /* U+30AD "キ" */
    0x0, 0x38, 0x0, 0x0, 0x3, 0x80, 0x0, 0x0,
    0x38, 0x0, 0x0, 0x3, 0x80, 0x0, 0x0, 0x38,
    0x3, 0x80, 0x1, 0xcf, 0xf8, 0x0, 0x3f, 0xff,
    0x81, 0xff, 0xff, 0x80, 0xff, 0xfe, 0x0, 0xf,
    0xf9, 0xc0, 0x0, 0xe0, 0xe, 0x0, 0x0, 0x0,
    0xe0, 0x0, 0x0, 0xe, 0x0, 0x0, 0x0, 0xe0,
    0x0, 0x0, 0xe, 0x1, 0xf0, 0x0, 0x73, 0xff,
    0x0, 0xf, 0xff, 0xf0, 0x3f, 0xff, 0xe0, 0xff,
    0xff, 0x0, 0xf, 0xfc, 0x70, 0x0, 0xf0, 0x3,
    0x80, 0x0, 0x0, 0x38, 0x0, 0x0, 0x3, 0x80,
    0x0, 0x0, 0x38, 0x0, 0x0, 0x3, 0x80, 0x0,
    0x0, 0x1c, 0x0, 0x0, 0x1, 0xc0, 0x0, 0x0,
    0x1c, 0x0, 0x0, 0x1, 0xc0, 0x0, 0x0, 0x10,
    0x0,

    /* U+30AF "ク" */
    0x0, 0xe, 0x0, 0x0, 0x3, 0xc0, 0x0, 0x0,
    0x70, 0x0, 0x0, 0x1e, 0x0, 0x0, 0x3, 0x80,
    0x0, 0x0, 0xff, 0xff, 0x80, 0x3f, 0xff, 0xf8,
    0xf, 0x0, 0xf, 0x3, 0xc0, 0x1, 0xc0, 0x70,
    0x0, 0x38, 0x3c, 0x0, 0xf, 0xf, 0x80, 0x1,
    0xc3, 0xe0, 0x0, 0x79, 0xf0, 0x0, 0xe, 0x3c,
    0x0, 0x3, 0xc1, 0x0, 0x0, 0x70, 0x0, 0x0,
    0x1e, 0x0, 0x0, 0x7, 0x80, 0x0, 0x1, 0xe0,
    0x0, 0x0, 0x7c, 0x0, 0x0, 0x1f, 0x0, 0x0,
    0x7, 0xc0, 0x0, 0x1, 0xf0, 0x0, 0x0, 0x7c,
    0x0, 0x0, 0x3e, 0x0, 0x0, 0x1f, 0x80, 0x0,
    0xf, 0xe0, 0x0, 0xf, 0xf0, 0x0, 0x0, 0x78,
    0x0, 0x0, 0x0, 0x0, 0x0, 0x0,

    /* U+30B0 "グ" */
    0x0, 0x0, 0x0, 0xc, 0x0, 0x0, 0x0, 0x67,
    0x0, 0x3, 0x80, 0x39, 0x80, 0x1, 0xc0, 0xc,
    0x60, 0x1, 0xe0, 0x7, 0x30, 0x0, 0xe0, 0x1,
    0x80, 0x0, 0xf0, 0x0, 0x80, 0x0, 0xff, 0xff,
    0xc0, 0x0, 0x7f, 0xff, 0xf0, 0x0, 0x78, 0x0,
    0x70, 0x0, 0x78, 0x0, 0x78, 0x0, 0x78, 0x0,
    0x3c, 0x0, 0x78, 0x0, 0x1c, 0x0, 0x78, 0x0,
    0x1e, 0x0, 0xf8, 0x0, 0xe, 0x0, 0xf8, 0x0,
    0xf, 0x0, 0x78, 0x0, 0x7, 0x0, 0x10, 0x0,
    0x7, 0x80, 0x0, 0x0, 0x7, 0x80, 0x0, 0x0,
    0x3, 0xc0, 0x0, 0x0, 0x3, 0xc0, 0x0, 0x0,
    0x3, 0xc0, 0x0, 0x0, 0x3, 0xc0, 0x0, 0x0,
    0x3, 0xc0, 0x0, 0x0, 0x3, 0xc0, 0x0, 0x0,
    0x7, 0xc0, 0x0, 0x0, 0xf, 0xc0, 0x0, 0x0,
    0xf, 0xc0, 0x0, 0x0, 0x3f, 0x80, 0x0, 0x0,
    0x7f, 0x0, 0x0, 0x0, 0x1e, 0x0, 0x0, 0x0,
    0x4, 0x0, 0x0, 0x0,

    /* U+30B3 "コ" */
    0x7f, 0xff, 0xff, 0x9f, 0xff, 0xff, 0xe7, 0xff,
    0xff, 0xf8, 0x0, 0x0, 0xe, 0x0, 0x0, 0x3,
    0x80, 0x0, 0x0, 0xe0, 0x0, 0x0, 0x38, 0x0,
    0x0, 0xe, 0x0, 0x0, 0x3, 0x80, 0x0, 0x0,
    0xe0, 0x0, 0x0, 0x38, 0x0, 0x0, 0xe, 0x0,
    0x0, 0x3, 0x80, 0x0, 0x0, 0xe0, 0x0, 0x0,
    0x38, 0x0, 0x0, 0xe, 0x0, 0x0, 0x3, 0x80,
    0x0, 0x0, 0xe0, 0x0, 0x0, 0x38, 0x0, 0x0,
    0xe, 0xff, 0xff, 0xff, 0xbf, 0xff, 0xff, 0xef,
    0xff, 0xff, 0xf8, 0x0, 0x0, 0xe, 0x0, 0x0,
    0x3, 0x80,

    /* U+30B5 "サ" */
    0x1, 0xc0, 0xe, 0x0, 0x7, 0x0, 0x38, 0x0,
    0x1c, 0x0, 0xe0, 0x0, 0x70, 0x3, 0x80, 0x1,
    0xc0, 0xe, 0x0, 0x7, 0x0, 0x38, 0x0, 0x1c,
    0x0, 0xe0, 0x3f, 0xff, 0xff, 0xff, 0xff, 0xff,
    0xff, 0xff, 0xff, 0xff, 0xff, 0xf0, 0x1c, 0x0,
    0xe0, 0x0, 0x70, 0x3, 0x80, 0x1, 0xc0, 0xe,
    0x0, 0x7, 0x0, 0x38, 0x0, 0x1c, 0x0, 0xe0,
    0x0, 0x70, 0x3, 0x80, 0x1, 0xc0, 0xe, 0x0,
    0x7, 0x0, 0x78, 0x0, 0x1c, 0x1, 0xc0, 0x0,
    0x0, 0x7, 0x0, 0x0, 0x0, 0x3c, 0x0, 0x0,
    0x0, 0xe0, 0x0, 0x0, 0x7, 0x80, 0x0, 0x0,
    0x3c, 0x0, 0x0, 0x1, 0xf0, 0x0, 0x0, 0xf,
    0x80, 0x0, 0x0, 0xfc, 0x0, 0x0, 0x7, 0xc0,
    0x0, 0x0, 0xc, 0x0, 0x0,

    /* U+30B7 "シ" */
    0x0, 0x0, 0x0, 0x0, 0x1c, 0x0, 0x0, 0x1,
    0xf0, 0x0, 0x0, 0x7, 0xe0, 0x0, 0x0, 0xf,
    0x80, 0x0, 0x0, 0x3f, 0x0, 0x0, 0x0, 0x70,
    0x0, 0x0, 0x1, 0x0, 0x0, 0x40, 0x0, 0x0,
    0x3, 0x0, 0x0, 0x0, 0xbe, 0x0, 0x0, 0xc,
    0xfc, 0x0, 0x0, 0xf1, 0xf0, 0x0, 0x7, 0x7,
    0xc0, 0x0, 0x78, 0xe, 0x0, 0x7, 0x80, 0x20,
    0x0, 0x78, 0x0, 0x0, 0x7, 0x80, 0x0, 0x0,
    0x78, 0x0, 0x0, 0xf, 0x80, 0x0, 0x0, 0xf8,
    0x0, 0x0, 0xf, 0x80, 0x0, 0x1, 0xf8, 0x0,
    0x0, 0x3f, 0x0, 0x0, 0x7, 0xf0, 0x0, 0x0,
    0xfe, 0x0, 0x0, 0x7f, 0xc0, 0x0, 0xf, 0xf8,
    0x0, 0x0, 0x7e, 0x0, 0x0, 0x1, 0x80, 0x0,
    0x0, 0x0,

    /* U+30B8 "ジ" */
    0x0, 0x0, 0x0, 0x10, 0x0, 0x0, 0x0, 0x60,
    0x6, 0x0, 0x8, 0xe0, 0x1e, 0x0, 0x38, 0xe0,
    0x1f, 0x0, 0x30, 0xc0, 0x1f, 0x80, 0x71, 0xc0,
    0xf, 0x80, 0x71, 0x0, 0xf, 0x0, 0xe0, 0x0,
    0x4, 0x0, 0x0, 0x0, 0x0, 0x0, 0x1, 0x80,
    0x0, 0x0, 0x43, 0xc0, 0x0, 0x0, 0xc7, 0xe0,
    0x0, 0x3, 0x83, 0xe0, 0x0, 0xf, 0x3, 0xf0,
    0x0, 0x3c, 0x1, 0xc0, 0x0, 0x78, 0x1, 0x80,
    0x1, 0xe0, 0x0, 0x0, 0x7, 0x80, 0x0, 0x0,
    0x1e, 0x0, 0x0, 0x0, 0xf8, 0x0, 0x0, 0x3,
    0xe0, 0x0, 0x0, 0xf, 0x80, 0x0, 0x0, 0x7e,
    0x0, 0x0, 0x3, 0xf0, 0x0, 0x0, 0x1f, 0xc0,
    0x0, 0x0, 0xfe, 0x0, 0x0, 0xf, 0xf0, 0x0,
    0x1, 0xff, 0x80, 0x0, 0x1, 0xfc, 0x0, 0x0,
    0x3, 0xc0, 0x0, 0x0, 0x0,

    /* U+30B9 "ス" */
    0x1f, 0xff, 0xff, 0x1, 0xff, 0xff, 0xf8, 0x1f,
    0xff, 0xff, 0x0, 0x0, 0x0, 0xf0, 0x0, 0x0,
    0xe, 0x0, 0x0, 0x1, 0xe0, 0x0, 0x0, 0x1c,
    0x0, 0x0, 0x3, 0xc0, 0x0, 0x0, 0x38, 0x0,
    0x0, 0x7, 0x80, 0x0, 0x0, 0xf0, 0x0, 0x0,
    0xe, 0x0, 0x0, 0x1, 0xe0, 0x0, 0x0, 0x3c,
    0x0, 0x0, 0x7, 0xe0, 0x0, 0x0, 0xff, 0x0,
    0x0, 0x1e, 0x78, 0x0, 0x3, 0xc3, 0xc0, 0x0,
    0xf8, 0x1e, 0x0, 0x1f, 0x0, 0xf0, 0x3, 0xe0,
    0x7, 0x80, 0xf8, 0x0, 0x3c, 0x3f, 0x0, 0x1,
    0xef, 0xe0, 0x0, 0xf, 0xf8, 0x0, 0x0, 0xf6,
    0x0, 0x0, 0x6,

    /* U+30BD "ソ" */
    0x10, 0x0, 0x1, 0xee, 0x0, 0x0, 0x39, 0xe0,
    0x0, 0x7, 0x1c, 0x0, 0x0, 0xe3, 0xc0, 0x0,
    0x3c, 0x3c, 0x0, 0x7, 0x3, 0x80, 0x0, 0xe0,
    0x78, 0x0, 0x3c, 0x7, 0x0, 0x7, 0x0, 0xf0,
    0x0, 0xe0, 0xe, 0x0, 0x3c, 0x1, 0x0, 0x7,
    0x0, 0x0, 0x1, 0xe0, 0x0, 0x0, 0x38, 0x0,
    0x0, 0xf, 0x0, 0x0, 0x3, 0xc0, 0x0, 0x0,
    0x78, 0x0, 0x0, 0x1e, 0x0, 0x0, 0x7, 0x80,
    0x0, 0x1, 0xe0, 0x0, 0x0, 0x78, 0x0, 0x0,
    0x3e, 0x0, 0x0, 0xf, 0x80, 0x0, 0x7, 0xe0,
    0x0, 0x3, 0xf8, 0x0, 0x0, 0x7c, 0x0, 0x0,
    0x2, 0x0, 0x0, 0x0,

    /* U+30C1 "チ" */
    0x0, 0x0, 0x7, 0x80, 0x0, 0x1, 0xff, 0x1,
    0xff, 0xff, 0xf0, 0x7, 0xff, 0xf0, 0x0, 0x0,
    0x3, 0x80, 0x0, 0x0, 0xe, 0x0, 0x0, 0x0,
    0x38, 0x0, 0x0, 0x0, 0xe0, 0x0, 0x0, 0x3,
    0x80, 0x0, 0x0, 0xe, 0x0, 0x0, 0x0, 0x38,
    0x0, 0x3f, 0xff, 0xff, 0xff, 0xff, 0xff, 0xff,
    0xff, 0xff, 0xff, 0xff, 0xf0, 0x0, 0x38, 0x0,
    0x0, 0x0, 0xe0, 0x0, 0x0, 0x3, 0x80, 0x0,
    0x0, 0x1c, 0x0, 0x0, 0x0, 0x70, 0x0, 0x0,
    0x1, 0xc0, 0x0, 0x0, 0xe, 0x0, 0x0, 0x0,
    0x78, 0x0, 0x0, 0x1, 0xc0, 0x0, 0x0, 0xf,
    0x0, 0x0, 0x0, 0x78, 0x0, 0x0, 0x7, 0xc0,
    0x0, 0x0, 0x3e, 0x0, 0x0, 0x1, 0xf0, 0x0,
    0x0, 0x1, 0x80, 0x0, 0x0,

    /* U+30C3 "ッ" */
    0x0, 0x0, 0x0, 0x0, 0x70, 0x4, 0x20, 0x70,
    0x7, 0x70, 0x38, 0x7, 0x70, 0x38, 0x7, 0x70,
    0x38, 0xf, 0x38, 0x1c, 0xe, 0x38, 0x1c, 0xe,
    0x1c, 0x18, 0x1c, 0x1c, 0x0, 0x1c, 0x1c, 0x0,
    0x3c, 0x0, 0x0, 0x38, 0x0, 0x0, 0x78, 0x0,
    0x0, 0xf0, 0x0, 0x0, 0xe0, 0x0, 0x1, 0xc0,
    0x0, 0x3, 0xc0, 0x0, 0xf, 0x80, 0x0, 0x1f,
    0x0, 0x0, 0x7c, 0x0, 0x1, 0xf8, 0x0, 0x7,
    0xe0, 0x0, 0x3, 0xc0, 0x0, 0x1, 0x0, 0x0,

    /* U+30C7 "デ" */
    0x0, 0x0, 0x0, 0x0, 0x0, 0x0, 0x0, 0x1c,
    0x0, 0x0, 0x1, 0x8c, 0x0, 0x0, 0x0, 0xc6,
    0x0, 0x0, 0x0, 0xe6, 0xf, 0xff, 0xfe, 0x62,
    0xf, 0xff, 0xfe, 0x20, 0x0, 0x0, 0x0, 0x0,
    0x0, 0x0, 0x0, 0x0, 0x0, 0x0, 0x0, 0x0,
    0x0, 0x0, 0x0, 0x0, 0x0, 0x0, 0x0, 0x0,
    0x0, 0x0, 0x0, 0x0, 0x0, 0x0, 0x0, 0x0,
    0xff, 0xff, 0xff, 0xf8, 0xff, 0xff, 0xff, 0xf8,
    0x0, 0x3, 0x80, 0x0, 0x0, 0x3, 0x80, 0x0,
    0x0, 0x7, 0x0, 0x0, 0x0, 0x7, 0x0, 0x0,
    0x0, 0x7, 0x0, 0x0, 0x0, 0x7, 0x0, 0x0,
    0x0, 0x7, 0x0, 0x0, 0x0, 0xf, 0x0, 0x0,
    0x0, 0xe, 0x0, 0x0, 0x0, 0x1e, 0x0, 0x0,
    0x0, 0x3c, 0x0, 0x0, 0x0, 0x78, 0x0, 0x0,
    0x0, 0xf8, 0x0, 0x0, 0x1, 0xf0, 0x0, 0x0,
    0x7, 0xc0, 0x0, 0x0, 0x3, 0x80, 0x0, 0x0,

    /* U+30C8 "ト" */
    0xf0, 0x0, 0x1e, 0x0, 0x1, 0xc0, 0x0, 0x38,
    0x0, 0x7, 0x0, 0x0, 0xe0, 0x0, 0x1c, 0x0,
    0x3, 0x80, 0x0, 0x70, 0x0, 0xe, 0x0, 0x1,
    0xf0, 0x0, 0x3f, 0xc0, 0x7, 0xff, 0x0, 0xe7,
    0xfc, 0x1c, 0x3f, 0xe3, 0x80, 0xff, 0x70, 0x7,
    0xee, 0x0, 0x1d, 0xc0, 0x0, 0x38, 0x0, 0x7,
    0x0, 0x0, 0xe0, 0x0, 0x1c, 0x0, 0x3, 0x80,
    0x0, 0x70, 0x0, 0xe, 0x0, 0x1, 0xc0, 0x0,
    0x38, 0x0, 0xf, 0x0, 0x0,

    /* U+30C9 "ド" */
    0xf0, 0x0, 0xc7, 0x80, 0x23, 0x1c, 0x3, 0x1c,
    0xe0, 0x1c, 0x67, 0x0, 0x63, 0xb8, 0x1, 0x89,
    0xc0, 0xe, 0xe, 0x0, 0x20, 0x70, 0x0, 0x3,
    0x80, 0x0, 0x1f, 0x0, 0x0, 0xff, 0x0, 0x7,
    0xff, 0x0, 0x39, 0xff, 0x1, 0xc3, 0xfe, 0xe,
    0x3, 0xfc, 0x70, 0x7, 0xe3, 0x80, 0x7, 0x1c,
    0x0, 0x0, 0xe0, 0x0, 0x7, 0x0, 0x0, 0x38,
    0x0, 0x1, 0xc0, 0x0, 0xe, 0x0, 0x0, 0x70,
    0x0, 0x3, 0x80, 0x0, 0x1c, 0x0, 0x0, 0xe0,
    0x0, 0xf, 0x0, 0x0, 0x0,

    /* U+30D0 "バ" */
    0x0, 0x0, 0x0, 0xc, 0x0, 0x0, 0x0, 0x67,
    0x0, 0x0, 0x0, 0x39, 0x80, 0x0, 0x0, 0xc,
    0x60, 0x0, 0x0, 0x7, 0x30, 0x3, 0xc1, 0xe1,
    0x80, 0x1, 0xc0, 0x70, 0x80, 0x0, 0xe0, 0x3c,
    0x0, 0x0, 0x70, 0xe, 0x0, 0x0, 0x38, 0x7,
    0x80, 0x0, 0x38, 0x1, 0xc0, 0x0, 0x1c, 0x0,
    0xf0, 0x0, 0xe, 0x0, 0x38, 0x0, 0xf, 0x0,
    0x1e, 0x0, 0x7, 0x0, 0x7, 0x0, 0x3, 0x80,
    0x3, 0x80, 0x3, 0xc0, 0x1, 0xe0, 0x1, 0xc0,
    0x0, 0x70, 0x0, 0xe0, 0x0, 0x3c, 0x0, 0xf0,
    0x0, 0xe, 0x0, 0x70, 0x0, 0x7, 0x0, 0x78,
    0x0, 0x3, 0xc0, 0x38, 0x0, 0x0, 0xe0, 0x3c,
    0x0, 0x0, 0x70, 0x1c, 0x0, 0x0, 0x3c, 0x1e,
    0x0, 0x0, 0xe, 0x1e, 0x0, 0x0, 0x7, 0xf,
    0x0, 0x0, 0x3, 0xc3, 0x0, 0x0, 0x1, 0xc0,

    /* U+30D1 "パ" */
    0x0, 0x0, 0x0, 0x3c, 0x0, 0x0, 0x0, 0x66,
    0x0, 0x0, 0x0, 0xc3, 0x0, 0x0, 0x0, 0xc3,
    0x0, 0x0, 0x0, 0xc3, 0x0, 0x40, 0x18, 0xc3,
    0x0, 0x70, 0x3c, 0x66, 0x0, 0x70, 0x1c, 0x3c,
    0x0, 0xe0, 0x1e, 0x0, 0x0, 0xe0, 0xe, 0x0,
    0x0, 0xe0, 0xe, 0x0, 0x0, 0xe0, 0x7, 0x0,
    0x1, 0xc0, 0x7, 0x0, 0x1, 0xc0, 0x3, 0x80,
    0x1, 0xc0, 0x3, 0x80, 0x3, 0xc0, 0x3, 0xc0,
    0x3, 0x80, 0x1, 0xc0, 0x3, 0x80, 0x1, 0xc0,
    0x7, 0x80, 0x0, 0xe0, 0x7, 0x0, 0x0, 0xe0,
    0xf, 0x0, 0x0, 0xe0, 0xe, 0x0, 0x0, 0x70,
    0x1e, 0x0, 0x0, 0x70, 0x1c, 0x0, 0x0, 0x70,
    0x3c, 0x0, 0x0, 0x38, 0x38, 0x0, 0x0, 0x38,
    0x78, 0x0, 0x0, 0x38, 0xf0, 0x0, 0x0, 0x1c,
    0x60, 0x0, 0x0, 0x18,

    /* U+30D5 "フ" */
    0xff, 0xff, 0xff, 0xbf, 0xff, 0xff, 0xff, 0xff,
    0xff, 0xfc, 0x0, 0x0, 0xe, 0x0, 0x0, 0x3,
    0x80, 0x0, 0x0, 0xe0, 0x0, 0x0, 0x78, 0x0,
    0x0, 0x1c, 0x0, 0x0, 0x7, 0x0, 0x0, 0x3,
    0xc0, 0x0, 0x0, 0xe0, 0x0, 0x0, 0x78, 0x0,
    0x0, 0x1c, 0x0, 0x0, 0xf, 0x0, 0x0, 0x3,
    0x80, 0x0, 0x1, 0xe0, 0x0, 0x0, 0xf0, 0x0,
    0x0, 0x78, 0x0, 0x0, 0x3c, 0x0, 0x0, 0x3e,
    0x0, 0x0, 0x1f, 0x0, 0x0, 0x1f, 0x80, 0x0,
    0x3f, 0xc0, 0x0, 0x3f, 0xc0, 0x0, 0xf, 0xc0,
    0x0, 0x1, 0x80, 0x0, 0x0,

    /* U+30D7 "プ" */
    0x0, 0x0, 0x0, 0x78, 0x0, 0x0, 0x1, 0x98,
    0x0, 0x0, 0x6, 0x18, 0x0, 0x0, 0xc, 0x30,
    0x0, 0x0, 0x18, 0x7f, 0xff, 0xff, 0xf9, 0xff,
    0xff, 0xff, 0xff, 0x7f, 0xff, 0xff, 0xfc, 0x0,
    0x0, 0x3, 0x80, 0x0, 0x0, 0x7, 0x0, 0x0,
    0x0, 0xe, 0x0, 0x0, 0x0, 0x18, 0x0, 0x0,
    0x0, 0x70, 0x0, 0x0, 0x0, 0xe0, 0x0, 0x0,
    0x3, 0x80, 0x0, 0x0, 0x7, 0x0, 0x0, 0x0,
    0xe, 0x0, 0x0, 0x0, 0x38, 0x0, 0x0, 0x0,
    0xf0, 0x0, 0x0, 0x1, 0xc0, 0x0, 0x0, 0x7,
    0x80, 0x0, 0x0, 0x1e, 0x0, 0x0, 0x0, 0x78,
    0x0, 0x0, 0x1, 0xe0, 0x0, 0x0, 0xf, 0x80,
    0x0, 0x0, 0x3e, 0x0, 0x0, 0x1, 0xf8, 0x0,
    0x0, 0x1f, 0xc0, 0x0, 0x1, 0xff, 0x0, 0x0,
    0x1, 0xf8, 0x0, 0x0, 0x1, 0x80, 0x0, 0x0,
    0x0,

    /* U+30DD "ポ" */
    0x0, 0x0, 0x0, 0x78, 0x0, 0x0, 0x1, 0x98,
    0x0, 0xe, 0x6, 0x18, 0x0, 0x1c, 0xc, 0x30,
    0x0, 0x38, 0x1c, 0xe0, 0x0, 0x70, 0x1f, 0x80,
    0x0, 0xe0, 0x1e, 0x0, 0x1, 0xc0, 0x0, 0x7f,
    0xff, 0xff, 0xf8, 0xff, 0xff, 0xff, 0xf1, 0xff,
    0xff, 0xff, 0xe0, 0x0, 0x1c, 0x0, 0x0, 0x0,
    0x38, 0x0, 0x0, 0x0, 0x70, 0x0, 0x0, 0x0,
    0xe0, 0x0, 0x0, 0x1, 0xc0, 0x0, 0x3, 0x83,
    0x83, 0x80, 0x7, 0x7, 0x7, 0x80, 0x1c, 0xe,
    0x7, 0x0, 0x78, 0x1c, 0x7, 0x0, 0xe0, 0x38,
    0xf, 0x3, 0x80, 0x70, 0xe, 0xf, 0x0, 0xe0,
    0xe, 0x3c, 0x1, 0xc0, 0x1c, 0xf0, 0x3, 0x80,
    0x1d, 0xc0, 0x7, 0x0, 0x38, 0x80, 0xe, 0x0,
    0x0, 0x0, 0x1c, 0x0, 0x0, 0x0, 0x38, 0x0,
    0x0, 0xf, 0xf0, 0x0, 0x0, 0x1f, 0xc0, 0x0,
    0x0,

    /* U+30DE "マ" */
    0xff, 0xff, 0xff, 0xf7, 0xff, 0xff, 0xff, 0xff,
    0xff, 0xff, 0xfe, 0x0, 0x0, 0x1, 0xe0, 0x0,
    0x0, 0xe, 0x0, 0x0, 0x0, 0xf0, 0x0, 0x0,
    0xf, 0x0, 0x0, 0x0, 0xf0, 0x0, 0x0, 0x7,
    0x0, 0x0, 0x0, 0x78, 0x0, 0x80, 0x7, 0x80,
    0xf, 0x0, 0x78, 0x0, 0x7c, 0x7, 0x80, 0x0,
    0xf0, 0x78, 0x0, 0x3, 0xc7, 0x80, 0x0, 0xf,
    0xf8, 0x0, 0x0, 0x3f, 0x80, 0x0, 0x0, 0xf0,
    0x0, 0x0, 0x3, 0xe0, 0x0, 0x0, 0xf, 0x0,
    0x0, 0x0, 0x3c, 0x0, 0x0, 0x0, 0xf0, 0x0,
    0x0, 0x3, 0xc0, 0x0, 0x0, 0xf, 0x0, 0x0,
    0x0, 0x38, 0x0, 0x0, 0x1, 0x80, 0x0,

    /* U+30E0 "ム" */
    0x0, 0x8, 0x0, 0x0, 0x0, 0x1e, 0x0, 0x0,
    0x0, 0x38, 0x0, 0x0, 0x0, 0x70, 0x0, 0x0,
    0x1, 0xe0, 0x0, 0x0, 0x3, 0x80, 0x0, 0x0,
    0x7, 0x0, 0x0, 0x0, 0x1e, 0x0, 0x0, 0x0,
    0x38, 0x0, 0x0, 0x0, 0x70, 0x0, 0x0, 0x1,
    0xe0, 0x0, 0x0, 0x3, 0x80, 0x0, 0x0, 0x7,
    0x0, 0x0, 0x0, 0x1e, 0x0, 0x40, 0x0, 0x38,
    0x3, 0x80, 0x0, 0x70, 0x3, 0x80, 0x1, 0xe0,
    0x7, 0x80, 0x3, 0x80, 0x7, 0x0, 0x7, 0x0,
    0x7, 0x0, 0x1e, 0x0, 0xe, 0x0, 0x38, 0x0,
    0xe, 0x0, 0x70, 0x0, 0x1e, 0x1, 0xe0, 0x7,
    0xfc, 0x3, 0x9f, 0xff, 0xfc, 0xff, 0xff, 0xff,
    0xf9, 0xff, 0xff, 0x0, 0x7b, 0xfe, 0x0, 0x0,
    0xf0, 0x0, 0x0, 0x0, 0xe0, 0x0, 0x0, 0x1,
    0x80,

    /* U+30E7 "ョ" */
    0xff, 0xff, 0xff, 0xff, 0xfc, 0x0, 0x1, 0x80,
    0x0, 0x30, 0x0, 0x6, 0x0, 0x0, 0xc0, 0x0,
    0x18, 0x0, 0x3, 0x7f, 0xff, 0xef, 0xff, 0xfc,
    0x0, 0x1, 0x80, 0x0, 0x30, 0x0, 0x6, 0x0,
    0x0, 0xc0, 0x0, 0x18, 0x0, 0x3, 0x0, 0x0,
    0x7f, 0xff, 0xff, 0xff, 0xff, 0x80, 0x0, 0x30,

    /* U+30EB "ル" */
    0x1, 0xc0, 0x70, 0x0, 0x1, 0xc0, 0x70, 0x0,
    0x1, 0xc0, 0x70, 0x0, 0x1, 0xc0, 0x70, 0x0,
    0x1, 0xc0, 0x70, 0x0, 0x1, 0xc0, 0x70, 0x0,
    0x1, 0xc0, 0x70, 0x0, 0x1, 0xc0, 0x70, 0x0,
    0x1, 0xc0, 0x70, 0x0, 0x1, 0xc0, 0x70, 0x0,
    0x1, 0xc0, 0x70, 0x0, 0x1, 0xc0, 0x70, 0x0,
    0x1, 0xc0, 0x70, 0x0, 0x1, 0xc0, 0x70, 0x0,
    0x1, 0xc0, 0x70, 0x0, 0x1, 0xc0, 0x70, 0x2,
    0x3, 0xc0, 0x70, 0x7, 0x3, 0x80, 0x70, 0xf,
    0x3, 0x80, 0x70, 0x1e, 0x7, 0x80, 0x70, 0x3c,
    0x7, 0x0, 0x70, 0x78, 0xf, 0x0, 0x71, 0xf0,
    0x1e, 0x0, 0x73, 0xe0, 0x1e, 0x0, 0x7f, 0xc0,
    0x3c, 0x0, 0x7f, 0x0, 0x78, 0x0, 0x7e, 0x0,
    0xf0, 0x0, 0x78, 0x0, 0x20, 0x0, 0x20, 0x0,

    /* U+30EC "レ" */
    0xe0, 0x0, 0x0, 0xe0, 0x0, 0x0, 0xe0, 0x0,
    0x0, 0xe0, 0x0, 0x0, 0xe0, 0x0, 0x0, 0xe0,
    0x0, 0x0, 0xe0, 0x0, 0x0, 0xe0, 0x0, 0x0,
    0xe0, 0x0, 0x0, 0xe0, 0x0, 0x0, 0xe0, 0x0,
    0x0, 0xe0, 0x0, 0x0, 0xe0, 0x0, 0x2, 0xe0,
    0x0, 0x7, 0xe0, 0x0, 0xf, 0xe0, 0x0, 0x1e,
    0xe0, 0x0, 0x3c, 0xe0, 0x0, 0xf8, 0xe0, 0x1,
    0xf0, 0xe0, 0x7, 0xe0, 0xe0, 0xf, 0x80, 0xe0,
    0x3f, 0x0, 0xe1, 0xfc, 0x0, 0xef, 0xf0, 0x0,
    0xff, 0xc0, 0x0, 0xff, 0x0, 0x0, 0xf8, 0x0,
    0x0, 0x0, 0x0, 0x0,

    /* U+30ED "ロ" */
    0xff, 0xff, 0xff, 0xff, 0xff, 0xff, 0xff, 0xff,
    0xff, 0xff, 0x80, 0x0, 0x7, 0xe0, 0x0, 0x1,
    0xf8, 0x0, 0x0, 0x7e, 0x0, 0x0, 0x1f, 0x80,
    0x0, 0x7, 0xe0, 0x0, 0x1, 0xf8, 0x0, 0x0,
    0x7e, 0x0, 0x0, 0x1f, 0x80, 0x0, 0x7, 0xe0,
    0x0, 0x1, 0xf8, 0x0, 0x0, 0x7e, 0x0, 0x0,
    0x1f, 0x80, 0x0, 0x7, 0xe0, 0x0, 0x1, 0xf8,
    0x0, 0x0, 0x7e, 0x0, 0x0, 0x1f, 0x80, 0x0,
    0x7, 0xff, 0xff, 0xff, 0xff, 0xff, 0xff, 0xff,
    0xff, 0xff, 0xff, 0x80, 0x0, 0x7, 0xe0, 0x0,
    0x1, 0xc0,

    /* U+30EF "ワ" */
    0xff, 0xff, 0xff, 0xdf, 0xff, 0xff, 0xff, 0xff,
    0xff, 0xff, 0x70, 0x0, 0x0, 0xee, 0x0, 0x0,
    0x1d, 0xc0, 0x0, 0x3, 0xb8, 0x0, 0x0, 0xf7,
    0x0, 0x0, 0x1c, 0xe0, 0x0, 0x3, 0x9c, 0x0,
    0x0, 0x73, 0x80, 0x0, 0x1e, 0x70, 0x0, 0x3,
    0x8e, 0x0, 0x0, 0x70, 0x0, 0x0, 0x1e, 0x0,
    0x0, 0x3, 0x80, 0x0, 0x0, 0xf0, 0x0, 0x0,
    0x3c, 0x0, 0x0, 0x7, 0x0, 0x0, 0x1, 0xe0,
    0x0, 0x0, 0xf8, 0x0, 0x0, 0x3e, 0x0, 0x0,
    0xf, 0x80, 0x0, 0x7, 0xe0, 0x0, 0x7, 0xf0,
    0x0, 0x3, 0xfc, 0x0, 0x0, 0x3e, 0x0, 0x0,
    0x2, 0x0, 0x0, 0x0,

    /* U+30F3 "ン" */
    0x30, 0x0, 0x0, 0x7, 0xc0, 0x0, 0x0, 0x3e,
    0x0, 0x0, 0x1, 0xf0, 0x0, 0x0, 0x7, 0xc0,
    0x0, 0x0, 0x3e, 0x0, 0x2, 0x1, 0xf0, 0x0,
    0x20, 0xf, 0x0, 0x7, 0x0, 0x60, 0x0, 0x70,
    0x0, 0x0, 0xf, 0x0, 0x0, 0x1, 0xe0, 0x0,
    0x0, 0x3c, 0x0, 0x0, 0x7, 0x80, 0x0, 0x0,
    0x78, 0x0, 0x0, 0xf, 0x0, 0x0, 0x3, 0xe0,
    0x0, 0x0, 0x7c, 0x0, 0x0, 0xf, 0x80, 0x0,
    0x3, 0xf0, 0x0, 0x0, 0x7c, 0x0, 0x0, 0x1f,
    0x80, 0x0, 0xf, 0xf0, 0x0, 0x3, 0xfc, 0x0,
    0x3, 0xff, 0x0, 0x0, 0x7f, 0xc0, 0x0, 0x7,
    0xe0, 0x0, 0x0, 0x20, 0x0, 0x0, 0x0,

    /* U+30FC "ー" */
    0xff, 0xff, 0xff, 0xff, 0xff, 0xff, 0xff, 0xff,
    0xff, 0xff, 0xfe,

    /* U+5165 "入" */
    0x1, 0xff, 0xe0, 0x0, 0x0, 0xff, 0xf0, 0x0,
    0x0, 0x0, 0x38, 0x0, 0x0, 0x0, 0x1c, 0x0,
    0x0, 0x0, 0xe, 0x0, 0x0, 0x0, 0x7, 0x0,
    0x0, 0x0, 0x7, 0x80, 0x0, 0x0, 0x7, 0xc0,
    0x0, 0x0, 0x3, 0xe0, 0x0, 0x0, 0x1, 0xf0,
    0x0, 0x0, 0x0, 0xfc, 0x0, 0x0, 0x0, 0xee,
    0x0, 0x0, 0x0, 0x77, 0x0, 0x0, 0x0, 0x79,
    0xc0, 0x0, 0x0, 0x38, 0xe0, 0x0, 0x0, 0x1c,
    0x70, 0x0, 0x0, 0x1c, 0x1c, 0x0, 0x0, 0xe,
    0xf, 0x0, 0x0, 0xe, 0x3, 0x80, 0x0, 0xf,
    0x0, 0xe0, 0x0, 0x7, 0x0, 0x78, 0x0, 0x7,
    0x80, 0x1e, 0x0, 0x7, 0x80, 0x7, 0x0, 0x7,
    0x80, 0x3, 0xc0, 0x7, 0x80, 0x0, 0xf8, 0x7,
    0x80, 0x0, 0x3e, 0x7, 0x80, 0x0, 0xf, 0x8f,
    0x80, 0x0, 0x3, 0xf7, 0x80, 0x0, 0x0, 0x79,
    0x80, 0x0, 0x0, 0x18,

    /* U+518D "再" */
    0x7f, 0xff, 0xff, 0xff, 0x3f, 0xff, 0xff, 0xff,
    0x80, 0x0, 0x70, 0x0, 0x0, 0x0, 0x38, 0x0,
    0x0, 0x0, 0x1c, 0x0, 0x0, 0x0, 0xe, 0x0,
    0x0, 0x3f, 0xff, 0xff, 0xe0, 0x1f, 0xff, 0xff,
    0xf0, 0xe, 0x1, 0xc0, 0x38, 0x7, 0x0, 0xe0,
    0x1c, 0x3, 0x80, 0x70, 0xe, 0x1, 0xc0, 0x38,
    0x7, 0x0, 0xe0, 0x1c, 0x3, 0x80, 0x7f, 0xff,
    0xff, 0xc0, 0x3f, 0xff, 0xff, 0xe0, 0x1c, 0x3,
    0x80, 0x70, 0xe, 0x1, 0xc0, 0x38, 0x7, 0x0,
    0xe0, 0x1c, 0x3, 0x80, 0x70, 0xe, 0x1, 0xc0,
    0x38, 0x7, 0xf, 0xff, 0xff, 0xff, 0xff, 0xff,
    0xff, 0xff, 0xff, 0xff, 0xff, 0xff, 0xfe, 0x1c,
    0x0, 0x0, 0x70, 0xe, 0x0, 0x0, 0x38, 0x7,
    0x0, 0x0, 0x1c, 0x3, 0x80, 0x0, 0xe, 0x1,
    0xc0, 0x0, 0x7, 0x0, 0xe0, 0x0, 0x3, 0x80,
    0x70, 0x0, 0x7f, 0x80, 0x38, 0x0, 0x1f, 0x80,

    /* U+5236 "制" */
    0x0, 0x70, 0x0, 0x7, 0x1c, 0x70, 0x0, 0x7,
    0x1c, 0x70, 0x0, 0x7, 0x18, 0x70, 0x1, 0xc7,
    0x18, 0x70, 0x1, 0xc7, 0x3f, 0xff, 0xe1, 0xc7,
    0x3f, 0xff, 0xe1, 0xc7, 0x70, 0x70, 0x1, 0xc7,
    0x70, 0x70, 0x1, 0xc7, 0xe0, 0x70, 0x1, 0xc7,
    0x60, 0x70, 0x1, 0xc7, 0xff, 0xff, 0xf9, 0xc7,
    0xff, 0xff, 0xf9, 0xc7, 0xff, 0xff, 0xf9, 0xc7,
    0x0, 0x70, 0x1, 0xc7, 0x0, 0x70, 0x1, 0xc7,
    0x0, 0x70, 0x1, 0xc7, 0x3f, 0xff, 0xe1, 0xc7,
    0x3f, 0xff, 0xe1, 0xc7, 0x3f, 0xff, 0xe1, 0xc7,
    0x30, 0x70, 0x61, 0xc7, 0x30, 0x70, 0x61, 0xc7,
    0x30, 0x70, 0x61, 0xc7, 0x30, 0x70, 0x60, 0x7,
    0x30, 0x70, 0x60, 0x7, 0x30, 0x70, 0x60, 0x7,
    0x30, 0x70, 0x60, 0x7, 0x30, 0x70, 0x60, 0x7,
    0x30, 0x73, 0xe0, 0x7, 0x30, 0x73, 0xe0, 0x7,
    0x0, 0x70, 0x0, 0x7, 0x0, 0x70, 0x0, 0xff,
    0x0, 0x70, 0x0, 0x7e,

    /* U+524D "前" */
    0x1, 0x0, 0x0, 0x80, 0x3, 0x80, 0x1, 0xe0,
    0x1, 0xc0, 0x1, 0xc0, 0x1, 0xe0, 0x3, 0x80,
    0x0, 0xe0, 0x3, 0x80, 0x0, 0x60, 0x7, 0x0,
    0xff, 0xff, 0xff, 0xff, 0xff, 0xff, 0xff, 0xff,
    0x0, 0x0, 0x0, 0x0, 0x0, 0x0, 0x0, 0x0,
    0x0, 0x0, 0x0, 0x0, 0x3f, 0xfe, 0xc, 0x1c,
    0x3f, 0xfe, 0xc, 0x1c, 0x38, 0x6, 0xc, 0x1c,
    0x38, 0x6, 0xc, 0x1c, 0x38, 0x6, 0xc, 0x1c,
    0x38, 0x6, 0xc, 0x1c, 0x3f, 0xfe, 0xc, 0x1c,
    0x3f, 0xfe, 0xc, 0x1c, 0x38, 0x6, 0xc, 0x1c,
    0x38, 0x6, 0xc, 0x1c, 0x38, 0x6, 0xc, 0x1c,
    0x3f, 0xfe, 0xc, 0x1c, 0x3f, 0xfe, 0xc, 0x1c,
    0x3f, 0xfe, 0xc, 0x1c, 0x38, 0x6, 0xc, 0x1c,
    0x38, 0x6, 0x0, 0x1c, 0x38, 0x6, 0x0, 0x1c,
    0x38, 0x6, 0x0, 0x1c, 0x38, 0x6, 0x0, 0x1c,
    0x38, 0x6, 0x0, 0x1c, 0x38, 0xfe, 0x3, 0xf8,
    0x38, 0x7c, 0x3, 0xf8,

    /* U+529B "力" */
    0x0, 0x7, 0x0, 0x0, 0x0, 0xe, 0x0, 0x0,
    0x0, 0x1c, 0x0, 0x0, 0x0, 0x38, 0x0, 0x0,
    0x0, 0x70, 0x0, 0x0, 0x0, 0xe0, 0x0, 0x0,
    0x1, 0xc0, 0x0, 0x0, 0x3, 0x80, 0x0, 0x7f,
    0xff, 0xff, 0xfe, 0xff, 0xff, 0xff, 0xfd, 0xff,
    0xff, 0xff, 0xf8, 0x0, 0x38, 0x0, 0x70, 0x0,
    0x70, 0x0, 0xe0, 0x1, 0xe0, 0x1, 0x80, 0x3,
    0x80, 0x3, 0x0, 0x7, 0x0, 0x6, 0x0, 0xe,
    0x0, 0xc, 0x0, 0x1c, 0x0, 0x18, 0x0, 0x78,
    0x0, 0x30, 0x0, 0xe0, 0x0, 0x60, 0x3, 0xc0,
    0x1, 0xc0, 0x7, 0x0, 0x3, 0x80, 0x1e, 0x0,
    0x7, 0x0, 0x38, 0x0, 0xe, 0x0, 0xf0, 0x0,
    0x1c, 0x3, 0xc0, 0x0, 0x38, 0xf, 0x0, 0x0,
    0x60, 0x3c, 0x0, 0x0, 0xc0, 0xf8, 0x0, 0x3,
    0x83, 0xe0, 0x0, 0x7, 0x1f, 0x0, 0x0, 0x1c,
    0x7c, 0x0, 0x1f, 0xf8, 0x70, 0x0, 0x1f, 0xc0,

    /* U+52A0 "加" */
    0x3, 0x80, 0x0, 0x0, 0x3, 0x80, 0x0, 0x0,
    0x3, 0x80, 0x0, 0x0, 0x3, 0x80, 0x0, 0x0,
    0x3, 0x80, 0xf, 0xff, 0x3, 0x80, 0xf, 0xff,
    0x7f, 0xff, 0x8c, 0x3, 0x7f, 0xff, 0x8c, 0x3,
    0x3, 0x83, 0x8c, 0x3, 0x3, 0x83, 0x8c, 0x3,
    0x3, 0x83, 0x8c, 0x3, 0x3, 0x83, 0x8c, 0x3,
    0x3, 0x83, 0x8c, 0x3, 0x3, 0x83, 0x8c, 0x3,
    0x3, 0x83, 0x8c, 0x3, 0x3, 0x83, 0x8c, 0x3,
    0x7, 0x83, 0x8c, 0x3, 0x7, 0x3, 0x8c, 0x3,
    0x7, 0x3, 0x8c, 0x3, 0x7, 0x3, 0x8c, 0x3,
    0x7, 0x3, 0x8c, 0x3, 0xf, 0x3, 0x8c, 0x3,
    0xf, 0x3, 0x8c, 0x3, 0xe, 0x3, 0x8c, 0x3,
    0x1e, 0x3, 0x8c, 0x3, 0x1e, 0x3, 0xc, 0x3,
    0x3c, 0x3, 0xf, 0xff, 0x3c, 0x7, 0xf, 0xff,
    0x78, 0x7, 0xc, 0x3, 0xf8, 0x7, 0xc, 0x3,
    0x70, 0xff, 0xc, 0x0, 0x20, 0xfc, 0xc, 0x0,
    0x0, 0x0, 0x0, 0x0,

    /* U+53F7 "号" */
    0x7, 0xff, 0xff, 0xf0, 0x7, 0xff, 0xff, 0xf0,
    0x6, 0x0, 0x0, 0x70, 0x6, 0x0, 0x0, 0x70,
    0x6, 0x0, 0x0, 0x70, 0x6, 0x0, 0x0, 0x70,
    0x6, 0x0, 0x0, 0x70, 0x6, 0x0, 0x0, 0x70,
    0x6, 0x0, 0x0, 0x70, 0x7, 0xff, 0xff, 0xf0,
    0x7, 0xff, 0xff, 0xf0, 0x0, 0x0, 0x0, 0x0,
    0x0, 0x0, 0x0, 0x0, 0x0, 0x0, 0x0, 0x0,
    0xff, 0xff, 0xff, 0xff, 0xff, 0xff, 0xff, 0xff,
    0x0, 0xc0, 0x0, 0x0, 0x1, 0xc0, 0x0, 0x0,
    0x1, 0xc0, 0x0, 0x0, 0x1, 0x80, 0x0, 0x0,
    0x3, 0xff, 0xff, 0xf0, 0x3, 0xff, 0xff, 0xe0,
    0x7, 0x0, 0x0, 0xe0, 0x7, 0x0, 0x0, 0xe0,
    0x1, 0x0, 0x0, 0xe0, 0x0, 0x0, 0x0, 0xe0,
    0x0, 0x0, 0x0, 0xc0, 0x0, 0x0, 0x1, 0xc0,
    0x0, 0x0, 0x1, 0xc0, 0x0, 0x0, 0x3, 0x80,
    0x0, 0x1, 0xff, 0x80, 0x0, 0x1, 0xff, 0x0,

    /* U+540D "名" */
    0x0, 0x8, 0x0, 0x0, 0x0, 0x78, 0x0, 0x0,
    0x1, 0xc0, 0x0, 0x0, 0xe, 0x0, 0x0, 0x0,
    0x7f, 0xff, 0x80, 0x3, 0xff, 0xff, 0x0, 0x1e,
    0x0, 0x38, 0x0, 0xf0, 0x1, 0xe0, 0x7, 0x80,
    0x7, 0x0, 0x3f, 0x0, 0x38, 0x3, 0xfe, 0x1,
    0xe0, 0x1f, 0x3c, 0x7, 0x0, 0x70, 0x78, 0x38,
    0x0, 0x80, 0xf1, 0xc0, 0x0, 0x1, 0xee, 0x0,
    0x0, 0x3, 0xf8, 0x0, 0x0, 0x7, 0x80, 0x0,
    0x0, 0x3c, 0x0, 0x0, 0x3, 0xff, 0xff, 0xc0,
    0x1f, 0xff, 0xff, 0x1, 0xf8, 0x0, 0xc, 0x1f,
    0xe0, 0x0, 0x33, 0xf9, 0x80, 0x0, 0xff, 0x86,
    0x0, 0x3, 0x70, 0x18, 0x0, 0xc, 0x0, 0x60,
    0x0, 0x30, 0x1, 0x80, 0x0, 0xc0, 0x6, 0x0,
    0x3, 0x0, 0x18, 0x0, 0xc, 0x0, 0x7f, 0xff,
    0xf0, 0x1, 0xff, 0xff, 0xc0, 0x6, 0x0, 0x3,
    0x0, 0x18, 0x0, 0xc,

    /* U+5B50 "子" */
    0x1f, 0xff, 0xff, 0xf8, 0xf, 0xff, 0xff, 0xfc,
    0x0, 0x0, 0x0, 0x3c, 0x0, 0x0, 0x0, 0x7c,
    0x0, 0x0, 0x0, 0x7c, 0x0, 0x0, 0x0, 0x78,
    0x0, 0x0, 0x0, 0xf8, 0x0, 0x0, 0x3, 0xf0,
    0x0, 0x0, 0x1, 0xf0, 0x0, 0x0, 0x0, 0xe0,
    0x0, 0x0, 0x0, 0x70, 0x0, 0x0, 0x0, 0x38,
    0x0, 0x0, 0x0, 0x1c, 0x0, 0x7, 0xff, 0xff,
    0xff, 0xff, 0xff, 0xff, 0xff, 0xfe, 0x0, 0x3,
    0x80, 0x0, 0x0, 0x1, 0xc0, 0x0, 0x0, 0x0,
    0xe0, 0x0, 0x0, 0x0, 0x70, 0x0, 0x0, 0x0,
    0x38, 0x0, 0x0, 0x0, 0x1c, 0x0, 0x0, 0x0,
    0xe, 0x0, 0x0, 0x0, 0x7, 0x0, 0x0, 0x0,
    0x3, 0x80, 0x0, 0x0, 0x1, 0xc0, 0x0, 0x0,
    0x0, 0xe0, 0x0, 0x0, 0x0, 0x70, 0x0, 0x0,
    0x0, 0x38, 0x0, 0x0, 0xf, 0xfc, 0x0, 0x0,
    0x7, 0xfc, 0x0, 0x0,

    /* U+5B9A "定" */
    0x0, 0x0, 0xe0, 0x0, 0x0, 0x0, 0x70, 0x0,
    0x0, 0x0, 0x38, 0x0, 0x0, 0x0, 0x1c, 0x0,
    0x3, 0xff, 0xff, 0xff, 0xf1, 0xff, 0xff, 0xff,
    0xf8, 0xe0, 0x0, 0x0, 0x1c, 0x70, 0x0, 0x0,
    0xe, 0x38, 0x0, 0x0, 0x7, 0x1c, 0x0, 0x0,
    0x3, 0x8e, 0x0, 0x0, 0x1, 0xc0, 0x3f, 0xff,
    0xfe, 0x0, 0x1f, 0xff, 0xff, 0x0, 0x0, 0x7,
    0x0, 0x0, 0x0, 0x3, 0x80, 0x0, 0x0, 0x1,
    0xc0, 0x0, 0x0, 0x0, 0xe0, 0x0, 0x0, 0xe0,
    0x70, 0x0, 0x0, 0x70, 0x38, 0x0, 0x0, 0x38,
    0x1c, 0x0, 0x0, 0x1c, 0xf, 0xff, 0x80, 0x1c,
    0x7, 0xff, 0xc0, 0xf, 0x3, 0x80, 0x0, 0x7,
    0x81, 0xc0, 0x0, 0x3, 0xc0, 0xe0, 0x0, 0x3,
    0xf0, 0x70, 0x0, 0x1, 0xdc, 0x38, 0x0, 0x1,
    0xc7, 0x1c, 0x0, 0x0, 0xe3, 0xce, 0x0, 0x0,
    0xe0, 0xf7, 0x0, 0x0, 0xe0, 0x1f, 0x80, 0x0,
    0xf0, 0x3, 0xff, 0xff, 0x70, 0x0, 0x3f, 0xff,
    0x90, 0x0, 0x0, 0x0, 0x0,

    /* U+5E03 "布" */
    0x0, 0x0, 0x0, 0x0, 0x0, 0x3, 0x80, 0x0,
    0x0, 0x1, 0xc0, 0x0, 0x0, 0x1, 0xc0, 0x0,
    0x0, 0x0, 0xe0, 0x0, 0x0, 0x0, 0xe0, 0x0,
    0x1, 0xff, 0xff, 0xff, 0xfe, 0xff, 0xff, 0xff,
    0xff, 0x0, 0x38, 0x0, 0x0, 0x0, 0x3c, 0x0,
    0x0, 0x0, 0x1c, 0x1c, 0x0, 0x0, 0x1c, 0xe,
    0x0, 0x0, 0xe, 0x7, 0x0, 0x0, 0xe, 0x3,
    0x80, 0x0, 0xf, 0x1, 0xc0, 0x0, 0xf, 0xff,
    0xff, 0xfc, 0xf, 0xff, 0xff, 0xfe, 0xf, 0xe0,
    0x38, 0x7, 0xf, 0x70, 0x1c, 0x3, 0x8f, 0x38,
    0xe, 0x1, 0xcf, 0x1c, 0x7, 0x0, 0xe3, 0xe,
    0x3, 0x80, 0x70, 0x7, 0x1, 0xc0, 0x38, 0x3,
    0x80, 0xe0, 0x1c, 0x1, 0xc0, 0x70, 0xe, 0x0,
    0xe0, 0x38, 0x7, 0x0, 0x70, 0x1c, 0x3, 0x80,
    0x38, 0xe, 0x3f, 0xc0, 0x1c, 0x7, 0x1f, 0xc0,
    0x0, 0x3, 0x80, 0x0, 0x0, 0x1, 0xc0, 0x0,
    0x0, 0x0, 0xe0, 0x0, 0x0, 0x0, 0x70, 0x0,
    0x0,

    /* U+6240 "所" */
    0x0, 0x0, 0x0, 0x0, 0x0, 0x0, 0x0, 0x3,
    0xc7, 0xff, 0xf8, 0x7, 0xf9, 0xff, 0xfe, 0x9f,
    0xf0, 0x0, 0x0, 0x3f, 0xe0, 0x0, 0x0, 0xf,
    0x80, 0x0, 0x0, 0x3, 0x80, 0x0, 0x0, 0x0,
    0xe0, 0x0, 0x3f, 0xff, 0x38, 0x0, 0xf, 0xff,
    0xce, 0x0, 0x3, 0x80, 0x73, 0x80, 0x0, 0xe0,
    0x1c, 0xe0, 0x0, 0x38, 0x7, 0x3f, 0xff, 0xce,
    0x1, 0xcf, 0xff, 0xf3, 0x80, 0x73, 0xff, 0xfc,
    0xe0, 0x1c, 0xe0, 0x70, 0x38, 0x7, 0x38, 0x1c,
    0xf, 0xff, 0xce, 0x7, 0x3, 0xff, 0xf3, 0x81,
    0xc0, 0xe0, 0x0, 0xe0, 0x70, 0x38, 0x0, 0x70,
    0x1c, 0xe, 0x0, 0x1c, 0x7, 0x3, 0x80, 0x7,
    0x1, 0xc0, 0xe0, 0x1, 0xc0, 0x70, 0x38, 0x0,
    0xf0, 0x1c, 0xe, 0x0, 0x38, 0x7, 0x3, 0x0,
    0xe, 0x1, 0xc0, 0xc0, 0x7, 0x0, 0x70, 0x70,
    0x1, 0xc0, 0x1c, 0x1c, 0x0, 0xe0, 0x7, 0xe,
    0x0, 0x78, 0x1, 0xc3, 0x80, 0xc, 0x0, 0x70,
    0x40, 0x0, 0x0, 0x1c, 0x0,

    /* U+629E "択" */
    0x3, 0x80, 0x0, 0x0, 0x0, 0x70, 0x0, 0x0,
    0x0, 0xe, 0x7, 0xff, 0xfe, 0x1, 0xc0, 0xff,
    0xff, 0xc0, 0x38, 0x1c, 0x0, 0x38, 0x7, 0x3,
    0x80, 0x7, 0x0, 0xe0, 0x70, 0x0, 0xe3, 0xff,
    0xee, 0x0, 0x1c, 0x7f, 0xfd, 0xc0, 0x3, 0x80,
    0x70, 0x38, 0x0, 0x70, 0xe, 0x7, 0x0, 0xe,
    0x1, 0xc0, 0xe0, 0x1, 0xc0, 0x38, 0x1c, 0x0,
    0x38, 0x7, 0x3, 0x80, 0x7, 0x0, 0xe0, 0x7f,
    0xff, 0xe0, 0x1c, 0xf, 0xff, 0xfc, 0x3, 0xbd,
    0xc1, 0xc0, 0x0, 0xff, 0xb8, 0x38, 0x1, 0xff,
    0xc7, 0x7, 0x0, 0x7f, 0xc0, 0xe0, 0x60, 0x7,
    0x38, 0x1c, 0xe, 0x0, 0x7, 0x3, 0x81, 0xc0,
    0x0, 0xe0, 0xe0, 0x1c, 0x0, 0x1c, 0x1c, 0x3,
    0x80, 0x3, 0x83, 0x80, 0x78, 0x0, 0x70, 0x70,
    0x7, 0x0, 0xe, 0x1c, 0x0, 0xf0, 0x1, 0xc3,
    0x80, 0xf, 0x0, 0x38, 0x70, 0x0, 0xe0, 0x7,
    0x1c, 0x0, 0xe, 0x0, 0xe3, 0x80, 0x0, 0xf3,
    0xfc, 0xe0, 0x0, 0xf, 0x3f, 0x8, 0x0, 0x0,
    0xc0,

    /* U+6307 "指" */
    0x3, 0x81, 0xc0, 0x0, 0x0, 0xe0, 0x70, 0x0,
    0x0, 0x38, 0x1c, 0x0, 0xe0, 0xe, 0x7, 0x1,
    0xfc, 0x3, 0x81, 0xc7, 0xfc, 0x0, 0xe0, 0x7f,
    0xf8, 0x0, 0x38, 0x1f, 0xc0, 0x1, 0xff, 0xe7,
    0x0, 0x2, 0x7f, 0xf9, 0xc0, 0x0, 0xc0, 0xe0,
    0x70, 0x0, 0x30, 0x38, 0x1c, 0x0, 0x1c, 0xe,
    0x7, 0x0, 0x7, 0x3, 0x81, 0xff, 0xff, 0x80,
    0xe0, 0x1f, 0xff, 0xc0, 0x38, 0x0, 0x0, 0x0,
    0xe, 0x20, 0x0, 0x0, 0x3, 0xfc, 0x0, 0x0,
    0x1, 0xff, 0x7f, 0xff, 0xe7, 0xfe, 0x1f, 0xff,
    0xf9, 0xfe, 0x7, 0x0, 0xe, 0x73, 0x81, 0xc0,
    0x3, 0x80, 0xe0, 0x70, 0x0, 0xe0, 0x38, 0x1c,
    0x0, 0x38, 0xe, 0x7, 0xff, 0xfe, 0x3, 0x81,
    0xff, 0xff, 0x80, 0xe0, 0x70, 0x0, 0xe0, 0x38,
    0x1c, 0x0, 0x38, 0xe, 0x7, 0x0, 0xe, 0x3,
    0x81, 0xc0, 0x3, 0x80, 0xe0, 0x7f, 0xff, 0xe0,
    0x38, 0x1f, 0xff, 0xf8, 0xfe, 0x7, 0x0, 0xe,
    0x3f, 0x1, 0xc0, 0x3, 0x80,

    /* U+65B0 "新" */
    0x0, 0xe0, 0x0, 0x0, 0x0, 0x38, 0x0, 0x1,
    0xc0, 0xe, 0x0, 0x3, 0xfc, 0x3, 0x80, 0x27,
    0xf8, 0x7f, 0xff, 0xcf, 0xf0, 0x1f, 0xff, 0xf3,
    0xc0, 0x0, 0x40, 0x40, 0xc0, 0x0, 0x18, 0x18,
    0x30, 0x0, 0x6, 0xe, 0xc, 0x0, 0x1, 0x83,
    0x3, 0x0, 0x0, 0x60, 0xc0, 0xc0, 0x0, 0x0,
    0x10, 0x30, 0x0, 0x7f, 0xff, 0xcf, 0xff, 0xdf,
    0xff, 0xf3, 0xff, 0xf0, 0xe, 0x0, 0xc1, 0xc0,
    0x3, 0x80, 0x30, 0x70, 0x0, 0xe0, 0xc, 0x1c,
    0x0, 0x38, 0x3, 0x7, 0x7, 0xff, 0xfc, 0xc1,
    0xc1, 0xff, 0xff, 0x30, 0x70, 0x1, 0xe0, 0x1c,
    0x1c, 0x0, 0x7c, 0x7, 0x7, 0x0, 0x3f, 0x81,
    0x81, 0xc0, 0x1f, 0xf0, 0x60, 0x70, 0xe, 0xee,
    0x18, 0x1c, 0x3, 0xb9, 0xee, 0x7, 0x1, 0xce,
    0x33, 0x1, 0xc1, 0xe3, 0x81, 0xc0, 0x70, 0xf0,
    0xe0, 0x70, 0x1c, 0x18, 0x38, 0x38, 0x7, 0x0,
    0xe, 0x1c, 0x1, 0xc0, 0x3, 0x8f, 0x0, 0x70,
    0x0, 0xe0, 0x80, 0x1c, 0x0,

    /* U+65B9 "方" */
    0x0, 0x1, 0x80, 0x0, 0x0, 0x1, 0x80, 0x0,
    0x0, 0x1, 0x80, 0x0, 0x0, 0x1, 0x80, 0x0,
    0x0, 0x1, 0x80, 0x0, 0x0, 0x1, 0x80, 0x0,
    0xff, 0xff, 0xff, 0xff, 0xff, 0xff, 0xff, 0xff,
    0x0, 0x1c, 0x0, 0x0, 0x0, 0x1c, 0x0, 0x0,
    0x0, 0x1c, 0x0, 0x0, 0x0, 0x1c, 0x0, 0x0,
    0x0, 0x1c, 0x0, 0x0, 0x0, 0x1c, 0x0, 0x0,
    0x0, 0x38, 0x0, 0x0, 0x0, 0x3f, 0xff, 0xf0,
    0x0, 0x3f, 0xff, 0xf0, 0x0, 0x38, 0x0, 0x70,
    0x0, 0x38, 0x0, 0x70, 0x0, 0x78, 0x0, 0x60,
    0x0, 0x70, 0x0, 0x60, 0x0, 0x70, 0x0, 0x60,
    0x0, 0xf0, 0x0, 0x60, 0x0, 0xe0, 0x0, 0x60,
    0x1, 0xe0, 0x0, 0xe0, 0x3, 0xc0, 0x0, 0xe0,
    0x3, 0x80, 0x0, 0xe0, 0x7, 0x80, 0x0, 0xe0,
    0xf, 0x0, 0x0, 0xc0, 0x3e, 0x0, 0x1, 0xc0,
    0x7c, 0x0, 0x1, 0xc0, 0xf8, 0x1, 0xff, 0x80,
    0x60, 0x0, 0xff, 0x0,

    /* U+660E "明" */
    0x0, 0x1, 0xff, 0xff, 0xff, 0xe3, 0xff, 0xff,
    0xff, 0xc7, 0xff, 0xff, 0x1, 0x8e, 0x0, 0x7e,
    0x3, 0x1c, 0x0, 0xfc, 0x6, 0x38, 0x1, 0xf8,
    0xc, 0x70, 0x3, 0xf0, 0x18, 0xe0, 0x7, 0xe0,
    0x31, 0xc0, 0xf, 0xc0, 0x63, 0x80, 0x1f, 0x80,
    0xc7, 0xff, 0xff, 0xff, 0x8f, 0xff, 0xff, 0xff,
    0x1c, 0x0, 0xfc, 0x6, 0x38, 0x1, 0xf8, 0xc,
    0x70, 0x3, 0xf0, 0x18, 0xe0, 0x7, 0xe0, 0x31,
    0xc0, 0xf, 0xc0, 0x63, 0x80, 0x1f, 0x80, 0xc7,
    0xff, 0xff, 0x1, 0x8f, 0xff, 0xff, 0xff, 0x18,
    0x0, 0xff, 0xfe, 0x30, 0x1, 0xf8, 0x0, 0xe0,
    0x3, 0xf0, 0x1, 0xc0, 0x7, 0xe0, 0x3, 0x0,
    0xe, 0x0, 0xe, 0x0, 0x1c, 0x0, 0x1c, 0x0,
    0x38, 0x0, 0x70, 0x0, 0x70, 0x1, 0xe0, 0x0,
    0xe0, 0x3, 0x80, 0x1, 0xc0, 0x1e, 0x0, 0xff,
    0x0, 0x18, 0x0, 0xfe,

    /* U+6697 "暗" */
    0x0, 0x0, 0xc, 0x0, 0x0, 0x0, 0xc, 0x0,
    0xff, 0x80, 0xc, 0x0, 0xff, 0x9f, 0xff, 0xfe,
    0xc1, 0x9f, 0xff, 0xfe, 0xc1, 0x80, 0x0, 0x0,
    0xc1, 0x83, 0x80, 0x70, 0xc1, 0x81, 0x80, 0x70,
    0xc1, 0x81, 0xc0, 0x60, 0xc1, 0x81, 0xc0, 0xe0,
    0xc1, 0x80, 0xc0, 0xe0, 0xc1, 0x80, 0xc0, 0xc0,
    0xc1, 0xbf, 0xff, 0xff, 0xff, 0xbf, 0xff, 0xff,
    0xff, 0x80, 0x0, 0x0, 0xc1, 0x80, 0x0, 0x0,
    0xc1, 0x80, 0x0, 0x0, 0xc1, 0x87, 0xff, 0xf8,
    0xc1, 0x87, 0xff, 0xf8, 0xc1, 0x87, 0x0, 0x18,
    0xc1, 0x87, 0x0, 0x18, 0xc1, 0x87, 0x0, 0x18,
    0xc1, 0x87, 0x0, 0x18, 0xc1, 0x87, 0x0, 0x18,
    0xff, 0x87, 0xff, 0xf8, 0xff, 0x87, 0xff, 0xf8,
    0xc0, 0x7, 0x0, 0x18, 0xc0, 0x7, 0x0, 0x18,
    0xc0, 0x7, 0x0, 0x18, 0x0, 0x7, 0xff, 0xf8,
    0x0, 0x7, 0xff, 0xf8, 0x0, 0x7, 0x0, 0x18,
    0x0, 0x7, 0x0, 0x18,

    /* U+6709 "有" */
    0x0, 0x4, 0x0, 0x0, 0x0, 0x3, 0x80, 0x0,
    0x0, 0x3, 0x80, 0x0, 0x0, 0x1, 0xc0, 0x0,
    0x0, 0x0, 0xe0, 0x0, 0x3, 0xff, 0xff, 0xff,
    0xfd, 0xff, 0xff, 0xff, 0xfe, 0x0, 0x70, 0x0,
    0x0, 0x0, 0x38, 0x0, 0x0, 0x0, 0x38, 0x0,
    0x0, 0x0, 0x3c, 0x0, 0x0, 0x0, 0x1f, 0xff,
    0xff, 0x0, 0x1f, 0xff, 0xff, 0x80, 0x1f, 0x0,
    0x1, 0xc0, 0x1f, 0x80, 0x0, 0xe0, 0x1f, 0xc0,
    0x0, 0x70, 0x1e, 0xe0, 0x0, 0x38, 0x1e, 0x7f,
    0xff, 0xfc, 0x1e, 0x3f, 0xff, 0xfe, 0xe, 0x1c,
    0x0, 0x7, 0x2, 0xe, 0x0, 0x3, 0x80, 0x7,
    0x0, 0x1, 0xc0, 0x3, 0x80, 0x0, 0xe0, 0x1,
    0xc0, 0x0, 0x70, 0x0, 0xff, 0xff, 0xf8, 0x0,
    0x7f, 0xff, 0xfc, 0x0, 0x38, 0x0, 0xe, 0x0,
    0x1c, 0x0, 0x7, 0x0, 0xe, 0x0, 0x3, 0x80,
    0x7, 0x0, 0x1, 0xc0, 0x3, 0x80, 0x0, 0xe0,
    0x1, 0xc0, 0x1f, 0xe0, 0x0, 0xe0, 0x7, 0xe0,
    0x0,

    /* U+691C "検" */
    0x3, 0x80, 0x7, 0x0, 0x0, 0xe0, 0x1, 0xe0,
    0x0, 0x38, 0x0, 0xfc, 0x0, 0xe, 0x0, 0x73,
    0x80, 0x3, 0x80, 0x3c, 0xf0, 0x0, 0xe0, 0x1e,
    0x1e, 0x0, 0x38, 0xf, 0x3, 0xe0, 0xe, 0xf,
    0x80, 0x3c, 0x7f, 0xff, 0x80, 0x7, 0xdf, 0xff,
    0xdf, 0xff, 0xf0, 0x38, 0x67, 0xff, 0xc8, 0xe,
    0x0, 0xc, 0x0, 0x7, 0x80, 0x3, 0x0, 0x1,
    0xe0, 0x0, 0xc0, 0x0, 0x7c, 0x3f, 0xff, 0xf0,
    0x3f, 0x8f, 0xff, 0xfc, 0xf, 0xf3, 0x3, 0x3,
    0x3, 0xec, 0xc0, 0xc0, 0xc1, 0xbb, 0xb0, 0x30,
    0x30, 0x6e, 0x6c, 0xc, 0xc, 0x3b, 0x93, 0x3,
    0x3, 0xc, 0xe0, 0xff, 0xff, 0xc7, 0x38, 0x3f,
    0xff, 0xf3, 0x8e, 0x0, 0x1e, 0x0, 0x63, 0x80,
    0x7, 0xc0, 0x10, 0xe0, 0x3, 0xb8, 0x0, 0x38,
    0x0, 0xce, 0x0, 0xe, 0x0, 0x71, 0xc0, 0x3,
    0x80, 0x78, 0x38, 0x0, 0xe0, 0x3c, 0x7, 0x80,
    0x38, 0x7e, 0x0, 0xf8, 0xe, 0x3e, 0x0, 0x1f,
    0x3, 0x86, 0x0, 0x1, 0x80,

    /* U+6A29 "権" */
    0x3, 0x0, 0x70, 0x0, 0x0, 0xc0, 0x1c, 0x0,
    0x0, 0x30, 0x6, 0x0, 0x0, 0xc, 0x3, 0x80,
    0x0, 0x3, 0x0, 0xff, 0xff, 0x0, 0xc0, 0x7f,
    0xff, 0xc0, 0x30, 0x18, 0x70, 0x0, 0xc, 0xe,
    0x38, 0x0, 0x7f, 0xf7, 0xe, 0x0, 0x1f, 0xfc,
    0x43, 0x0, 0x0, 0x30, 0x7f, 0xff, 0xfc, 0x1c,
    0x1f, 0xff, 0xff, 0x7, 0x80, 0x38, 0x70, 0x1,
    0xf0, 0x1e, 0x1c, 0x0, 0xfe, 0x7, 0xe, 0x0,
    0x3d, 0xc3, 0xff, 0xfe, 0xf, 0x39, 0xff, 0xff,
    0x86, 0xcc, 0xf8, 0x30, 0x1, 0xb2, 0x7e, 0xc,
    0x0, 0x6c, 0x3f, 0x83, 0x0, 0x33, 0x1e, 0xff,
    0xff, 0xc, 0xc3, 0x3f, 0xff, 0xc7, 0x30, 0xe,
    0xc, 0x1, 0x8c, 0x3, 0x83, 0x0, 0xe3, 0x0,
    0xe0, 0xc0, 0x10, 0xc0, 0x3f, 0xff, 0xc0, 0x30,
    0xf, 0xff, 0xf0, 0xc, 0x3, 0x83, 0x0, 0x3,
    0x0, 0xe0, 0xc0, 0x0, 0xc0, 0x3f, 0xff, 0xf0,
    0x30, 0xf, 0xff, 0xfc, 0xc, 0x3, 0x80, 0x0,
    0x3, 0x0, 0xe0, 0x0, 0x0,

    /* U+6CD5 "法" */
    0x0, 0x0, 0xe, 0x0, 0x7, 0x0, 0x3, 0x80,
    0x1, 0xf0, 0x0, 0xe0, 0x0, 0x1f, 0x0, 0x38,
    0x0, 0x1, 0xc0, 0xe, 0x0, 0x0, 0x30, 0x3,
    0x80, 0x0, 0x0, 0xff, 0xff, 0xf0, 0x0, 0x3f,
    0xff, 0xfc, 0x0, 0x0, 0xe, 0x0, 0x0, 0x0,
    0x3, 0x80, 0x7, 0x0, 0x0, 0xe0, 0x1, 0xf0,
    0x0, 0x38, 0x0, 0x3f, 0x0, 0xe, 0x0, 0x3,
    0xe0, 0x3, 0x80, 0x0, 0x30, 0x0, 0xe0, 0x0,
    0x4, 0xff, 0xff, 0xfe, 0x0, 0x3f, 0xff, 0xff,
    0x80, 0xf, 0xff, 0xff, 0xe0, 0x0, 0x7, 0x0,
    0x0, 0x0, 0x1, 0xc0, 0x0, 0x1, 0x80, 0xe0,
    0x0, 0x0, 0x70, 0x38, 0x0, 0x0, 0x38, 0xc,
    0x7, 0x0, 0xe, 0x7, 0x0, 0xe0, 0x7, 0x1,
    0xc0, 0x3c, 0x3, 0xc0, 0xe0, 0x7, 0x80, 0xe0,
    0x38, 0x0, 0xe0, 0x70, 0x1c, 0x0, 0x1c, 0x1c,
    0x3f, 0xff, 0xff, 0x8e, 0xf, 0xff, 0xfe, 0xe3,
    0x80, 0x0, 0x0, 0x1c, 0x40, 0x0, 0x0, 0x6,

    /* U+756A "番" */
    0x0, 0x0, 0x0, 0x30, 0x0, 0x0, 0xf, 0xfe,
    0x1, 0xff, 0xff, 0xfc, 0x0, 0x7f, 0xff, 0x80,
    0x0, 0x1, 0x81, 0xc0, 0xe0, 0x0, 0xe0, 0x70,
    0x38, 0x0, 0x1c, 0x1c, 0x1c, 0x0, 0x3, 0x7,
    0x7, 0x0, 0x0, 0xe1, 0xc1, 0x80, 0x0, 0x38,
    0x70, 0xe0, 0x7, 0xff, 0xff, 0xff, 0xf9, 0xff,
    0xff, 0xff, 0xfe, 0x0, 0xf, 0xf8, 0x0, 0x0,
    0xf, 0x77, 0x80, 0x0, 0x7, 0x9c, 0xf0, 0x0,
    0x7, 0xc7, 0x1f, 0x0, 0x3, 0xc1, 0xc1, 0xf0,
    0x3, 0xe0, 0x70, 0x3f, 0x7, 0xe0, 0x0, 0x3,
    0xfb, 0xef, 0xff, 0xff, 0xfe, 0x63, 0xff, 0xff,
    0xf1, 0x0, 0xc0, 0x70, 0xc, 0x0, 0x30, 0x1c,
    0x3, 0x0, 0xc, 0x7, 0x0, 0xc0, 0x3, 0xff,
    0xff, 0xf0, 0x0, 0xff, 0xff, 0xfc, 0x0, 0x30,
    0x1c, 0x3, 0x0, 0xc, 0x7, 0x0, 0xc0, 0x3,
    0x1, 0xc0, 0x30, 0x0, 0xc0, 0x70, 0xc, 0x0,
    0x3f, 0xff, 0xff, 0x0, 0xf, 0xff, 0xff, 0xc0,
    0x3, 0x0, 0x0, 0x30, 0x0,

    /* U+77E5 "知" */
    0xe, 0x0, 0x0, 0x0, 0xe, 0x0, 0x0, 0x0,
    0xe, 0x0, 0x0, 0x0, 0xc, 0x0, 0x1f, 0xff,
    0x1c, 0x0, 0x1f, 0xff, 0x1f, 0xff, 0x9f, 0xff,
    0x1f, 0xff, 0x98, 0x7, 0x38, 0xe0, 0x18, 0x7,
    0x38, 0xe0, 0x18, 0x7, 0x70, 0xe0, 0x18, 0x7,
    0x70, 0xe0, 0x18, 0x7, 0xe0, 0xe0, 0x18, 0x7,
    0x60, 0xe0, 0x18, 0x7, 0x0, 0xe0, 0x18, 0x7,
    0x0, 0xe0, 0x18, 0x7, 0x7f, 0xff, 0xd8, 0x7,
    0x7f, 0xff, 0xd8, 0x7, 0x0, 0xe0, 0x18, 0x7,
    0x0, 0xe0, 0x18, 0x7, 0x1, 0xc0, 0x18, 0x7,
    0x1, 0xe0, 0x18, 0x7, 0x1, 0xf0, 0x18, 0x7,
    0x1, 0xf8, 0x18, 0x7, 0x3, 0x9c, 0x18, 0x7,
    0x3, 0x8e, 0x18, 0x7, 0x7, 0xf, 0x18, 0x7,
    0xf, 0x7, 0x98, 0x7, 0xe, 0x3, 0xdf, 0xff,
    0x1e, 0x1, 0x9f, 0xff, 0x3c, 0x0, 0x18, 0x7,
    0xf8, 0x0, 0x18, 0x7, 0x70, 0x0, 0x18, 0x0,
    0x0, 0x0, 0x0, 0x0,

    /* U+78BA "確" */
    0x0, 0x0, 0x1, 0x0, 0x0, 0x0, 0x0, 0xe0,
    0x0, 0x0, 0x0, 0x38, 0x1, 0xff, 0xf0, 0xc,
    0x0, 0x7f, 0xff, 0xff, 0xff, 0xc1, 0xc0, 0xff,
    0xff, 0xf0, 0x70, 0x30, 0xe0, 0x1c, 0x18, 0xc,
    0x38, 0xc7, 0xe, 0x3, 0x1c, 0x39, 0xc3, 0x80,
    0xcf, 0x1c, 0x70, 0xe0, 0x3, 0x87, 0x0, 0x30,
    0x1, 0xff, 0xfe, 0xc, 0x0, 0xff, 0xff, 0x87,
    0xfe, 0x7f, 0xff, 0xe1, 0xff, 0xbe, 0xe, 0x0,
    0x70, 0x7f, 0x83, 0x80, 0x3c, 0x1a, 0xe0, 0xe0,
    0xf, 0x6, 0x3f, 0xff, 0xe7, 0xc1, 0x8f, 0xff,
    0xf9, 0xf0, 0x63, 0x83, 0x80, 0xfc, 0x18, 0xe0,
    0xe0, 0x17, 0x6, 0x38, 0x38, 0x5, 0xc1, 0x8e,
    0xe, 0x0, 0x70, 0x63, 0xff, 0xfe, 0x1c, 0x18,
    0xff, 0xff, 0x87, 0x6, 0x38, 0x38, 0x1, 0xff,
    0x8e, 0xe, 0x0, 0x7f, 0xe3, 0x83, 0x80, 0x1c,
    0x0, 0xe0, 0xe0, 0x7, 0x0, 0x3f, 0xff, 0xf1,
    0xc0, 0xf, 0xff, 0xfc, 0x0, 0x3, 0x80, 0x0,
    0x0, 0x0, 0xe0, 0x0, 0x0,

    /* U+7A2E "種" */
    0x0, 0x8, 0x0, 0x0, 0x0, 0x1f, 0x0, 0xf,
    0xe0, 0x7f, 0xff, 0xff, 0xf1, 0xff, 0x8f, 0xff,
    0x80, 0x7f, 0xc0, 0x3, 0x80, 0x0, 0x70, 0x0,
    0xe0, 0x0, 0x1c, 0x7f, 0xff, 0xf8, 0x7, 0x1f,
    0xff, 0xfe, 0x1, 0xc0, 0x3, 0x80, 0x0, 0x70,
    0x0, 0xe0, 0x7, 0xff, 0xe0, 0x38, 0x1, 0xff,
    0xff, 0xff, 0xfe, 0x7f, 0xff, 0xff, 0xff, 0x80,
    0xf0, 0x60, 0xe0, 0xe0, 0x3c, 0x18, 0x38, 0x38,
    0xf, 0x6, 0xe, 0xe, 0x7, 0xe1, 0xff, 0xff,
    0x81, 0xfc, 0x7f, 0xff, 0xe0, 0xff, 0x98, 0x38,
    0x38, 0x77, 0x76, 0xe, 0xe, 0x1d, 0xc9, 0xff,
    0xff, 0x8e, 0x70, 0x7f, 0xff, 0xe3, 0x1c, 0x0,
    0x38, 0x1, 0xc7, 0x0, 0xe, 0x0, 0x61, 0xc0,
    0x3, 0x80, 0x10, 0x70, 0xff, 0xff, 0xe0, 0x1c,
    0x3f, 0xff, 0xf8, 0x7, 0x0, 0xe, 0x0, 0x1,
    0xc0, 0x3, 0x80, 0x0, 0x70, 0x0, 0xe0, 0x0,
    0x1c, 0xff, 0xff, 0xfc, 0x7, 0x3f, 0xff, 0xff,
    0x1, 0xcf, 0xff, 0xff, 0xc0,

    /* U+7D0B "紋" */
    0x4, 0x0, 0x7, 0x0, 0x3, 0x80, 0x3, 0x80,
    0x3, 0x80, 0x1, 0xc0, 0x1, 0xc0, 0x0, 0xe0,
    0x0, 0xc0, 0x0, 0x70, 0x0, 0xc3, 0x80, 0x38,
    0x1, 0xe1, 0x80, 0x1c, 0x1, 0xe1, 0xdf, 0xff,
    0xff, 0x71, 0xcf, 0xff, 0xff, 0x9c, 0xc0, 0xe0,
    0xe, 0x7, 0xe0, 0x70, 0x7, 0x1, 0xe4, 0x18,
    0x3, 0x80, 0xe6, 0xe, 0x3, 0x80, 0x73, 0x87,
    0x1, 0xc0, 0x70, 0xe1, 0x80, 0xe0, 0x30, 0x70,
    0xe0, 0xe0, 0xff, 0xfc, 0x70, 0x70, 0x7f, 0xfe,
    0x1c, 0x38, 0x0, 0xc3, 0xe, 0x38, 0x0, 0x61,
    0x3, 0x9c, 0x0, 0x31, 0x1, 0xdc, 0x1, 0x99,
    0x80, 0x7e, 0x0, 0xcc, 0xc0, 0x3e, 0x0, 0xe6,
    0x70, 0xe, 0x0, 0x73, 0x18, 0xf, 0x80, 0x31,
    0x8c, 0xf, 0xe0, 0x18, 0xc7, 0xf, 0x78, 0x1c,
    0x61, 0xf, 0x1e, 0xc, 0x30, 0x1f, 0x7, 0x82,
    0x18, 0x1f, 0x1, 0xf0, 0xc, 0x3e, 0x0, 0x7e,
    0x6, 0x3e, 0x0, 0xf, 0x3, 0x4, 0x0, 0x3,
    0x0,

    /* U+8A00 "言" */
    0x3, 0xff, 0xff, 0xc0, 0x3, 0xff, 0xff, 0xc0,
    0x0, 0x0, 0x0, 0x0, 0x0, 0x0, 0x0, 0x0,
    0x0, 0x0, 0x0, 0x0, 0xff, 0xff, 0xff, 0xff,
    0xff, 0xff, 0xff, 0xff, 0x0, 0x0, 0x0, 0x0,
    0x0, 0x0, 0x0, 0x0, 0x0, 0x0, 0x0, 0x0,
    0x3, 0xff, 0xff, 0xe0, 0x3, 0xff, 0xff, 0xe0,
    0x0, 0x0, 0x0, 0x0, 0x0, 0x0, 0x0, 0x0,
    0x0, 0x0, 0x0, 0x0, 0x3, 0xff, 0xff, 0xe0,
    0x3, 0xff, 0xff, 0xe0, 0x0, 0x0, 0x0, 0x0,
    0x0, 0x0, 0x0, 0x0, 0x0, 0x0, 0x0, 0x0,
    0x7, 0xff, 0xff, 0xe0, 0x7, 0xff, 0xff, 0xe0,
    0x7, 0x0, 0x0, 0xe0, 0x7, 0x0, 0x0, 0xe0,
    0x7, 0x0, 0x0, 0xe0, 0x7, 0x0, 0x0, 0xe0,
    0x7, 0x0, 0x0, 0xe0, 0x7, 0xff, 0xff, 0xe0,
    0x7, 0xff, 0xff, 0xe0, 0x7, 0x0, 0x0, 0xe0,
    0x7, 0x0, 0x0, 0xe0,

    /* U+8A2D "設" */
    0x3f, 0xf8, 0x7f, 0xf0, 0x1f, 0xfc, 0x3f, 0xf8,
    0x0, 0x0, 0x18, 0xc, 0x0, 0x0, 0xc, 0x6,
    0x0, 0x0, 0x6, 0x3, 0x7, 0xff, 0xe3, 0x1,
    0x83, 0xff, 0xf1, 0x80, 0xc4, 0x0, 0x1, 0xc0,
    0x63, 0x0, 0x0, 0xe0, 0x31, 0x80, 0x0, 0x60,
    0x18, 0xcf, 0xfe, 0x70, 0xf, 0xe7, 0xff, 0x70,
    0x7, 0xe0, 0x0, 0x78, 0x0, 0x0, 0x0, 0x18,
    0x0, 0x0, 0x0, 0x0, 0x0, 0x0, 0x7f, 0xf3,
    0xff, 0xfc, 0x3f, 0xf9, 0xff, 0xfe, 0x0, 0x0,
    0x30, 0x6, 0x0, 0x0, 0x18, 0x3, 0x7, 0xff,
    0xe, 0x3, 0x83, 0xff, 0x83, 0x81, 0x81, 0x81,
    0xc1, 0xc1, 0xc0, 0xc0, 0xe0, 0x71, 0xc0, 0x60,
    0x70, 0x3d, 0xc0, 0x30, 0x38, 0xf, 0xe0, 0x18,
    0x1c, 0x3, 0xe0, 0xc, 0xe, 0x3, 0xf0, 0x6,
    0x7, 0x3, 0xfe, 0x3, 0xff, 0x87, 0xcf, 0xc1,
    0xff, 0xdf, 0xc3, 0xf8, 0xc0, 0x1f, 0x80, 0x7e,
    0x60, 0x7, 0x0, 0xe,

    /* U+8A3C "証" */
    0x3f, 0xf0, 0x0, 0x0, 0x1f, 0xf9, 0xff, 0xff,
    0x80, 0x0, 0xff, 0xff, 0xc0, 0x0, 0x0, 0x70,
    0x0, 0x0, 0x0, 0x38, 0x7, 0xff, 0xc0, 0x1c,
    0x3, 0xff, 0xe0, 0xe, 0x0, 0x0, 0x0, 0x7,
    0x0, 0x0, 0x0, 0x3, 0x80, 0x0, 0x0, 0x1,
    0xc0, 0xf, 0xfc, 0x38, 0xe0, 0x7, 0xfe, 0x1c,
    0x70, 0x0, 0x0, 0xe, 0x38, 0x0, 0x0, 0x7,
    0x1c, 0x0, 0x0, 0x3, 0x8f, 0xfc, 0x7f, 0xe1,
    0xc7, 0xfe, 0x3f, 0xf0, 0xe3, 0x80, 0x0, 0x0,
    0x71, 0xc0, 0x0, 0x0, 0x38, 0xe0, 0x0, 0x0,
    0x1c, 0x70, 0x3, 0xff, 0xe, 0x38, 0x1, 0xff,
    0x87, 0x1c, 0x0, 0xc0, 0xc3, 0x8e, 0x0, 0x60,
    0x61, 0xc7, 0x0, 0x30, 0x30, 0xe3, 0x80, 0x18,
    0x18, 0x71, 0xc0, 0xc, 0xc, 0x38, 0xe0, 0x6,
    0x6, 0x1c, 0x70, 0x3, 0xff, 0x7f, 0xff, 0xf9,
    0xff, 0xbf, 0xff, 0xfc, 0xc0, 0x1f, 0xff, 0xfe,
    0x60, 0x0, 0x0, 0x0,

    /* U+8A8D "認" */
    0x3f, 0xf1, 0xff, 0xff, 0xf, 0xfc, 0x7f, 0xff,
    0xc0, 0x0, 0x0, 0x60, 0x70, 0x0, 0x0, 0x18,
    0x1c, 0x0, 0x0, 0xe, 0x7, 0x3f, 0xfe, 0x73,
    0x81, 0xcf, 0xff, 0x9f, 0xe0, 0x70, 0x0, 0x1,
    0xf0, 0x1c, 0x0, 0x0, 0x1f, 0x7, 0x0, 0x0,
    0x7, 0xf1, 0xc3, 0xff, 0x3, 0x9c, 0x70, 0xff,
    0xc1, 0xc3, 0x1c, 0x0, 0x0, 0xf0, 0x7, 0x0,
    0x0, 0x78, 0x3f, 0x80, 0x0, 0x7c, 0xf, 0xe0,
    0xff, 0xce, 0x23, 0xe0, 0x3f, 0xf0, 0x1e, 0x0,
    0x0, 0x0, 0x3, 0xe0, 0x0, 0x0, 0x0, 0x3c,
    0x0, 0x0, 0x0, 0x7, 0x80, 0x3f, 0xf0, 0x18,
    0x60, 0xf, 0xfc, 0x66, 0x3, 0x3, 0x3, 0x1d,
    0x80, 0xe0, 0xc0, 0xc6, 0x60, 0x1c, 0x30, 0x31,
    0x98, 0x7, 0xc, 0xc, 0xe6, 0x0, 0xe3, 0x3,
    0x39, 0x81, 0xb8, 0xc0, 0xcc, 0x60, 0x67, 0x3f,
    0xf7, 0x18, 0x19, 0xcf, 0xfd, 0x86, 0x6, 0x33,
    0x0, 0x1, 0xff, 0x0, 0xc0, 0x0, 0x3f, 0xc0,

    /* U+8A9E "語" */
    0x3f, 0xf3, 0xff, 0xff, 0xf, 0xfc, 0xff, 0xff,
    0xc0, 0x0, 0x0, 0xe0, 0x0, 0x0, 0x0, 0x38,
    0x0, 0x0, 0x0, 0xc, 0x0, 0x3f, 0xfe, 0x3,
    0x0, 0xf, 0xff, 0x9f, 0xff, 0xc0, 0x0, 0x7,
    0xff, 0xf0, 0x0, 0x0, 0x1c, 0xc, 0x0, 0x0,
    0x7, 0x3, 0x3, 0xff, 0x1, 0x80, 0xc0, 0xff,
    0xc0, 0x60, 0x30, 0x0, 0x0, 0x18, 0xc, 0x0,
    0x0, 0xe, 0x3, 0x0, 0x0, 0x3f, 0xff, 0xfc,
    0xff, 0xcf, 0xff, 0xff, 0x3f, 0xf0, 0x0, 0x0,
    0x0, 0x0, 0x0, 0x0, 0x0, 0x0, 0x0, 0x0,
    0x0, 0x0, 0x3, 0xff, 0xf8, 0x3f, 0xf0, 0xff,
    0xfe, 0xf, 0xfc, 0x38, 0x3, 0x83, 0x3, 0xe,
    0x0, 0xe0, 0xc0, 0xc3, 0x80, 0x38, 0x30, 0x30,
    0xe0, 0xe, 0xc, 0xc, 0x38, 0x3, 0x83, 0x3,
    0xe, 0x0, 0xe0, 0xc0, 0xc3, 0x80, 0x38, 0x3f,
    0xf0, 0xff, 0xfe, 0xf, 0xfc, 0x3f, 0xff, 0x83,
    0x0, 0xe, 0x0, 0xe0, 0xc0, 0x3, 0x80, 0x38,

    /* U+8CA1 "財" */
    0x3f, 0xfe, 0x0, 0x38, 0xf, 0xff, 0x80, 0xe,
    0x3, 0x80, 0xe0, 0x3, 0x80, 0xe0, 0x38, 0x0,
    0xe0, 0x38, 0xe, 0x0, 0x38, 0xe, 0x3, 0x80,
    0xe, 0x3, 0x80, 0xe0, 0x3, 0x80, 0xe0, 0x38,
    0x0, 0xe0, 0x3f, 0xfe, 0xff, 0xff, 0xce, 0x3,
    0xbf, 0xff, 0xf3, 0x80, 0xe0, 0x7, 0x80, 0xe0,
    0x38, 0x1, 0xe0, 0x38, 0xe, 0x0, 0xf8, 0xe,
    0x3, 0x80, 0x3e, 0x3, 0xff, 0xe0, 0x1f, 0x80,
    0xff, 0xf8, 0x6, 0xe0, 0x38, 0xe, 0x3, 0xb8,
    0xe, 0x3, 0x81, 0xce, 0x3, 0x80, 0xe0, 0x73,
    0x80, 0xe0, 0x38, 0x38, 0xe0, 0x38, 0xe, 0x1c,
    0x38, 0xf, 0xff, 0x8f, 0xe, 0x3, 0xff, 0xe7,
    0x83, 0x80, 0x0, 0x3, 0xc0, 0xe0, 0xe, 0x31,
    0xe0, 0x38, 0x3, 0x8e, 0x30, 0xe, 0x1, 0xc1,
    0xc0, 0x3, 0x80, 0x70, 0x70, 0x0, 0xe0, 0x38,
    0xe, 0x0, 0x38, 0x1e, 0x1, 0x80, 0xe, 0xf,
    0x0, 0x60, 0x7f, 0x81, 0x80, 0x0, 0xf, 0x80,

    /* U+8FFD "追" */
    0x0, 0x0, 0x1c, 0x0, 0x4, 0x0, 0x7, 0x0,
    0x3, 0x80, 0x1, 0xc0, 0x0, 0x78, 0x0, 0x60,
    0x0, 0xf, 0x7, 0xff, 0xfc, 0x1, 0xe1, 0xff,
    0xff, 0x0, 0x3c, 0x60, 0x1, 0xc0, 0x6, 0x18,
    0x0, 0x70, 0x0, 0x6, 0x0, 0x1c, 0x0, 0x1,
    0x80, 0x7, 0x0, 0x0, 0x60, 0x1, 0xc0, 0x0,
    0x1f, 0xff, 0xf0, 0x0, 0x7, 0xff, 0xfc, 0x0,
    0x1, 0x80, 0x0, 0x7, 0xf8, 0x60, 0x0, 0x1,
    0xfe, 0x18, 0x0, 0x0, 0x7f, 0x86, 0x0, 0x0,
    0x0, 0xe1, 0xff, 0xff, 0x80, 0x38, 0x7f, 0xff,
    0xe0, 0xe, 0x18, 0x0, 0x18, 0x3, 0x86, 0x0,
    0x6, 0x0, 0xe1, 0x80, 0x1, 0x80, 0x38, 0x60,
    0x0, 0x60, 0xe, 0x18, 0x0, 0x18, 0x3, 0x86,
    0x0, 0x6, 0x0, 0xe1, 0xff, 0xff, 0x80, 0x38,
    0x7f, 0xff, 0xe0, 0x1f, 0x0, 0x0, 0x0, 0xf,
    0xe0, 0x0, 0x0, 0xf, 0xbc, 0x0, 0x0, 0x7,
    0x87, 0xc0, 0x0, 0x1, 0xc0, 0x7f, 0xff, 0xff,
    0x60, 0x7, 0xff, 0xff, 0x80,

    /* U+9078 "選" */
    0x0, 0x0, 0x0, 0x0, 0x1c, 0xf, 0xfc, 0xff,
    0xc3, 0x83, 0xff, 0x3f, 0xf0, 0x70, 0x0, 0xc0,
    0xc, 0xe, 0x0, 0x30, 0x3, 0x3, 0xcf, 0xfc,
    0xff, 0xc0, 0x7b, 0xff, 0x3f, 0xf0, 0x8, 0xe0,
    0xe, 0x0, 0x0, 0x38, 0x13, 0x80, 0x80, 0xe,
    0x7, 0xe0, 0x20, 0x3, 0xff, 0xbf, 0xf8, 0x0,
    0x7f, 0xe7, 0xfc, 0x0, 0x0, 0xe0, 0xe0, 0x0,
    0x0, 0x38, 0x38, 0x7, 0xf0, 0xe, 0xe, 0x1,
    0xfc, 0xff, 0xff, 0xfc, 0x7, 0x3f, 0xff, 0xff,
    0x1, 0xc0, 0x38, 0x38, 0x0, 0x70, 0xe, 0xe,
    0x0, 0x1c, 0x3, 0x83, 0x80, 0x7, 0x0, 0xe0,
    0xe0, 0x1, 0xcf, 0xff, 0xff, 0xe0, 0x73, 0xff,
    0xff, 0xf8, 0x1c, 0x0, 0x0, 0x0, 0x7, 0x1,
    0xe0, 0xf0, 0x1, 0xc0, 0xf0, 0x1e, 0x0, 0x71,
    0xf8, 0x1, 0xe0, 0x3e, 0xf8, 0x0, 0x3c, 0x1f,
    0xdc, 0x0, 0x7, 0xf, 0x38, 0x0, 0x0, 0x7,
    0x87, 0x80, 0x0, 0x3, 0xc0, 0xff, 0xff, 0xfe,
    0x60, 0xf, 0xff, 0xff, 0x80,

    /* U+9650 "限" */
    0xff, 0xe7, 0xff, 0xf8, 0xff, 0xe7, 0xff, 0xf8,
    0xe0, 0xe7, 0x0, 0x18, 0xe0, 0xc7, 0x0, 0x18,
    0xe1, 0xc7, 0x0, 0x18, 0xe1, 0xc7, 0x0, 0x18,
    0xe1, 0x87, 0xff, 0xf8, 0xe3, 0x87, 0xff, 0xf8,
    0xe3, 0x7, 0x0, 0x18, 0xe7, 0x7, 0x0, 0x18,
    0xe3, 0x87, 0x0, 0x18, 0xe1, 0x87, 0x0, 0x18,
    0xe1, 0xc7, 0x0, 0x18, 0xe0, 0xc7, 0xff, 0xf8,
    0xe0, 0xe7, 0xff, 0xf8, 0xe0, 0x67, 0xc, 0x0,
    0xe0, 0x67, 0xe, 0xc, 0xe0, 0x67, 0xe, 0x1e,
    0xe0, 0x67, 0x6, 0x3c, 0xe0, 0xe7, 0x7, 0x70,
    0xe7, 0xc7, 0x3, 0xe0, 0xe7, 0x87, 0x3, 0xc0,
    0xe0, 0x7, 0x3, 0x80, 0xe0, 0x7, 0x1, 0xc0,
    0xe0, 0x7, 0x1, 0xe0, 0xe0, 0x7, 0x1e, 0xf0,
    0xe0, 0x7, 0xfe, 0x78, 0xe0, 0x3f, 0xfc, 0x3c,
    0xe0, 0x3f, 0xc0, 0x1f, 0xe0, 0x3c, 0x0, 0xe,
    0xe0, 0x0, 0x0, 0x4
};


/*---------------------
 *  GLYPH DESCRIPTION
 *--------------------*/

static const lv_font_fmt_txt_glyph_dsc_t glyph_dsc[] = {
    {.bitmap_index = 0, .adv_w = 0, .box_w = 0, .box_h = 0, .ofs_x = 0, .ofs_y = 0} /* id = 0 reserved */,
    {.bitmap_index = 0, .adv_w = 129, .box_w = 1, .box_h = 1, .ofs_x = 0, .ofs_y = 0},
    {.bitmap_index = 1, .adv_w = 186, .box_w = 5, .box_h = 27, .ofs_x = 3, .ofs_y = 0},
    {.bitmap_index = 18, .adv_w = 320, .box_w = 18, .box_h = 26, .ofs_x = 1, .ofs_y = 0},
    {.bitmap_index = 77, .adv_w = 320, .box_w = 15, .box_h = 35, .ofs_x = 2, .ofs_y = -4},
    {.bitmap_index = 143, .adv_w = 530, .box_w = 31, .box_h = 26, .ofs_x = 1, .ofs_y = 0},
    {.bitmap_index = 244, .adv_w = 392, .box_w = 23, .box_h = 26, .ofs_x = 1, .ofs_y = 0},
    {.bitmap_index = 319, .adv_w = 160, .box_w = 3, .box_h = 10, .ofs_x = 3, .ofs_y = 17},
    {.bitmap_index = 323, .adv_w = 195, .box_w = 8, .box_h = 36, .ofs_x = 3, .ofs_y = -7},
    {.bitmap_index = 359, .adv_w = 195, .box_w = 8, .box_h = 36, .ofs_x = 1, .ofs_y = -7},
    {.bitmap_index = 395, .adv_w = 269, .box_w = 12, .box_h = 12, .ofs_x = 2, .ofs_y = 16},
    {.bitmap_index = 413, .adv_w = 320, .box_w = 17, .box_h = 18, .ofs_x = 1, .ofs_y = 4},
    {.bitmap_index = 452, .adv_w = 160, .box_w = 7, .box_h = 11, .ofs_x = 2, .ofs_y = -7},
    {.bitmap_index = 462, .adv_w = 200, .box_w = 9, .box_h = 2, .ofs_x = 2, .ofs_y = 9},
    {.bitmap_index = 465, .adv_w = 160, .box_w = 5, .box_h = 5, .ofs_x = 3, .ofs_y = 0},
    {.bitmap_index = 469, .adv_w = 226, .box_w = 14, .box_h = 35, .ofs_x = 0, .ofs_y = -7},
    {.bitmap_index = 531, .adv_w = 320, .box_w = 16, .box_h = 26, .ofs_x = 2, .ofs_y = 0},
    {.bitmap_index = 583, .adv_w = 320, .box_w = 14, .box_h = 26, .ofs_x = 3, .ofs_y = 0},
    {.bitmap_index = 629, .adv_w = 320, .box_w = 17, .box_h = 26, .ofs_x = 2, .ofs_y = 0},
    {.bitmap_index = 685, .adv_w = 320, .box_w = 17, .box_h = 26, .ofs_x = 1, .ofs_y = 0},
    {.bitmap_index = 741, .adv_w = 320, .box_w = 19, .box_h = 26, .ofs_x = 0, .ofs_y = 0},
    {.bitmap_index = 803, .adv_w = 320, .box_w = 17, .box_h = 26, .ofs_x = 1, .ofs_y = 0},
    {.bitmap_index = 859, .adv_w = 320, .box_w = 16, .box_h = 26, .ofs_x = 2, .ofs_y = 0},
    {.bitmap_index = 911, .adv_w = 320, .box_w = 17, .box_h = 26, .ofs_x = 2, .ofs_y = 0},
    {.bitmap_index = 967, .adv_w = 320, .box_w = 17, .box_h = 26, .ofs_x = 2, .ofs_y = 0},
    {.bitmap_index = 1023, .adv_w = 320, .box_w = 16, .box_h = 26, .ofs_x = 2, .ofs_y = 0},
    {.bitmap_index = 1075, .adv_w = 160, .box_w = 5, .box_h = 20, .ofs_x = 3, .ofs_y = 0},
    {.bitmap_index = 1088, .adv_w = 160, .box_w = 7, .box_h = 27, .ofs_x = 2, .ofs_y = -7},
    {.bitmap_index = 1112, .adv_w = 320, .box_w = 18, .box_h = 16, .ofs_x = 1, .ofs_y = 5},
    {.bitmap_index = 1148, .adv_w = 320, .box_w = 17, .box_h = 11, .ofs_x = 1, .ofs_y = 8},
    {.bitmap_index = 1172, .adv_w = 320, .box_w = 18, .box_h = 16, .ofs_x = 1, .ofs_y = 5},
    {.bitmap_index = 1208, .adv_w = 273, .box_w = 13, .box_h = 27, .ofs_x = 2, .ofs_y = 0},
    {.bitmap_index = 1252, .adv_w = 545, .box_w = 30, .box_h = 32, .ofs_x = 2, .ofs_y = -6},
    {.bitmap_index = 1372, .adv_w = 350, .box_w = 22, .box_h = 26, .ofs_x = 0, .ofs_y = 0},
    {.bitmap_index = 1444, .adv_w = 378, .box_w = 18, .box_h = 26, .ofs_x = 4, .ofs_y = 0},
    {.bitmap_index = 1503, .adv_w = 367, .box_w = 19, .box_h = 26, .ofs_x = 2, .ofs_y = 0},
    {.bitmap_index = 1565, .adv_w = 396, .box_w = 19, .box_h = 26, .ofs_x = 4, .ofs_y = 0},
    {.bitmap_index = 1627, .adv_w = 339, .box_w = 16, .box_h = 26, .ofs_x = 4, .ofs_y = 0},
    {.bitmap_index = 1679, .adv_w = 318, .box_w = 15, .box_h = 26, .ofs_x = 4, .ofs_y = 0},
    {.bitmap_index = 1728, .adv_w = 397, .box_w = 20, .box_h = 26, .ofs_x = 2, .ofs_y = 0},
    {.bitmap_index = 1793, .adv_w = 419, .box_w = 19, .box_h = 26, .ofs_x = 4, .ofs_y = 0},
    {.bitmap_index = 1855, .adv_w = 169, .box_w = 3, .box_h = 26, .ofs_x = 4, .ofs_y = 0},
    {.bitmap_index = 1865, .adv_w = 308, .box_w = 14, .box_h = 26, .ofs_x = 1, .ofs_y = 0},
    {.bitmap_index = 1911, .adv_w = 372, .box_w = 19, .box_h = 26, .ofs_x = 4, .ofs_y = 0},
    {.bitmap_index = 1973, .adv_w = 313, .box_w = 15, .box_h = 26, .ofs_x = 4, .ofs_y = 0},
    {.bitmap_index = 2022, .adv_w = 468, .box_w = 22, .box_h = 26, .ofs_x = 4, .ofs_y = 0},
    {.bitmap_index = 2094, .adv_w = 416, .box_w = 19, .box_h = 26, .ofs_x = 4, .ofs_y = 0},
    {.bitmap_index = 2156, .adv_w = 427, .box_w = 22, .box_h = 26, .ofs_x = 2, .ofs_y = 0},
    {.bitmap_index = 2228, .adv_w = 365, .box_w = 17, .box_h = 26, .ofs_x = 4, .ofs_y = 0},
    {.bitmap_index = 2284, .adv_w = 427, .box_w = 23, .box_h = 32, .ofs_x = 2, .ofs_y = -6},
    {.bitmap_index = 2376, .adv_w = 366, .box_w = 18, .box_h = 26, .ofs_x = 4, .ofs_y = 0},
    {.bitmap_index = 2435, .adv_w = 343, .box_w = 18, .box_h = 26, .ofs_x = 2, .ofs_y = 0},
    {.bitmap_index = 2494, .adv_w = 345, .box_w = 19, .box_h = 26, .ofs_x = 1, .ofs_y = 0},
    {.bitmap_index = 2556, .adv_w = 415, .box_w = 19, .box_h = 26, .ofs_x = 4, .ofs_y = 0},
    {.bitmap_index = 2618, .adv_w = 331, .box_w = 21, .box_h = 26, .ofs_x = 0, .ofs_y = 0},
    {.bitmap_index = 2687, .adv_w = 506, .box_w = 30, .box_h = 26, .ofs_x = 1, .ofs_y = 0},
    {.bitmap_index = 2785, .adv_w = 330, .box_w = 19, .box_h = 26, .ofs_x = 1, .ofs_y = 0},
    {.bitmap_index = 2847, .adv_w = 306, .box_w = 19, .box_h = 26, .ofs_x = 0, .ofs_y = 0},
    {.bitmap_index = 2909, .adv_w = 347, .box_w = 18, .box_h = 26, .ofs_x = 2, .ofs_y = 0},
    {.bitmap_index = 2968, .adv_w = 195, .box_w = 7, .box_h = 35, .ofs_x = 4, .ofs_y = -7},
    {.bitmap_index = 2999, .adv_w = 226, .box_w = 13, .box_h = 35, .ofs_x = 1, .ofs_y = -7},
    {.bitmap_index = 3056, .adv_w = 195, .box_w = 8, .box_h = 35, .ofs_x = 1, .ofs_y = -7},
    {.bitmap_index = 3091, .adv_w = 320, .box_w = 16, .box_h = 16, .ofs_x = 2, .ofs_y = 11},
    {.bitmap_index = 3123, .adv_w = 322, .box_w = 19, .box_h = 2, .ofs_x = 1, .ofs_y = -5},
    {.bitmap_index = 3128, .adv_w = 349, .box_w = 8, .box_h = 8, .ofs_x = 5, .ofs_y = 23},
    {.bitmap_index = 3136, .adv_w = 324, .box_w = 15, .box_h = 21, .ofs_x = 2, .ofs_y = 0},
    {.bitmap_index = 3176, .adv_w = 356, .box_w = 17, .box_h = 28, .ofs_x = 3, .ofs_y = 0},
    {.bitmap_index = 3236, .adv_w = 294, .box_w = 15, .box_h = 21, .ofs_x = 2, .ofs_y = 0},
    {.bitmap_index = 3276, .adv_w = 357, .box_w = 17, .box_h = 28, .ofs_x = 2, .ofs_y = 0},
    {.bitmap_index = 3336, .adv_w = 319, .box_w = 17, .box_h = 21, .ofs_x = 2, .ofs_y = 0},
    {.bitmap_index = 3381, .adv_w = 187, .box_w = 12, .box_h = 29, .ofs_x = 1, .ofs_y = 0},
    {.bitmap_index = 3425, .adv_w = 325, .box_w = 18, .box_h = 29, .ofs_x = 2, .ofs_y = -8},
    {.bitmap_index = 3491, .adv_w = 350, .box_w = 15, .box_h = 28, .ofs_x = 3, .ofs_y = 0},
    {.bitmap_index = 3544, .adv_w = 158, .box_w = 4, .box_h = 28, .ofs_x = 3, .ofs_y = 0},
    {.bitmap_index = 3558, .adv_w = 158, .box_w = 8, .box_h = 36, .ofs_x = -1, .ofs_y = -8},
    {.bitmap_index = 3594, .adv_w = 318, .box_w = 16, .box_h = 28, .ofs_x = 3, .ofs_y = 0},
    {.bitmap_index = 3650, .adv_w = 164, .box_w = 5, .box_h = 28, .ofs_x = 3, .ofs_y = 0},
    {.bitmap_index = 3668, .adv_w = 533, .box_w = 27, .box_h = 21, .ofs_x = 3, .ofs_y = 0},
    {.bitmap_index = 3739, .adv_w = 351, .box_w = 15, .box_h = 21, .ofs_x = 3, .ofs_y = 0},
    {.bitmap_index = 3779, .adv_w = 349, .box_w = 18, .box_h = 21, .ofs_x = 2, .ofs_y = 0},
    {.bitmap_index = 3827, .adv_w = 357, .box_w = 17, .box_h = 29, .ofs_x = 3, .ofs_y = -8},
    {.bitmap_index = 3889, .adv_w = 357, .box_w = 17, .box_h = 29, .ofs_x = 2, .ofs_y = -8},
    {.bitmap_index = 3951, .adv_w = 223, .box_w = 10, .box_h = 21, .ofs_x = 3, .ofs_y = 0},
    {.bitmap_index = 3978, .adv_w = 270, .box_w = 14, .box_h = 21, .ofs_x = 1, .ofs_y = 0},
    {.bitmap_index = 4015, .adv_w = 217, .box_w = 13, .box_h = 26, .ofs_x = 1, .ofs_y = 0},
    {.bitmap_index = 4058, .adv_w = 350, .box_w = 15, .box_h = 20, .ofs_x = 3, .ofs_y = 0},
    {.bitmap_index = 4096, .adv_w = 300, .box_w = 18, .box_h = 20, .ofs_x = 0, .ofs_y = 0},
    {.bitmap_index = 4141, .adv_w = 462, .box_w = 27, .box_h = 20, .ofs_x = 1, .ofs_y = 0},
    {.bitmap_index = 4209, .adv_w = 287, .box_w = 16, .box_h = 20, .ofs_x = 1, .ofs_y = 0},
    {.bitmap_index = 4249, .adv_w = 300, .box_w = 18, .box_h = 28, .ofs_x = 0, .ofs_y = -8},
    {.bitmap_index = 4312, .adv_w = 274, .box_w = 15, .box_h = 20, .ofs_x = 1, .ofs_y = 0},
    {.bitmap_index = 4350, .adv_w = 195, .box_w = 10, .box_h = 35, .ofs_x = 1, .ofs_y = -7},
    {.bitmap_index = 4394, .adv_w = 156, .box_w = 3, .box_h = 40, .ofs_x = 4, .ofs_y = -10},
    {.bitmap_index = 4409, .adv_w = 195, .box_w = 10, .box_h = 35, .ofs_x = 1, .ofs_y = -7},
    {.bitmap_index = 4453, .adv_w = 320, .box_w = 18, .box_h = 6, .ofs_x = 1, .ofs_y = 10},
    {.bitmap_index = 4467, .adv_w = 320, .box_w = 16, .box_h = 26, .ofs_x = 2, .ofs_y = 0},
    {.bitmap_index = 4519, .adv_w = 320, .box_w = 18, .box_h = 26, .ofs_x = 1, .ofs_y = 0},
    {.bitmap_index = 4578, .adv_w = 323, .box_w = 5, .box_h = 5, .ofs_x = 8, .ofs_y = 11},
    {.bitmap_index = 4582, .adv_w = 320, .box_w = 20, .box_h = 26, .ofs_x = 0, .ofs_y = 0},
    {.bitmap_index = 4647, .adv_w = 576, .box_w = 28, .box_h = 25, .ofs_x = 5, .ofs_y = 0},
    {.bitmap_index = 4735, .adv_w = 576, .box_w = 31, .box_h = 30, .ofs_x = 4, .ofs_y = -1},
    {.bitmap_index = 4852, .adv_w = 576, .box_w = 19, .box_h = 31, .ofs_x = 7, .ofs_y = -2},
    {.bitmap_index = 4926, .adv_w = 576, .box_w = 25, .box_h = 31, .ofs_x = 6, .ofs_y = -2},
    {.bitmap_index = 5023, .adv_w = 576, .box_w = 24, .box_h = 30, .ofs_x = 9, .ofs_y = -2},
    {.bitmap_index = 5113, .adv_w = 576, .box_w = 30, .box_h = 30, .ofs_x = 4, .ofs_y = -2},
    {.bitmap_index = 5226, .adv_w = 576, .box_w = 32, .box_h = 28, .ofs_x = 1, .ofs_y = -1},
    {.bitmap_index = 5338, .adv_w = 576, .box_w = 31, .box_h = 30, .ofs_x = 3, .ofs_y = -2},
    {.bitmap_index = 5455, .adv_w = 576, .box_w = 29, .box_h = 27, .ofs_x = 3, .ofs_y = -1},
    {.bitmap_index = 5553, .adv_w = 576, .box_w = 30, .box_h = 26, .ofs_x = 3, .ofs_y = -1},
    {.bitmap_index = 5651, .adv_w = 576, .box_w = 24, .box_h = 29, .ofs_x = 7, .ofs_y = -1},
    {.bitmap_index = 5738, .adv_w = 576, .box_w = 28, .box_h = 28, .ofs_x = 3, .ofs_y = -1},
    {.bitmap_index = 5836, .adv_w = 576, .box_w = 29, .box_h = 29, .ofs_x = 3, .ofs_y = -1},
    {.bitmap_index = 5942, .adv_w = 576, .box_w = 25, .box_h = 22, .ofs_x = 6, .ofs_y = -3},
    {.bitmap_index = 6011, .adv_w = 576, .box_w = 30, .box_h = 27, .ofs_x = 4, .ofs_y = -1},
    {.bitmap_index = 6113, .adv_w = 576, .box_w = 28, .box_h = 29, .ofs_x = 3, .ofs_y = -1},
    {.bitmap_index = 6215, .adv_w = 576, .box_w = 26, .box_h = 30, .ofs_x = 5, .ofs_y = -1},
    {.bitmap_index = 6313, .adv_w = 576, .box_w = 25, .box_h = 19, .ofs_x = 5, .ofs_y = 0},
    {.bitmap_index = 6373, .adv_w = 576, .box_w = 25, .box_h = 25, .ofs_x = 6, .ofs_y = -3},
    {.bitmap_index = 6452, .adv_w = 576, .box_w = 30, .box_h = 30, .ofs_x = 3, .ofs_y = -1},
    {.bitmap_index = 6565, .adv_w = 576, .box_w = 28, .box_h = 30, .ofs_x = 4, .ofs_y = -2},
    {.bitmap_index = 6670, .adv_w = 576, .box_w = 27, .box_h = 30, .ofs_x = 4, .ofs_y = -2},
    {.bitmap_index = 6772, .adv_w = 576, .box_w = 33, .box_h = 32, .ofs_x = 2, .ofs_y = -3},
    {.bitmap_index = 6904, .adv_w = 576, .box_w = 26, .box_h = 25, .ofs_x = 5, .ofs_y = 0},
    {.bitmap_index = 6986, .adv_w = 576, .box_w = 30, .box_h = 29, .ofs_x = 3, .ofs_y = -1},
    {.bitmap_index = 7095, .adv_w = 576, .box_w = 29, .box_h = 29, .ofs_x = 4, .ofs_y = -1},
    {.bitmap_index = 7201, .adv_w = 576, .box_w = 31, .box_h = 30, .ofs_x = 3, .ofs_y = -1},
    {.bitmap_index = 7318, .adv_w = 576, .box_w = 28, .box_h = 26, .ofs_x = 4, .ofs_y = -1},
    {.bitmap_index = 7409, .adv_w = 576, .box_w = 27, .box_h = 27, .ofs_x = 4, .ofs_y = -1},
    {.bitmap_index = 7501, .adv_w = 576, .box_w = 30, .box_h = 29, .ofs_x = 3, .ofs_y = -2},
    {.bitmap_index = 7610, .adv_w = 576, .box_w = 24, .box_h = 24, .ofs_x = 6, .ofs_y = -3},
    {.bitmap_index = 7682, .adv_w = 576, .box_w = 32, .box_h = 32, .ofs_x = 3, .ofs_y = -1},
    {.bitmap_index = 7810, .adv_w = 576, .box_w = 19, .box_h = 29, .ofs_x = 11, .ofs_y = -1},
    {.bitmap_index = 7879, .adv_w = 576, .box_w = 21, .box_h = 29, .ofs_x = 10, .ofs_y = -2},
    {.bitmap_index = 7956, .adv_w = 576, .box_w = 33, .box_h = 29, .ofs_x = 2, .ofs_y = 0},
    {.bitmap_index = 8076, .adv_w = 576, .box_w = 32, .box_h = 29, .ofs_x = 2, .ofs_y = 0},
    {.bitmap_index = 8192, .adv_w = 576, .box_w = 26, .box_h = 26, .ofs_x = 5, .ofs_y = -1},
    {.bitmap_index = 8277, .adv_w = 576, .box_w = 31, .box_h = 31, .ofs_x = 4, .ofs_y = -1},
    {.bitmap_index = 8398, .adv_w = 576, .box_w = 31, .box_h = 31, .ofs_x = 2, .ofs_y = -1},
    {.bitmap_index = 8519, .adv_w = 576, .box_w = 29, .box_h = 26, .ofs_x = 4, .ofs_y = -2},
    {.bitmap_index = 8614, .adv_w = 576, .box_w = 31, .box_h = 29, .ofs_x = 3, .ofs_y = -1},
    {.bitmap_index = 8727, .adv_w = 576, .box_w = 19, .box_h = 20, .ofs_x = 8, .ofs_y = -1},
    {.bitmap_index = 8775, .adv_w = 576, .box_w = 32, .box_h = 28, .ofs_x = 2, .ofs_y = -1},
    {.bitmap_index = 8887, .adv_w = 576, .box_w = 24, .box_h = 28, .ofs_x = 8, .ofs_y = -1},
    {.bitmap_index = 8971, .adv_w = 576, .box_w = 26, .box_h = 25, .ofs_x = 5, .ofs_y = 0},
    {.bitmap_index = 9053, .adv_w = 576, .box_w = 27, .box_h = 27, .ofs_x = 5, .ofs_y = -2},
    {.bitmap_index = 9145, .adv_w = 576, .box_w = 28, .box_h = 27, .ofs_x = 5, .ofs_y = -1},
    {.bitmap_index = 9240, .adv_w = 576, .box_w = 29, .box_h = 3, .ofs_x = 3, .ofs_y = 12},
    {.bitmap_index = 9251, .adv_w = 576, .box_w = 33, .box_h = 30, .ofs_x = 1, .ofs_y = -2},
    {.bitmap_index = 9375, .adv_w = 576, .box_w = 33, .box_h = 31, .ofs_x = 1, .ofs_y = -3},
    {.bitmap_index = 9503, .adv_w = 576, .box_w = 32, .box_h = 33, .ofs_x = 1, .ofs_y = -3},
    {.bitmap_index = 9635, .adv_w = 576, .box_w = 32, .box_h = 33, .ofs_x = 2, .ofs_y = -3},
    {.bitmap_index = 9767, .adv_w = 576, .box_w = 31, .box_h = 33, .ofs_x = 2, .ofs_y = -3},
    {.bitmap_index = 9895, .adv_w = 576, .box_w = 32, .box_h = 33, .ofs_x = 1, .ofs_y = -4},
    {.bitmap_index = 10027, .adv_w = 576, .box_w = 32, .box_h = 32, .ofs_x = 2, .ofs_y = -3},
    {.bitmap_index = 10155, .adv_w = 576, .box_w = 30, .box_h = 33, .ofs_x = 1, .ofs_y = -3},
    {.bitmap_index = 10279, .adv_w = 576, .box_w = 33, .box_h = 30, .ofs_x = 2, .ofs_y = -3},
    {.bitmap_index = 10403, .adv_w = 576, .box_w = 33, .box_h = 34, .ofs_x = 1, .ofs_y = -4},
    {.bitmap_index = 10544, .adv_w = 576, .box_w = 33, .box_h = 33, .ofs_x = 1, .ofs_y = -3},
    {.bitmap_index = 10681, .adv_w = 576, .box_w = 34, .box_h = 33, .ofs_x = 1, .ofs_y = -3},
    {.bitmap_index = 10822, .adv_w = 576, .box_w = 35, .box_h = 33, .ofs_x = 1, .ofs_y = -3},
    {.bitmap_index = 10967, .adv_w = 576, .box_w = 34, .box_h = 33, .ofs_x = 0, .ofs_y = -3},
    {.bitmap_index = 11108, .adv_w = 576, .box_w = 34, .box_h = 33, .ofs_x = 1, .ofs_y = -3},
    {.bitmap_index = 11249, .adv_w = 576, .box_w = 32, .box_h = 33, .ofs_x = 2, .ofs_y = -3},
    {.bitmap_index = 11381, .adv_w = 576, .box_w = 31, .box_h = 32, .ofs_x = 2, .ofs_y = -3},
    {.bitmap_index = 11505, .adv_w = 576, .box_w = 32, .box_h = 33, .ofs_x = 3, .ofs_y = -3},
    {.bitmap_index = 11637, .adv_w = 576, .box_w = 33, .box_h = 33, .ofs_x = 1, .ofs_y = -3},
    {.bitmap_index = 11774, .adv_w = 576, .box_w = 34, .box_h = 33, .ofs_x = 1, .ofs_y = -3},
    {.bitmap_index = 11915, .adv_w = 576, .box_w = 34, .box_h = 33, .ofs_x = 1, .ofs_y = -3},
    {.bitmap_index = 12056, .adv_w = 576, .box_w = 34, .box_h = 32, .ofs_x = 1, .ofs_y = -2},
    {.bitmap_index = 12192, .adv_w = 576, .box_w = 34, .box_h = 33, .ofs_x = 1, .ofs_y = -3},
    {.bitmap_index = 12333, .adv_w = 576, .box_w = 32, .box_h = 33, .ofs_x = 1, .ofs_y = -3},
    {.bitmap_index = 12465, .adv_w = 576, .box_w = 34, .box_h = 33, .ofs_x = 1, .ofs_y = -3},
    {.bitmap_index = 12606, .adv_w = 576, .box_w = 34, .box_h = 33, .ofs_x = 0, .ofs_y = -3},
    {.bitmap_index = 12747, .adv_w = 576, .box_w = 33, .box_h = 33, .ofs_x = 2, .ofs_y = -3},
    {.bitmap_index = 12884, .adv_w = 576, .box_w = 32, .box_h = 31, .ofs_x = 2, .ofs_y = -3},
    {.bitmap_index = 13008, .adv_w = 576, .box_w = 33, .box_h = 32, .ofs_x = 1, .ofs_y = -3},
    {.bitmap_index = 13140, .adv_w = 576, .box_w = 33, .box_h = 32, .ofs_x = 1, .ofs_y = -3},
    {.bitmap_index = 13272, .adv_w = 576, .box_w = 34, .box_h = 32, .ofs_x = 1, .ofs_y = -3},
    {.bitmap_index = 13408, .adv_w = 576, .box_w = 34, .box_h = 32, .ofs_x = 1, .ofs_y = -3},
    {.bitmap_index = 13544, .adv_w = 576, .box_w = 34, .box_h = 32, .ofs_x = 1, .ofs_y = -3},
    {.bitmap_index = 13680, .adv_w = 576, .box_w = 34, .box_h = 33, .ofs_x = 1, .ofs_y = -3},
    {.bitmap_index = 13821, .adv_w = 576, .box_w = 34, .box_h = 33, .ofs_x = 1, .ofs_y = -3},
    {.bitmap_index = 13962, .adv_w = 576, .box_w = 32, .box_h = 31, .ofs_x = 3, .ofs_y = -3}
};

/*---------------------
 *  CHARACTER MAPPING
 *--------------------*/

static const uint16_t unicode_list_2[] = {
    0x0, 0x2, 0x14, 0x2009, 0x2fa1, 0x2fa7, 0x2fac, 0x2fb2,
    0x2fb4, 0x2fb6, 0x2fb8, 0x2fbd, 0x2fc3, 0x2fcb, 0x2fe6, 0x2fe8,
    0x2fef, 0x2ffe, 0x2fff, 0x3001, 0x3003, 0x3004, 0x3006, 0x3007,
    0x300a, 0x300c, 0x300d, 0x3010, 0x3012, 0x3014, 0x3015, 0x3016,
    0x301a, 0x301e, 0x3020, 0x3024, 0x3025, 0x3026, 0x302d, 0x302e,
    0x3032, 0x3034, 0x303a, 0x303b, 0x303d, 0x3044, 0x3048, 0x3049,
    0x304a, 0x304c, 0x3050, 0x3059, 0x50c2, 0x50ea, 0x5193, 0x51aa,
    0x51f8, 0x51fd, 0x5354, 0x536a, 0x5aad, 0x5af7, 0x5d60, 0x619d,
    0x61fb, 0x6264, 0x650d, 0x6516, 0x656b, 0x65f4, 0x6666, 0x6879,
    0x6986, 0x6c32, 0x74c7, 0x7742, 0x7817, 0x798b, 0x7c68, 0x895d,
    0x898a, 0x8999, 0x89ea, 0x89fb, 0x8bfe, 0x8f5a, 0x8fd5, 0x95ad
};

/*Collect the unicode lists and glyph_id offsets*/
static const lv_font_fmt_txt_cmap_t cmaps[] =
{
    {
        .range_start = 32, .range_length = 2, .glyph_id_start = 1,
        .unicode_list = NULL, .glyph_id_ofs_list = NULL, .list_length = 0, .type = LV_FONT_FMT_TXT_CMAP_FORMAT0_TINY
    },
    {
        .range_start = 35, .range_length = 92, .glyph_id_start = 3,
        .unicode_list = NULL, .glyph_id_ofs_list = NULL, .list_length = 0, .type = LV_FONT_FMT_TXT_CMAP_FORMAT0_TINY
    },
    {
        .range_start = 163, .range_length = 38318, .glyph_id_start = 95,
        .unicode_list = unicode_list_2, .glyph_id_ofs_list = NULL, .list_length = 88, .type = LV_FONT_FMT_TXT_CMAP_SPARSE_TINY
    }
};

/*-----------------
 *    KERNING
 *----------------*/


/*Pair left and right glyphs for kerning*/
static const uint8_t kern_pair_glyph_ids[] =
{
    7, 12,
    7, 14,
    7, 33,
    7, 42,
    7, 51,
    7, 56,
    7, 67,
    7, 68,
    7, 69,
    7, 79,
    7, 81,
    7, 83,
    8, 42,
    8, 74,
    12, 7,
    12, 10,
    12, 52,
    12, 53,
    12, 54,
    12, 55,
    12, 57,
    12, 67,
    12, 68,
    12, 69,
    12, 74,
    12, 79,
    12, 81,
    12, 84,
    12, 86,
    12, 87,
    12, 89,
    13, 42,
    13, 51,
    13, 52,
    13, 54,
    13, 55,
    13, 56,
    13, 57,
    13, 58,
    13, 84,
    13, 86,
    13, 88,
    14, 7,
    14, 10,
    14, 52,
    14, 53,
    14, 54,
    14, 55,
    14, 57,
    14, 67,
    14, 68,
    14, 69,
    14, 74,
    14, 79,
    14, 81,
    14, 84,
    14, 86,
    14, 87,
    14, 89,
    15, 33,
    15, 35,
    15, 39,
    15, 42,
    15, 47,
    15, 49,
    15, 65,
    15, 67,
    15, 68,
    15, 69,
    15, 71,
    15, 73,
    15, 74,
    15, 79,
    15, 81,
    15, 84,
    15, 85,
    26, 10,
    26, 57,
    26, 74,
    27, 10,
    27, 57,
    27, 74,
    33, 7,
    33, 10,
    33, 31,
    33, 33,
    33, 35,
    33, 39,
    33, 47,
    33, 49,
    33, 52,
    33, 53,
    33, 54,
    33, 56,
    33, 57,
    33, 58,
    33, 60,
    33, 65,
    33, 70,
    33, 83,
    33, 84,
    33, 85,
    33, 86,
    33, 87,
    33, 88,
    33, 89,
    33, 97,
    34, 10,
    34, 42,
    34, 51,
    34, 52,
    34, 54,
    34, 55,
    34, 56,
    34, 57,
    34, 58,
    34, 84,
    34, 86,
    34, 87,
    34, 88,
    34, 89,
    34, 97,
    35, 13,
    35, 35,
    35, 39,
    35, 42,
    35, 47,
    35, 49,
    35, 51,
    35, 52,
    35, 53,
    35, 54,
    35, 55,
    35, 56,
    35, 57,
    35, 58,
    35, 71,
    35, 84,
    35, 85,
    35, 86,
    35, 87,
    35, 89,
    35, 97,
    36, 10,
    36, 15,
    36, 33,
    36, 42,
    36, 52,
    36, 54,
    36, 55,
    36, 56,
    36, 57,
    36, 58,
    36, 88,
    36, 90,
    37, 67,
    37, 68,
    37, 69,
    37, 79,
    37, 81,
    37, 84,
    37, 86,
    37, 88,
    37, 89,
    38, 12,
    38, 14,
    38, 15,
    38, 33,
    38, 35,
    38, 39,
    38, 42,
    38, 47,
    38, 49,
    38, 51,
    38, 54,
    38, 55,
    38, 56,
    38, 57,
    38, 58,
    38, 65,
    38, 67,
    38, 68,
    38, 69,
    38, 71,
    38, 77,
    38, 78,
    38, 79,
    38, 80,
    38, 81,
    38, 82,
    38, 83,
    38, 84,
    38, 85,
    38, 86,
    38, 87,
    38, 88,
    38, 89,
    38, 90,
    38, 97,
    39, 10,
    39, 33,
    39, 52,
    39, 54,
    39, 55,
    42, 12,
    42, 14,
    42, 42,
    43, 7,
    43, 10,
    43, 13,
    43, 31,
    43, 33,
    43, 35,
    43, 39,
    43, 47,
    43, 49,
    43, 51,
    43, 52,
    43, 53,
    43, 54,
    43, 55,
    43, 57,
    43, 67,
    43, 68,
    43, 69,
    43, 74,
    43, 79,
    43, 81,
    43, 84,
    43, 85,
    43, 86,
    43, 87,
    43, 88,
    43, 89,
    43, 90,
    43, 97,
    44, 7,
    44, 10,
    44, 13,
    44, 31,
    44, 35,
    44, 39,
    44, 47,
    44, 49,
    44, 51,
    44, 52,
    44, 53,
    44, 54,
    44, 55,
    44, 57,
    44, 60,
    44, 67,
    44, 68,
    44, 69,
    44, 70,
    44, 71,
    44, 79,
    44, 81,
    44, 84,
    44, 85,
    44, 86,
    44, 87,
    44, 89,
    44, 97,
    47, 10,
    47, 15,
    47, 33,
    47, 42,
    47, 52,
    47, 54,
    47, 55,
    47, 56,
    47, 57,
    47, 58,
    47, 88,
    47, 90,
    48, 12,
    48, 13,
    48, 14,
    48, 15,
    48, 33,
    48, 42,
    48, 51,
    48, 52,
    48, 56,
    48, 57,
    48, 58,
    48, 65,
    48, 67,
    48, 68,
    48, 69,
    48, 71,
    48, 79,
    48, 81,
    48, 83,
    48, 88,
    48, 90,
    48, 97,
    49, 10,
    49, 15,
    49, 33,
    49, 42,
    49, 52,
    49, 54,
    49, 55,
    49, 56,
    49, 57,
    49, 58,
    49, 88,
    49, 90,
    50, 10,
    50, 13,
    50, 33,
    50, 42,
    50, 51,
    50, 52,
    50, 54,
    50, 55,
    50, 56,
    50, 57,
    50, 58,
    50, 65,
    50, 67,
    50, 68,
    50, 69,
    50, 71,
    50, 79,
    50, 81,
    50, 88,
    50, 90,
    50, 97,
    51, 10,
    51, 13,
    51, 42,
    51, 51,
    51, 52,
    51, 57,
    51, 84,
    51, 90,
    51, 97,
    52, 12,
    52, 13,
    52, 14,
    52, 15,
    52, 26,
    52, 27,
    52, 33,
    52, 35,
    52, 39,
    52, 42,
    52, 47,
    52, 49,
    52, 51,
    52, 56,
    52, 57,
    52, 58,
    52, 65,
    52, 67,
    52, 68,
    52, 69,
    52, 70,
    52, 71,
    52, 77,
    52, 78,
    52, 79,
    52, 80,
    52, 81,
    52, 82,
    52, 83,
    52, 84,
    52, 85,
    52, 86,
    52, 87,
    52, 88,
    52, 89,
    52, 90,
    52, 97,
    53, 12,
    53, 14,
    53, 15,
    53, 33,
    53, 42,
    53, 51,
    53, 54,
    53, 56,
    53, 57,
    53, 65,
    53, 71,
    53, 83,
    53, 88,
    54, 12,
    54, 13,
    54, 14,
    54, 15,
    54, 33,
    54, 35,
    54, 39,
    54, 42,
    54, 47,
    54, 49,
    54, 51,
    54, 53,
    54, 54,
    54, 58,
    54, 65,
    54, 67,
    54, 68,
    54, 69,
    54, 71,
    54, 77,
    54, 78,
    54, 79,
    54, 80,
    54, 81,
    54, 82,
    54, 83,
    54, 85,
    54, 86,
    54, 87,
    54, 88,
    54, 89,
    54, 90,
    54, 97,
    55, 12,
    55, 13,
    55, 14,
    55, 15,
    55, 35,
    55, 39,
    55, 42,
    55, 47,
    55, 49,
    55, 51,
    55, 58,
    55, 65,
    55, 71,
    55, 90,
    56, 7,
    56, 10,
    56, 13,
    56, 35,
    56, 39,
    56, 42,
    56, 47,
    56, 49,
    56, 51,
    56, 52,
    56, 53,
    56, 65,
    56, 67,
    56, 68,
    56, 69,
    56, 70,
    56, 79,
    56, 81,
    56, 84,
    56, 85,
    56, 86,
    56, 87,
    56, 88,
    56, 89,
    56, 90,
    56, 97,
    57, 12,
    57, 13,
    57, 14,
    57, 15,
    57, 26,
    57, 27,
    57, 31,
    57, 33,
    57, 35,
    57, 39,
    57, 42,
    57, 47,
    57, 49,
    57, 51,
    57, 52,
    57, 53,
    57, 58,
    57, 65,
    57, 67,
    57, 68,
    57, 69,
    57, 71,
    57, 77,
    57, 78,
    57, 79,
    57, 80,
    57, 81,
    57, 82,
    57, 83,
    57, 84,
    57, 85,
    57, 86,
    57, 87,
    57, 88,
    57, 89,
    57, 90,
    57, 97,
    58, 13,
    58, 33,
    58, 35,
    58, 39,
    58, 42,
    58, 47,
    58, 49,
    58, 51,
    58, 53,
    58, 54,
    58, 55,
    58, 57,
    58, 58,
    58, 65,
    58, 67,
    58, 68,
    58, 69,
    58, 70,
    58, 71,
    58, 79,
    58, 81,
    58, 84,
    58, 85,
    58, 86,
    58, 87,
    58, 88,
    58, 89,
    58, 97,
    59, 42,
    59, 74,
    60, 52,
    60, 53,
    60, 54,
    60, 55,
    60, 57,
    60, 71,
    60, 74,
    60, 86,
    60, 87,
    60, 89,
    65, 10,
    65, 31,
    65, 52,
    65, 54,
    65, 55,
    65, 57,
    65, 84,
    66, 7,
    66, 10,
    66, 12,
    66, 13,
    66, 14,
    66, 31,
    66, 52,
    66, 54,
    66, 56,
    66, 57,
    66, 60,
    66, 65,
    66, 70,
    66, 83,
    66, 84,
    66, 86,
    66, 87,
    66, 88,
    66, 89,
    66, 90,
    67, 13,
    67, 52,
    67, 54,
    67, 57,
    67, 65,
    67, 67,
    67, 68,
    67, 69,
    67, 71,
    67, 79,
    67, 81,
    67, 84,
    67, 86,
    67, 87,
    67, 88,
    67, 89,
    67, 97,
    69, 10,
    69, 13,
    69, 31,
    69, 42,
    69, 51,
    69, 52,
    69, 54,
    69, 55,
    69, 57,
    69, 60,
    69, 65,
    69, 70,
    69, 71,
    69, 84,
    69, 86,
    69, 87,
    69, 88,
    69, 89,
    69, 90,
    69, 97,
    70, 2,
    70, 7,
    70, 9,
    70, 12,
    70, 13,
    70, 14,
    70, 15,
    70, 31,
    70, 52,
    70, 54,
    70, 55,
    70, 56,
    70, 57,
    70, 60,
    70, 61,
    70, 65,
    70, 67,
    70, 68,
    70, 69,
    70, 71,
    70, 74,
    70, 79,
    70, 81,
    70, 83,
    70, 86,
    70, 88,
    70, 90,
    70, 93,
    70, 97,
    71, 9,
    71, 10,
    71, 15,
    71, 31,
    71, 52,
    71, 57,
    71, 61,
    71, 65,
    71, 67,
    71, 68,
    71, 69,
    71, 74,
    71, 79,
    71, 81,
    71, 86,
    71, 87,
    71, 89,
    71, 90,
    71, 93,
    71, 97,
    72, 10,
    72, 31,
    72, 52,
    72, 54,
    72, 57,
    75, 10,
    75, 12,
    75, 13,
    75, 14,
    75, 26,
    75, 27,
    75, 31,
    75, 52,
    75, 57,
    75, 65,
    75, 67,
    75, 68,
    75, 69,
    75, 71,
    75, 74,
    75, 79,
    75, 81,
    75, 84,
    75, 85,
    75, 88,
    75, 90,
    75, 97,
    76, 74,
    77, 10,
    77, 31,
    77, 52,
    77, 54,
    77, 57,
    78, 10,
    78, 31,
    78, 52,
    78, 54,
    78, 57,
    79, 7,
    79, 10,
    79, 12,
    79, 13,
    79, 14,
    79, 31,
    79, 52,
    79, 54,
    79, 56,
    79, 57,
    79, 60,
    79, 65,
    79, 70,
    79, 83,
    79, 84,
    79, 86,
    79, 87,
    79, 88,
    79, 89,
    79, 90,
    80, 7,
    80, 10,
    80, 12,
    80, 13,
    80, 14,
    80, 31,
    80, 52,
    80, 54,
    80, 56,
    80, 57,
    80, 60,
    80, 65,
    80, 70,
    80, 83,
    80, 84,
    80, 86,
    80, 87,
    80, 88,
    80, 89,
    80, 90,
    81, 10,
    81, 52,
    81, 54,
    81, 57,
    82, 12,
    82, 13,
    82, 14,
    82, 15,
    82, 26,
    82, 27,
    82, 33,
    82, 42,
    82, 58,
    82, 60,
    82, 65,
    82, 67,
    82, 68,
    82, 69,
    82, 71,
    82, 79,
    82, 81,
    82, 83,
    82, 86,
    82, 87,
    82, 89,
    82, 90,
    82, 97,
    83, 10,
    83, 13,
    83, 31,
    83, 52,
    83, 54,
    83, 57,
    83, 84,
    84, 12,
    84, 13,
    84, 14,
    84, 15,
    84, 26,
    84, 27,
    84, 31,
    84, 52,
    84, 57,
    84, 65,
    84, 67,
    84, 68,
    84, 69,
    84, 71,
    84, 79,
    84, 81,
    84, 83,
    84, 84,
    84, 88,
    84, 97,
    85, 10,
    85, 52,
    85, 54,
    85, 57,
    86, 10,
    86, 12,
    86, 13,
    86, 14,
    86, 15,
    86, 33,
    86, 42,
    86, 52,
    86, 54,
    86, 57,
    86, 58,
    86, 65,
    86, 67,
    86, 68,
    86, 69,
    86, 74,
    86, 79,
    86, 81,
    86, 90,
    87, 10,
    87, 12,
    87, 14,
    87, 15,
    87, 33,
    87, 42,
    87, 52,
    87, 54,
    87, 56,
    87, 57,
    87, 65,
    87, 67,
    87, 68,
    87, 69,
    87, 74,
    87, 79,
    87, 81,
    87, 90,
    88, 2,
    88, 10,
    88, 12,
    88, 13,
    88, 14,
    88, 27,
    88, 35,
    88, 39,
    88, 47,
    88, 49,
    88, 51,
    88, 52,
    88, 54,
    88, 56,
    88, 57,
    88, 65,
    88, 67,
    88, 68,
    88, 69,
    88, 79,
    88, 81,
    88, 84,
    88, 89,
    88, 97,
    89, 12,
    89, 14,
    89, 15,
    89, 42,
    89, 52,
    89, 54,
    89, 56,
    89, 57,
    89, 65,
    89, 67,
    89, 68,
    89, 69,
    89, 74,
    89, 79,
    89, 81,
    89, 88,
    89, 90,
    90, 13,
    90, 52,
    90, 57,
    90, 65,
    90, 67,
    90, 68,
    90, 69,
    90, 71,
    90, 79,
    90, 81,
    90, 85,
    90, 86,
    90, 89,
    90, 97,
    91, 42,
    91, 74,
    97, 33,
    97, 51,
    97, 52,
    97, 54,
    97, 56,
    97, 57,
    97, 58,
    97, 88,
    99, 107,
    101, 107,
    101, 110,
    103, 104,
    103, 107,
    103, 123,
    104, 107,
    104, 120,
    107, 100,
    107, 101,
    107, 111,
    109, 104,
    109, 105,
    109, 107,
    110, 138,
    113, 114,
    113, 120,
    113, 121,
    113, 124,
    113, 125,
    113, 128,
    113, 133,
    113, 134,
    113, 139,
    113, 141,
    113, 145,
    113, 146,
    114, 120,
    114, 121,
    114, 126,
    114, 133,
    114, 134,
    114, 139,
    118, 120,
    118, 121,
    118, 139,
    119, 126,
    119, 145,
    120, 116,
    120, 120,
    120, 121,
    120, 126,
    120, 133,
    120, 134,
    120, 139,
    120, 141,
    121, 120,
    121, 121,
    121, 139,
    122, 115,
    123, 126,
    123, 133,
    123, 134,
    123, 139,
    124, 133,
    124, 134,
    125, 133,
    125, 134,
    126, 138,
    127, 139,
    128, 139,
    130, 139,
    133, 131,
    133, 132,
    133, 145,
    134, 131,
    134, 132,
    134, 145,
    135, 139,
    135, 145,
    139, 135,
    139, 136,
    141, 122,
    141, 139,
    141, 145,
    142, 139,
    144, 133,
    144, 134,
    145, 126,
    145, 135,
    145, 136,
    145, 139,
    146, 107,
    146, 113,
    146, 123,
    146, 124,
    146, 125,
    146, 126,
    146, 133,
    146, 134,
    146, 135,
    146, 136,
    146, 139,
    146, 145
};

/* Kerning between the respective left and right glyphs
 * 4.4 format which needs to scaled with `kern_scale`*/
static const int8_t kern_pair_values[] =
{
    -75, -75, -36, -62, -8, -8, -21, -21,
    -21, -21, -21, -14, -14, 50, -62, -89,
    -65, -14, -43, -23, -61, -9, -9, -9,
    15, -9, -9, -31, -23, -16, -14, -14,
    -13, -32, -14, -8, -19, -44, -14, -18,
    -6, -10, -62, -89, -65, -14, -43, -23,
    -61, -9, -9, -9, 15, -9, -9, -31,
    -23, -16, -14, -28, -8, -8, -53, -8,
    -8, -17, -22, -22, -22, -8, 15, 15,
    -22, -22, 4, -14, -34, -18, 1, -34,
    -18, 1, -36, -62, -18, -5, -8, -8,
    -8, -8, -36, -12, -10, 1, -10, -6,
    -28, 13, -8, 13, -10, -5, -6, -4,
    -4, -6, -17, -21, -12, -10, -17, -5,
    -4, -4, -10, -4, -8, -10, -8, -8,
    -10, -14, -18, -20, -20, -8, -20, -20,
    -17, -13, -10, -4, -4, -4, -6, -8,
    -14, -19, -8, -10, -8, -10, -35, -24,
    -13, -8, -27, -17, -8, -5, -13, -14,
    -14, -10, -6, -8, -8, -8, -8, -8,
    -17, -8, -21, -8, -48, -48, -47, -26,
    -8, -8, -91, -8, -8, -14, 1, 1,
    -17, -1, -21, -23, -10, -10, -10, -17,
    -14, -14, -10, -14, -10, -14, -14, -8,
    -12, -14, -12, -18, -12, -20, -10, -19,
    -4, -14, -10, -4, -17, -17, -28, -15,
    -28, -20, -6, -8, -14, -14, -14, -14,
    -7, -13, -10, -9, -8, -12, -6, -6,
    -6, -8, -6, -6, -23, -11, -14, -12,
    -12, -14, -10, -31, -57, -99, -36, -22,
    -18, -18, -18, -18, -16, -79, -20, -51,
    -37, -50, -53, -9, -9, -9, -10, -4,
    -9, -9, -14, -8, -25, -23, -25, -61,
    -24, -13, -8, -27, -17, -8, -5, -13,
    -14, -14, -10, -6, -74, -23, -74, -52,
    -34, -96, -8, -17, -17, -8, -54, -29,
    -17, -17, -17, -21, -17, -17, -8, -10,
    -14, -6, -24, -13, -8, -27, -17, -8,
    -5, -13, -14, -14, -10, -6, -8, -20,
    -4, -13, -10, -10, 2, 2, -4, -2,
    -8, -4, -8, -8, -8, -4, -8, -8,
    -6, -6, -8, -12, 7, -10, -10, -14,
    -10, -17, -2, -9, -70, -48, -70, -60,
    -14, -14, -28, -17, -17, -84, -17, -17,
    -28, -14, -10, -36, -48, -44, -44, -44,
    -13, -48, -32, -32, -44, -32, -44, -32,
    -39, -13, -32, -23, -24, -28, -23, -50,
    -43, -12, -12, -22, -12, -32, -8, -4,
    -8, -10, -4, -8, -4, -6, -43, -14,
    -43, -32, -10, -8, -8, -48, -8, -8,
    -8, -8, 5, -14, -16, -11, -11, -11,
    -16, -14, -14, -11, -14, -11, -14, -9,
    -21, -7, -7, -11, -7, -18, -9, -23,
    -8, -23, -21, -5, -5, -44, -5, -5,
    -5, -5, -12, -10, -8, -8, -8, -19,
    -13, -13, -2, -13, -13, -10, -14, -8,
    -8, -6, -6, -6, -12, -6, -6, -12,
    -8, -12, -10, -8, -12, -10, -28, -59,
    -44, -59, -45, -17, -17, -6, -10, -10,
    -10, -66, -10, -10, -12, -10, -8, -18,
    -45, -28, -28, -28, -40, -28, -28, -28,
    -28, -28, -28, -28, -20, -23, -10, -17,
    -23, -10, -32, -31, -24, -5, -14, -14,
    -23, -14, -14, -21, -8, -5, -5, -10,
    -12, -12, -16, -16, -16, -14, -11, -16,
    -16, -10, -17, -12, -12, -17, -12, -40,
    -14, 50, -57, -21, -36, -21, -48, 20,
    46, -14, -8, 7, -36, -9, -17, -12,
    -4, -17, -10, -21, -18, -8, 2, -8,
    -9, -39, -14, -4, -31, -18, -11, -3,
    -3, -13, -4, -4, -13, -4, -5, -14,
    -14, -10, -17, -8, -16, -16, -16, -8,
    -16, -16, -8, 2, 2, 3, 2, -10,
    -24, 5, -6, -14, -14, -17, -12, -8,
    -18, -14, -11, -3, -8, -8, 2, 2,
    -6, 2, -1, -4, 7, 24, 31, -34,
    -10, -34, -11, 16, 28, 41, 28, 20,
    37, 39, 31, -14, -8, -8, -8, -11,
    -8, -8, -8, -4, 7, -4, -10, 31,
    -14, 7, -23, 29, -25, -18, -10, 7,
    -12, -10, -10, -10, 22, -10, -10, -4,
    -4, 8, -10, 7, -6, -24, -6, -17,
    -8, -12, -16, 7, -28, 7, 7, 7,
    -9, -24, -9, -8, -13, -13, -13, -8,
    -8, -13, -13, -15, -10, -6, -6, -18,
    3, -24, -6, -17, -8, -12, -24, -6,
    -17, -8, -12, -21, -18, -8, 2, -8,
    -9, -39, -14, -4, -31, -18, -11, -3,
    -3, -13, -4, -4, -13, -4, -5, -21,
    -18, -8, 2, -8, -9, -39, -14, -4,
    -31, -18, -11, -3, -3, -13, -4, -4,
    -13, -4, -5, -17, -14, -10, -21, -37,
    -17, -37, -24, 15, 15, -10, -36, -8,
    7, -17, -8, -8, -8, -8, -8, -8,
    -4, 15, 11, 15, -4, -12, -34, 5,
    -9, -17, -8, -14, -14, 3, -18, 3,
    5, 7, 7, -18, -10, -4, -16, -10,
    -10, -10, -8, -10, -10, -8, -14, -12,
    -14, -17, -14, -10, -21, -9, -23, -6,
    -23, -14, -9, -28, -14, -7, -10, -8,
    -14, -4, -4, -4, -8, -4, -4, -17,
    -9, -26, -26, -6, -4, -21, -17, -7,
    -10, -17, -8, -4, -4, -4, -8, -4,
    -4, -13, -10, -16, 3, -10, -6, 3,
    -8, -8, -8, -8, -4, -23, -11, -8,
    -23, -8, -13, -13, -13, -13, -13, -17,
    -2, -14, -23, -23, -11, -28, -14, -4,
    -4, -6, -14, -4, -4, -4, -8, -4,
    -4, -10, -17, -12, -18, -21, -17, -8,
    -8, -8, -5, -8, -8, -8, -4, -4,
    -9, -14, 50, -17, -17, -43, -18, -18,
    -38, -26, -14, -17, -17, -12, -12, -17,
    -12, 6, -17, -17, -17, -12, -12, -12,
    -17, -23, -29, -29, -29, -23, -23, -12,
    -23, -12, -40, -6, -23, -35, -12, -12,
    -17, -12, -12, -12, -12, -12, -17, -17,
    -17, -6, -23, -23, -17, -29, -29, -46,
    -17, -12, -12, -12, -23, -12, -23, -23,
    -12, -17, -17, -35, -35, -17, -12, -12,
    -12, 17, 17, 29, 17, 17, 29, -17,
    12, -35, -35, -12, -12, -12, -12, -12,
    -12, -12, -17, -17, -12, -35, -23, -12,
    -12, -12, -29, -6, -6, -35, -35, -17,
    -29
};

/*Collect the kern pair's data in one place*/
static const lv_font_fmt_txt_kern_pair_t kern_pairs =
{
    .glyph_ids = kern_pair_glyph_ids,
    .values = kern_pair_values,
    .pair_cnt = 985,
    .glyph_ids_size = 0
};

/*--------------------
 *  ALL CUSTOM DATA
 *--------------------*/

#if LVGL_VERSION_MAJOR == 8
/*Store all the custom data of the font*/
static  lv_font_fmt_txt_glyph_cache_t cache;
#endif

#if LVGL_VERSION_MAJOR >= 8
static const lv_font_fmt_txt_dsc_t font_dsc = {
#else
static lv_font_fmt_txt_dsc_t font_dsc = {
#endif
    .glyph_bitmap = glyph_bitmap,
    .glyph_dsc = glyph_dsc,
    .cmaps = cmaps,
    .kern_dsc = &kern_pairs,
    .kern_scale = 16,
    .cmap_num = 3,
    .bpp = 1,
    .kern_classes = 0,
    .bitmap_format = 0,
#if LVGL_VERSION_MAJOR == 8
    .cache = &cache
#endif
};



/*-----------------
 *  PUBLIC FONT
 *----------------*/

/*Initialize a public general font descriptor*/
#if LVGL_VERSION_MAJOR >= 8
const lv_font_t jaTitle = {
#else
lv_font_t jaTitle = {
#endif
    .get_glyph_dsc = lv_font_get_glyph_dsc_fmt_txt,    /*Function pointer to get glyph's data*/
    .get_glyph_bitmap = lv_font_get_bitmap_fmt_txt,    /*Function pointer to get glyph's bitmap*/
    .line_height = 37,          /*The maximum line height required by the font*/
    .base_line = 0,             /*Baseline measured from the bottom of the line*/
#if !(LVGL_VERSION_MAJOR == 6 && LVGL_VERSION_MINOR == 0)
    .subpx = LV_FONT_SUBPX_NONE,
#endif
#if LV_VERSION_CHECK(7, 4, 0) || LVGL_VERSION_MAJOR >= 8
    .underline_position = -4,
    .underline_thickness = 2,
#endif
    .dsc = &font_dsc,          /*The custom font data. Will be accessed by `get_glyph_bitmap/dsc` */
#if LV_VERSION_CHECK(8, 2, 0) || LVGL_VERSION_MAJOR >= 9
    .fallback = NULL,
#endif
    .user_data = NULL,
};



#endif /*#if JATITLE*/

